Question,Answer
Loại tài khoản của NAA là gì?,NAA có thể được mở cả dưới dạng Tài khoản Vãng lai và Tài khoản Tiết kiệm.
Có bao nhiêu Gói Bảo hiểm Nhân thọ Jubilee có sẵn?,"• Gói Tiết kiệm và Bảo vệ Jubilee Life - Gói Bảo vệ Trọn đời và Tiết kiệm
• Gói Giáo dục Jubilee Life - Gói Thời hạn Có hạn (Quyền lợi Tiếp tục)
• Gói Hôn nhân Jubilee Life - Gói Thời hạn Có hạn (Quyền lợi Tiếp tục)
• Gói Hưu trí Jubilee Life - Tiết kiệm & Bảo vệ"
Có phạt rút tiền trước hạn trong Tiền gửi có kỳ hạn NUST Maximiser không?,"Việc rút tiền Tiền gửi có kỳ hạn NUST Maximiser trước ngày đáo hạn sẽ chịu mức phạt rút tiền trước hạn như sau: Số tiền gốc x 1,5% mỗi năm cho thời gian còn lại của Tiền gửi có kỳ hạn. (Ví dụ: nếu một giao dịch được đặt cho 5 năm nhưng rút sau 2 năm – mức phạt/phí sẽ là 4,5% x Số tiền Gốc). Mức phạt/phí tối thiểu là 1,5% số tiền gốc. Số tiền phạt sẽ chỉ trong phạm vi lợi nhuận đã trả/ có thể trả."
Tôi có thể nhận kiều hối tại Pakistan nếu không có tài khoản ngân hàng ở bất kỳ ngân hàng nào không?,Bạn có thể nhận kiều hối từ bất kỳ chi nhánh nào trong số 600+ chi nhánh trong nước của NUST trên toàn quốc nếu bạn có CNIC hợp lệ và Mã số Tham chiếu Giao dịch Duy nhất / Mã pin.
Thời hạn tối đa của Tài chính Nhà máy Bột mì NUST là bao lâu?,Tối đa 1 năm theo các hành lang dọn dẹp.
Tiêu chí thu nhập tối thiểu hàng tháng là gì?,"Người hưởng lương: Cố định 50.000 Rs/-, Hợp đồng 60.000 Rs/-, Nhân viên Chính phủ Hợp đồng 75.000 Rs/-; Lực lượng Vũ trang: 25.000 Rs/-."
Độ tuổi tối thiểu để đăng ký Tài chính Thế chấp NUST là bao nhiêu?,"Người hưởng lương: 21 tuổi, Tự kinh doanh/Tự hành nghề: 23 tuổi."
Ai có thể đăng ký vay Tài chính Ô tô NUST?,• Cá nhân hưởng lương. • Người khuyết tật đặc biệt/Người khiếm thị/Người khuyết tật (PWD). • Doanh nhân tự làm chủ/Nữ doanh nhân tự làm chủ (SEB). • Cá nhân có bất kỳ nguồn thu nhập có thể xác minh được nào khác. • Chuyên gia tự làm chủ (SEP).
Tôi muốn tìm hiểu về việc mở tài khoản vãng lai cho mục đích kinh doanh tại Ngân hàng của Quý vị. Xin vui lòng cho tôi biết những lựa chọn mà tôi có?,"Tài khoản Doanh nghiệp NUST Value Premium phù hợp nhất cho các doanh nghiệp vừa và lớn, các công ty hợp danh và các tổ chức doanh nghiệp."
Tài khoản Số Freelancer NUST là gì?,"Tài khoản Số Freelancer NUST là một tài khoản được thiết kế riêng cho các freelancer, cung cấp giải pháp ngân hàng số tiện lợi giúp quản lý thanh toán, tiết kiệm và chi phí một cách hiệu quả."
Thời hạn tối đa tại NUST Hunarmand Finance là bao lâu?,Khoản vay dài hạn: Tối đa 8 năm (Thời gian ân hạn tối đa 1 năm). Khoản vay vốn lưu động: Tối đa 5 năm (Thời gian ân hạn tối đa 2 năm). Phần lãi suất sẽ được thu trong thời gian ân hạn.
NUST Ujala Finance được cung cấp cho những mục đích nào?,"Doanh nghiệp vừa và nhỏ (SME), Nhân viên NUST và Hộ gia đình: Phát điện để tự sử dụng hoặc cung cấp cho công ty phân phối / NEPRA. Nhà cung cấp/Nhà bán lẻ: Cho thuê tiếp thiết bị năng lượng tái tạo / bán hàng trả chậm / cho thuê hoặc bán điện cho người dùng cuối cùng."
Tôi nên liên hệ với ai trong trường hợp cần khiếu nại về Dịch vụ Chuyển tiền về Nhà?,"Đối với mọi thắc mắc/khiếu nại liên quan đến Dịch vụ Chuyển tiền về Nhà, bạn có thể liên hệ với Trung tâm Dịch vụ Chuyển tiền chuyên trách của chúng tôi qua số UAN 021-111-000-787. Bạn cũng có thể gửi email thắc mắc/khiếu nại đến địa chỉ remittance@NUSTbank.com.pk"
Ngân hàng NUST có cung cấp bất kỳ hình thức tài trợ nào đặc biệt cho các doanh nghiệp vừa và nhỏ do phụ nữ làm chủ không?,Sản phẩm 'Tài chính NUST Sahar' được xây dựng dựa trên Chương trình Tái cấp vốn và Bảo lãnh Tín dụng cho Nữ doanh nhân. Mục tiêu của sản phẩm này là cung cấp các dịch vụ tài chính cho các doanh nghiệp do phụ nữ làm chủ để đáp ứng nhu cầu tín dụng cho hoạt động kinh doanh của họ.
NUST4Car – Cơ sở Tài chính Ô tô của Ngân hàng NUST là gì?,"NUST4Car là một cơ sở tài chính ô tô do Ngân hàng NUST cung cấp, hỗ trợ các cá nhân tài trợ cho việc mua xe ô tô thông qua các kế hoạch trả góp dễ dàng và lãi suất cạnh tranh."
Tôi có thể thế chấp tài sản sở hữu để vay vốn không?,"Có, mục đích vay vốn phải phù hợp với mục đích được cơ quan quản lý quy định, bao gồm: Vay để xây dựng nhà trên lô đất ở thuộc sở hữu, Dịch vụ Chuyển nhượng Dư nợ (BTF) thay thế khoản vay hiện có của khách hàng từ các ngân hàng/Tổ chức Tài chính Phát triển (DFIs) khác, Cải tạo nhà/căn hộ/chung cư/đơn vị nhà ở thuộc sở hữu, Mở rộng/Cải thiện đơn vị nhà ở."
Phí xử lý cho Đơn xin Tài chính của NUST Sahar là bao nhiêu?,Lên đến 0.70 triệu Rupee: 2000 Rupee (Không hoàn lại). Trên 0.70 triệu và lên đến 5 triệu Rupee: 3000 Rupee (Không hoàn lại).
Tài khoản Chuyển Tiền PakWatan có cho phép ghi có nội địa không?,Tài khoản Chuyển Tiền PakWatan cũng cho phép ghi có nội địa.
Ngân hàng NUST có tham gia PMYB & ALS không?,"Ngân hàng NUST đang tích cực tham gia PMYB&ALS. Chương trình này được thiết kế đặc biệt để tạo cơ hội tự tạo việc làm cho thanh niên thất nghiệp trong nước có kỹ năng, kiến thức, kinh nghiệm hoặc mong muốn bắt đầu kinh doanh riêng với quy mô nhỏ đến trung bình hoặc mở rộng quy mô kinh doanh hiện có."
Ngân hàng NUST có cung cấp bất kỳ hình thức tài trợ nào dựa trên tài sản đảm bảo thanh khoản không?,"Gói Tài trợ Kinh doanh NUST Fauri đã được triển khai nhằm cung cấp một giải pháp nhanh chóng để đáp ứng nhu cầu tài chính kinh doanh cho các khách hàng vay mới. Sản phẩm này được cung cấp để đáp ứng các nhu cầu ngắn hạn, trung hạn và dài hạn của doanh nghiệp, đồng thời có sẵn cho các Doanh nghiệp vừa và nhỏ (SME) & Thương mại thuộc mọi lĩnh vực đủ điều kiện theo sổ tay chính sách tín dụng của NUST."
Bancassurance được cung cấp bởi ba công ty cung cấp bảo hiểm sau:,· Công ty TNHH Bảo hiểm Nhân thọ NUST · Công ty TNHH Bảo hiểm Nhân thọ EFU · Công ty TNHH Bảo hiểm Nhân thọ Jubilee
Các Thông Tin Quan Trọng Khác về Kế hoạch Bảo hiểm EFU,"- Chỉ có Kế hoạch Giáo dục và Hôn nhân là Kế hoạch thời gian hạn chế với Quyền lợi Tiếp tục (trong trường hợp tử vong, khoản thanh toán sẽ được thực hiện khi đáo hạn)
- Kế hoạch Đóng Phí Một Lần có thể chấm dứt bất cứ lúc nào, trong trường hợp tử vong, Giá trị Hoàn lại hoặc Số tiền Bảo đảm, tùy theo giá trị nào cao hơn, sẽ được chi trả
- Các phương thức Thanh toán Phí Bảo hiểm Hàng năm / Nửa năm / Quý có sẵn theo sự thuận tiện của khách hàng
- Kế hoạch Tăng trưởng Mạnh là kế hoạch rủi ro cao, phụ thuộc vào hồ sơ khách hàng
- Các Khiếu nại Tử vong sẽ được EFU xử lý với điều kiện hoàn tất các tài liệu theo yêu cầu và chỉ đủ điều kiện nếu tình trạng hợp đồng là Đang hoạt động, Đang có hiệu lực/Đã phục hồi"
Các khoản phí dịch vụ/tài liệu/pháp lý trong Tài chính Xay xát Bột mì NUST là bao nhiêu?,Theo thực tế.
Có loại thuế nào áp dụng cho tài khoản này không?,Zakat và các loại thuế khác được áp dụng theo quy định của pháp luật.
Các lợi ích miễn phí của Tài khoản Số NUST Freelancer là gì?,"Phát hành miễn phí sổ séc đầu tiên (25 tờ)
Phát hành miễn phí lần đầu Thẻ Visa Debit
Giao miễn phí Sổ séc và Thẻ Debit lần đầu
Dịch vụ cảnh báo SMS miễn phí (Giao dịch số)
Bảo hiểm/Takaful tử vong và thương tật do tai nạn miễn phí lên đến 2,5 triệu PKR với số dư trung bình hàng tháng là 100,000 PKR"
Phí bảo hiểm là bao nhiêu?,Tính theo thực tế.
Tỷ lệ lợi nhuận cho tài khoản tiết kiệm ngoại tệ là bao nhiêu?,"Tỷ lệ lợi nhuận cho USD: 0,0025, GBP: 0,0025, EUR: 0."
Tỷ lệ đánh dấu hiện tại của Tài chính NUST Ujala là bao nhiêu?,6% mỗi năm cho tất cả mọi người. Tỷ lệ đánh dấu ở mức 12M Kibor + 4% mỗi năm sẽ được tính cho đến khi khoản yêu cầu tái tài trợ được Ngân hàng Nhà nước Pakistan (SBP) hoàn trả.
Ngân hàng NUST có cung cấp bất kỳ hình thức tài trợ nào đặc biệt cho việc sở hữu và nâng cao năng lực cơ sở kinh doanh không?,Ngân hàng NUST đã xây dựng một sản phẩm tài chính mới 'NUST Imarat Finance' thuộc phân khúc SME. Sản phẩm được phát triển nhằm ổn định hoạt động kinh doanh của các doanh nghiệp SME thông qua việc giúp họ sở hữu cơ sở kinh doanh (theo hình thức tài trợ thế chấp các tòa nhà thương mại/công nghiệp đô thị) để nâng cao năng lực cho các SME. Sản phẩm được thiết kế dành cho các SME thuộc sở hữu của công chúng nói chung cũng như các sĩ quan quân đội đã nghỉ hưu và gia đình của các sĩ quan đang tại ngũ.
Khoản thanh toán Freelance có thể được thực hiện thông qua PRI không?,"Có, khoản thanh toán Freelance được cho phép theo các thỏa thuận cụ thể với các đối tác liên kết với mục đích được cho phép theo hướng dẫn của SBP."
"Tôi muốn hỏi về việc mở Tài khoản Chuyển tiền Kỹ thuật số, xin hãy cho biết có những lựa chọn nào?","Tài khoản Chuyển tiền Kỹ thuật số NUST Asaan được thiết kế đặc biệt cho Cá nhân Cư trú Pakistan, những người muốn nhận kiều hối từ gia đình và bạn bè đang sinh sống ở nước ngoài, trực tiếp vào tài khoản ngân hàng mà không cần phải đến chi nhánh."
Thời hạn tài trợ tối thiểu và tối đa là bao lâu?,Tối thiểu 01 năm. Tối đa 04 năm (lên đến 7 năm đối với Khoản vay Giáo dục) hoặc theo Quy định ưu tiên hiện hành của Ngân hàng Nhà nước Pakistan (SBP PRs).
Các lợi ích miễn phí của Tài khoản Chuyển tiền Kỹ thuật số NUST Asaan là gì?,"Một số lợi ích miễn phí của Tài khoản Chuyển tiền Kỹ thuật số NUST Asaan bao gồm: Phát hành miễn phí sổ séc đầu tiên (25 tờ), Phát hành thẻ ghi nợ PayPak đầu tiên miễn phí, Giao sổ séc và thẻ ghi nợ đầu tiên miễn phí, Dịch vụ cảnh báo SMS miễn phí (Giao dịch kỹ thuật số), Bản sao kê điện tử và Ngân hàng trực tuyến miễn phí, Gửi tiền mặt/Rút tiền trực tuyến liên chi nhánh miễn phí, Chuyển khoản nội bộ miễn phí trong NUST qua chi nhánh, Phát hành séc ngân hàng miễn phí và Bảo hiểm/Takaful tử vong và thương tật do tai nạn miễn phí lên tới 2,5 triệu PKR với số dư trung bình hàng tháng là 100.000 PKR."
Ngân hàng có chịu trách nhiệm về việc chậm trễ trong đặt chỗ hoặc giao xe không?,"Không. Ngân hàng không chịu bất kỳ trách nhiệm nào trong vấn đề này, vì điều đó nằm ngoài tầm kiểm soát của ngân hàng."
Tần suất hoàn trả phí đánh dấu trong Ask Fauri Business Finance là gì?,"AFBF-1: Hàng tháng / Hàng quý, AFBF-2: Hàng tháng / Hàng quý, AFBF-3: Trả trước, AFBF-4: Trả trước."
Tài khoản Doanh nghiệp Value Plus (VP-BA) là gì?,Tài khoản Doanh nghiệp Value Plus (VP-BA) là một tài khoản doanh nghiệp cung cấp một loạt lợi ích và giải pháp được thiết kế riêng để các doanh nghiệp quản lý giao dịch tài chính của họ một cách hiệu quả.
Tôi nên liên hệ với ai trong trường hợp cần khiếu nại về Dịch vụ Chuyển tiền về nhà?,"Đối với mọi thắc mắc/khiếu nại liên quan đến Dịch vụ Chuyển tiền về nhà, bạn có thể liên hệ Trung tâm Dịch vụ Chuyển tiền chuyên trách của chúng tôi theo số UAN 021-111-000-787. Bạn cũng có thể gửi email thắc mắc/khiếu nại đến địa chỉ remittance@NUSTbank.com.pk"
Phí xử lý cho Đơn xin Tài chính NUST Imarat là bao nhiêu?,"30.000 Rs hoặc 0,2% số tiền vay, tùy theo mức nào cao hơn (Không hoàn lại)."
Ngân hàng có chịu trách nhiệm về việc chậm trễ trong đặt chỗ hoặc giao xe không?,"Không. Ngân hàng không chịu bất kỳ trách nhiệm nào trong vấn đề này, vì điều đó nằm ngoài tầm kiểm soát của ngân hàng."
Mục đích cung cấp Tài chính NUST Imarat là gì?,"AIF 1: Mua lại/Mua bất động sản thương mại/công nghiệp đô thị đã xây dựng/văn phòng và cơ sở thương mại cho hoạt động kinh doanh. AIF 2: Xây dựng trên lô đất thương mại/công nghiệp đô thị thuộc sở hữu tự có. AIF 3: Xây dựng bổ sung trên tòa nhà/trung tâm thương mại công nghiệp/đô thị đã xây dựng trước đó. AIF 4: Cải tạo, nâng cấp tài sản/trung tâm thương mại/cơ sở kinh doanh thương mại/công nghiệp đô thị thuộc sở hữu tự có."
Có độ tuổi tối thiểu nào để được tài trợ tài chính tại NUST Imarat Finance không?,"Kinh doanh mới: Tối thiểu 30 tuổi tại thời điểm nộp đơn, tuy nhiên độ tuổi không được vượt quá 60 tuổi tại thời điểm đáo hạn khoản vay. Kinh doanh hiện có: Tối thiểu 30 tuổi tại thời điểm nộp đơn, tuy nhiên độ tuổi không được vượt quá 65 tuổi tại thời điểm đáo hạn khoản vay."
Thời hạn tối đa cho Khoản vay NUST Ujala là bao lâu?,"i. Người vay SE/ME: 05 năm, bao gồm thời gian ân hạn 03 tháng. ii. Trong nước: 05 năm bao gồm thời gian ân hạn 03 tháng. iii. Nhân viên NUST: 10 năm hoặc theo thời gian công tác còn lại (tùy theo điều kiện nào ngắn hơn), bao gồm thời gian ân hạn 03 tháng. iv. Nhà cung cấp/Nhà cung ứng: 05 năm bao gồm thời gian ân hạn 06 tháng."
Có phí trả chậm nào không?,"1.000 PKR cộng FED cho mỗi lần trả chậm mỗi kỳ trả góp, đã bao gồm thời gian gia hạn. Phí trả chậm sẽ được áp dụng 15 ngày sau khi kỳ trả góp đến hạn, tức là vào ngày thứ 16."
Tài khoản Tiền gửi Đặc biệt NUST (NSDA) là gì?,"Tài khoản Tiền gửi Đặc biệt NUST (NSDA) là một tài khoản tiết kiệm cung cấp các lợi ích đặc biệt, với lãi suất cạnh tranh và kỳ hạn linh hoạt được thiết kế để đáp ứng các mục tiêu tài chính cụ thể của khách hàng."
Chuyển tiền kiều hối là gì?,"Dịch vụ Chuyển tiền kiều hối cho phép người gửi chuyển tiền từ nước ngoài về Pakistan ngay lập tức, thuận tiện và an toàn thông qua kênh ngân hàng hợp pháp."
Phí bảo hiểm là bao nhiêu?,Tính theo thực tế.
Phí bảo hiểm là bao nhiêu?,Tính theo thực tế.
Cần giấy tờ tùy thân nào để mở Tài khoản NUST Waqaar?,"Bản sao của bất kỳ một trong các giấy tờ tùy thân hợp lệ sau: Thẻ Căn cước Công dân (CNIC) do NADRA cấp, Thẻ Căn cước Công dân cho Người Pakistan ở nước ngoài (NICOP) do NADRA cấp, Thẻ Nguồn gốc Pakistan (POC) do NADRA cấp, Hộ chiếu có thị thực hợp lệ hoặc bất kỳ bằng chứng nào khác về việc lưu trú hợp pháp (chỉ dành cho cá nhân là người nước ngoài)."
Ngân hàng NUST có đang cung cấp sản phẩm tài chính nào liên quan đến các giải pháp năng lượng tái tạo/thay thế không?,"Ngân hàng NUST đã xây dựng một sản phẩm tài chính mới với tên gọi 'Tài chính NUST Ujala' dựa trên chương trình tái cấp vốn của Ngân hàng Nhà nước Pakistan (SBP), thuộc phạm vi cho Doanh nghiệp vừa và nhỏ (SME). Chương trình Sản phẩm được phát triển nhằm cung cấp tài chính để lắp đặt thiết bị năng lượng mặt trời như một nguồn năng lượng thay thế."
Yêu cầu tiền gửi ban đầu của Tài khoản Vãng lai NUST Sahar Asaan là bao nhiêu?,Chỉ 100 Rs.
Các tính năng chính của các Gói Bảo hiểm Nhân thọ Jubilee này là gì?,"- Thời gian Xem xét Miễn phí 14 ngày bắt đầu từ ngày khách hàng nhận được Tài liệu Chính sách.
- Hệ thống tăng trưởng Liên kết Đơn vị (JLI phân bổ các đơn vị quỹ tương hỗ cho khách hàng, sự tăng trưởng của chính sách phụ thuộc vào tốc độ tăng trưởng của đơn vị, giống như thị trường chứng khoán).
- Ngân hàng NUST chỉ đóng vai trò là Đại lý Bán hàng Doanh nghiệp, đây là một kế hoạch bảo hiểm không được coi là bất kỳ tài khoản hoặc tiền gửi kỳ hạn nào có lợi nhuận hàng năm cố định.
- Trong trường hợp chấm dứt hợp đồng sớm, chỉ Giá trị Tiền mặt của chính sách sẽ được thanh toán cho khách hàng (tỷ giá thị trường hiện tại của các đơn vị quỹ tương hỗ sẽ được hoàn trả).
- Việc hủy bỏ chính sách và tùy chọn hoàn tiền đầy đủ có sẵn nếu tài liệu chính sách được trả lại trong Thời gian Xem xét Miễn phí (14 ngày kể từ khi nhận được tài liệu).
- Giá trị Tiền mặt của chính sách có thể khác với lợi nhuận dự kiến được cung cấp trong tài liệu minh họa (tài liệu minh họa chỉ mang tính chất tham khảo)."
Tôi sẽ nhận tiền kiều hối bằng loại tiền tệ nào?,Tất cả các khoản thanh toán kiều hối trong nước đều được giải ngân bằng Rupee Pakistan.
Thông tin Quan trọng Khác về Các Gói Bảo hiểm Nhân thọ NUST,"• Gói Munafa Mehfooz là gói kỳ hạn 5 năm có hạn với Phân bổ Cao cho năm đầu tiên và thưởng trung thành trả trước 20% vào năm đầu tiên. • Trong trường hợp chấm dứt Gói Munafa Mehfooz sớm, giá trị khoản thưởng trung thành trả trước sẽ được khấu trừ khỏi giá trị tiền mặt của hợp đồng. • Trong trường hợp tử vong, Giá trị Tiền mặt hoặc Số tiền Bảo đảm (tùy theo giá trị nào cao hơn) sẽ được thanh toán cho người được chỉ định. • Các chế độ Thanh toán Phí Bảo hiểm Hàng năm / Nửa năm / Quý có sẵn theo sự thuận tiện của khách hàng. • Tăng trưởng Hợp đồng phụ thuộc vào tăng trưởng của Quỹ Tương hỗ Liên kết. • Các Khiếu nại Tử vong sẽ được NUST Life xử lý, với điều kiện hoàn tất các tài liệu cần thiết và đủ điều kiện nếu tình trạng hợp đồng chỉ ở trạng thái Đang hiệu lực/Đã phục hồi."
Có độ tuổi tối thiểu nào để được hỗ trợ tài chính theo Chương trình Tài chính Xay xát Bột mì NUST không?,"Tuổi của người vay (trong trường hợp doanh nghiệp tư nhân) phải tối thiểu 20 tuổi, tuy nhiên không được vượt quá 65 tuổi tại thời điểm nộp đơn. Độ tuổi này có thể được linh hoạt trong trường hợp có kế hoạch kế thừa hiệu quả cho hoạt động kinh doanh. Tiêu chí này không áp dụng nếu doanh nghiệp là công ty hợp danh hoặc công ty trách nhiệm hữu hạn."
Mục đích của việc cung cấp Tài chính Xay xát Bột mì NUST là gì?,"Tài chính Tiền mặt (CF): Để đáp ứng nhu cầu vốn lưu động của hoạt động kinh doanh xay xát bột mì cho việc mua sắm lúa mì theo công suất xay xát. Tài chính Hoạt động (RF): Để đáp ứng các nhu cầu vốn lưu động như vận chuyển, lương & tiền công, tiện ích và các chi phí hành chính khác, v.v. (Việc mua sắm lúa mì bằng nguồn vốn RF bị hạn chế)."
Hạn mức cho vay của NUST Imarat Finance là gì?,"AIF 1: Tối thiểu 5,00 triệu Rs & Tối đa 100 triệu Rs. AIF 2: Tối thiểu 5,00 triệu Rs & Tối đa 50 triệu Rs. AIF 3: Tối đa 30 triệu Rs hoặc lên đến 30% giá trị thị trường hợp lý (FSV) của tài sản thế chấp, tùy theo giá trị nào thấp hơn. AIF 4: Tối đa 5 triệu Rs hoặc lên đến 25% giá trị thị trường hợp lý (FSV) của tài sản thế chấp, tùy theo giá trị nào thấp hơn."
Tỷ lệ Mark-up hiện tại của Ask Fauri Business Finance là bao nhiêu?,"AFBF-1: 3MK /COD +1.50%, AFBF-2: 12 MK /COD +2.0%, AFBF-3: Theo SOC, AFBF-4: Theo SOC."
Bản chất của hình thức tài trợ được cung cấp theo Tài trợ Doanh nghiệp Ask Fauri là gì?,"AFBF-1: Tài trợ lưu động, AFBF-2: Khoản vay có kỳ hạn, AFBF-3: Thư bảo lãnh, AFBF-4: Thư tín dụng - Trả ngay / Kỳ hạn."
Người Pakistan ở nước ngoài có thể sử dụng dịch vụ Thẻ tín dụng từ NUST không?,"Có. Cá nhân duy trì tài khoản FC với NUST, người nhận kiều hối/ chủ tài khoản Roshan Digital, chủ sở hữu Chứng chỉ Naya Pakistan có thể đăng ký Thẻ tín dụng NUST MasterCard trên cơ sở thế chấp. Lưu ý: Dịch vụ chỉ được cung cấp trong trường hợp có tài khoản chung FC duy trì với NUST (một người phải cư trú tại Pakistan)."
Ai đủ điều kiện mở tài khoản này?,"Đối tượng đủ điều kiện mở Tài khoản Số Asaan của NUST bao gồm: Lực lượng lao động có tay nghề/không có tay nghề, Người ít học/không biết chữ, Nông dân, Công nhân/Lao động theo ngày, Phụ nữ/Nội trợ, Cá nhân tự kinh doanh và Thanh niên."
RDA Digital Customer Onboarding là gì?,"RDA Digital Customer Onboarding là một dịch vụ đổi mới của Ngân hàng NUST cho phép khách hàng mở và quản lý tài khoản của họ một cách kỹ thuật số, mang lại trải nghiệm liền mạch mà không cần phải đến trực tiếp chi nhánh."
Tài khoản NUST Waqaar là gì?,"Tài khoản NUST Waqaar là một loại tài khoản do Ngân hàng NUST cung cấp, được thiết kế đặc biệt để mang lại các giải pháp ngân hàng chuyên biệt, cung cấp những tính năng phù hợp với nhu cầu của khách hàng về tiết kiệm và giao dịch."
PakWatan Remittance Account là gì?,"PakWatan Remittance Account là một tài khoản chuyên biệt được thiết kế để hỗ trợ việc nhận kiều hối gửi về Pakistan, mang lại cho người thụ hưởng khả năng tiếp cận nguồn tiền một cách dễ dàng và nhanh chóng."
Thị trường mục tiêu của Tài khoản Số Asaan NUST là gì?,Tài khoản Số Asaan NUST được thiết kế đặc biệt cho các phân khúc khách hàng không có tài khoản ngân hàng/ít sử dụng ngân hàng. Tài khoản này phù hợp nhất nhưng không giới hạn cho lực lượng lao động có tay nghề/không có tay nghề.
Vui lòng cho tôi biết về các tiện ích miễn phí được cung cấp trên Tài khoản Vãng lai Value Plus cho Doanh nghiệp khi duy trì số dư trung bình hàng tháng tối thiểu?,Phát hành sổ séc. Sao kê tài khoản bản sao. Phát hành Thẻ ghi nợ (Phí phát sinh/Phí thường niên sẽ theo SOC hiện hành). Tiện ích Ngân hàng trực tuyến. Cảnh báo SMS cho Giao dịch Kỹ thuật số. Bản sao kê điện tử. Gửi tiền/Rút tiền mặt trực tuyến liên chi nhánh (Trực tuyến). Chuyển khoản nội bộ trong NUST qua chi nhánh (Chuyển khoản trực tuyến). Phát hành Séc của Ngân hàng.
Khoản vay có thể được phê duyệt trong bao nhiêu ngày tại Ask Fauri Business Finance?,Thời gian xử lý (TAT) để hoàn tất việc phê duyệt được ấn định là 03 ngày làm việc kể từ ngày hoàn tất hồ sơ tiền phê duyệt.
Có bao nhiêu Kế hoạch Bảo hiểm EFU có sẵn?,"o Kế hoạch Tiết kiệm và Bảo vệ EFU – Kế hoạch Bảo vệ Trọn đời và Tiết kiệm – 18K
o Kế hoạch Giáo dục và Hôn nhân EFU – Kế hoạch Thời hạn Có hạn (Quyền lợi Tiếp tục) – 18K
o Kế hoạch Hưu trí EFU – Tiết kiệm & Bảo vệ – 18K
o Kế hoạch Phí bảo hiểm Đơn lần EFU – Kế hoạch Đầu tư Phí bảo hiểm Một lần – 100K
o Kế hoạch Tăng trưởng Mạnh mẽ EFU – Kế hoạch Đầu tư & Tiết kiệm Phân bổ Cao – 250K"
Có phí thanh toán trễ không?,3.000 Rs mỗi đợt thanh toán.
Lãi suất cho Tài khoản Tiết kiệm NUST Maximiser là bao nhiêu?,Chi trả lãi: Hàng tháng. Lãi suất: 0.19.
Làm thế nào để đăng ký Tài khoản Roshan Digital?,"Khách hàng có thể truy cập trang web của Ngân hàng NUST và nhấp vào 'Đăng ký Tài khoản Roshan Digital' để mở tài khoản. Khách hàng sẽ hoàn thành mẫu đơn mở tài khoản và nộp các tài liệu cần thiết. Yêu cầu mở Tài khoản Roshan Digital của khách hàng sẽ được xử lý trong vòng 48 giờ làm việc. Trong trường hợp có bất kỳ sai sót nào hoặc cần bổ sung thông tin, ngân hàng sẽ liên hệ với khách hàng theo thông tin liên lạc đã cung cấp."
Tài khoản Vãng lai NUST Sahar Asaan có bất kỳ giới hạn giao dịch nào không?,"Hạn mức rút tiền hàng tháng lên đến Rs. 1.000.000, Hạn mức số dư tín dụng tổng lên đến Rs. 1.000.000, Các giao dịch xuyên biên giới (ra ngoài) sẽ không được phép trừ trường hợp giao dịch quốc tế được thực hiện qua thẻ ghi nợ."
Có độ tuổi tối thiểu nào để được hỗ trợ tài chính tại NUST Imarat Finance không?,"Kinh doanh mới: Tối thiểu 30 tuổi tại thời điểm nộp đơn, tuy nhiên độ tuổi không được vượt quá 60 tuổi khi khoản vay đáo hạn. Kinh doanh hiện có: Tối thiểu 30 tuổi tại thời điểm nộp đơn, tuy nhiên độ tuổi không được vượt quá 65 tuổi khi khoản vay đáo hạn."
Thời hạn tài trợ tối thiểu và tối đa là bao lâu?,Tối thiểu 01 năm. Tối đa 04 năm (lên đến 7 năm đối với Khoản vay Giáo dục) hoặc theo Quy định ưu tiên hiện hành của SBP.
Khoản thanh toán Freelance có thể được thực hiện thông qua PRI không?,"Có, khoản thanh toán Freelance được cho phép theo những thỏa thuận cụ thể với các đối tác liên kết phù hợp với mục đích được cho phép theo hướng dẫn của SBP."
Các tính năng chính của Chính sách Bảo hiểm EFU Bancassurance là gì?,"- Bảo vệ Gia đình và Tiết kiệm Dài hạn
- Số tiền Bảo hiểm Tối thiểu = 18.000, Không có Giới hạn Tối đa
- Thời hạn Bảo hiểm Tối thiểu = 10 Năm (Ngoại trừ Kế hoạch Đóng phí Một lần)
- Các quyền lợi bổ sung cũng có sẵn với chi phí (Sản phẩm bổ trợ và bảo hiểm tử kỳ bổ sung)
- EFU Life cung cấp các kế hoạch khác nhau cho khách hàng theo nhu cầu và yêu cầu của khách hàng"
Ai có thể đăng ký Tài chính NUST Ujala?,1. Tài trợ cho Kỹ sư Cơ khí (SE/ME) 2. Tài trợ cho Nhà cung cấp/Nhà phân phối 3. Tài trợ cho Nhân viên NUST 4. Tài trợ cho Ứng viên trong nước (dành riêng cho nhân viên thuộc khu vực doanh nghiệp/chính phủ)
Tài khoản Tiền gửi Thanh toán (CDA) là gì?,"Tài khoản Tiền gửi Thanh toán (CDA) là một loại tài khoản cung cấp cho doanh nghiệp và cá nhân phương thức quản lý các giao dịch hàng ngày, bao gồm gửi tiền, rút tiền và chuyển khoản, mà không có hạn chế về số lượng giao dịch."
Ngân hàng NUST có cung cấp tài khoản nào cho Người Pakistan không định cư (NRP) không?,"Có, Tài khoản Kỹ thuật số Roshan. Được thiết kế đặc biệt cho các cá nhân Người Pakistan không định cư (NRP) muốn thực hiện các hoạt động ngân hàng, thanh toán và đầu tư tại Pakistan."
Ngân hàng có yêu cầu Vốn chủ sở hữu cho chương trình này không?,"Hạng 2: 10% (Doanh nghiệp mới). Hạng 3: 20% (Doanh nghiệp mới). Đối với doanh nghiệp đang hoạt động, không yêu cầu vốn chủ sở hữu."
Tỷ suất lợi nhuận cho Chứng chỉ Tiền gửi Có kỳ hạn Thông báo Rút tiền Ngắn (SNDR) là bao nhiêu?,Kỳ hạn: 7 ngày. Hình thức chi trả: Đến hạn. Tỷ suất lợi nhuận: 0.165.
Hạn mức cho vay của Ask Fauri Business Finance là gì?,Tối đa 200 triệu Rs (Cho tất cả các sản phẩm).
Tôi có thể thực hiện trả nợ lớn cuối kỳ hoặc chấm dứt khoản vay trước hạn không?,"Có, tùy chọn trả nợ lớn cuối kỳ hoặc chấm dứt trước hạn có sẵn cho tất cả khách hàng. Phí sẽ được áp dụng theo biểu phí hiện hành của Ngân hàng / Theo thỏa thuận doanh nghiệp."
Tài khoản Vãng lai NUST Sahar Asaan có bất kỳ Hạn chế Giao dịch nào không?,"Hạn mức rút tiền hàng tháng lên đến Rs. 1.000.000, Tổng hạn mức số dư tín dụng lên đến Rs. 1.000.000, Các giao dịch xuyên biên giới (ra nước ngoài) sẽ không được phép trừ trường hợp giao dịch quốc tế được thực hiện qua thẻ ghi nợ."
Có tiêu chí nào về độ tuổi để được hưởng Tài chính NUST Sahar không?,Kinh doanh Mới: Từ 20-50 tuổi tại thời điểm nộp đơn. Kinh doanh Hiện có: Từ 20-55 tuổi tại thời điểm nộp đơn.
Ngân hàng có chịu trách nhiệm cho bất kỳ loại tranh chấp nào liên quan đến Bảo hành/Lỗi xe/Vấn đề Dịch vụ với Đại lý hoặc Nhà sản xuất xe không?,Không. Ngân hàng không chịu trách nhiệm này. Khách hàng sẽ tự liên hệ trực tiếp với đại lý hoặc nhà sản xuất để giải quyết vấn đề.
Có khoản khấu trừ thuế nào đối với Dịch vụ Chuyển tiền về nước không?,Dịch vụ Chuyển tiền về nước được miễn thuế.
Tôi có thể được hưởng khoản giảm trừ thuế thu nhập đối với Tài trợ Nhà ở không?,"Có, bạn có thể yêu cầu giảm trừ thuế đối với khoản phí đánh dấu (mark-up) Tài trợ Nhà ở đã thanh toán trong năm, hoặc theo luật thuế hiện hành của quốc gia."
Có thể gửi kiều hối từ bất kỳ đâu đến Pakistan không?,"Có, kiều hối có thể được gửi từ khắp nơi trên thế giới đến Pakistan thông qua các đối tác đại lý của chúng tôi như Western Union, Mastercard, Dandelion Payments (RIA), v.v. Để biết thêm thông tin, vui lòng truy cập liên kết sau: https://NUSTbank.com/services-home-remittance-our-partners/"
Tài trợ Lúa Gạo NUST được cung cấp cho những mục đích nào?,"Tài trợ Tiền mặt (CF) Để đáp ứng nhu cầu vốn lưu động của các nhà máy xay xát gạo cho việc thu mua lúa theo công suất xay xát. Tài trợ Linh hoạt (RF) Để đáp ứng nhu cầu vốn lưu động của các nhà máy xay xát gạo như vận chuyển, lương & tiền công, tiện ích và các chi phí hành chính khác, v.v. (Việc thu mua lúa bằng nguồn vốn RF bị hạn chế)."
Người dân có thể sử dụng Dịch vụ Tài chính Cá nhân từ NUST ở khu vực nào của đất nước?,Dịch vụ Tài chính Cá nhân có thể được sử dụng tại tất cả các thành phố có chi nhánh của NUST.
Các dịch vụ miễn phí đi kèm với Tài khoản Tiền gửi Hiện tại là gì?,Dịch vụ cảnh báo SMS miễn phí cho Giao dịch Kỹ thuật số; Sao kê điện tử & Ngân hàng trực tuyến miễn phí; Gửi/Rút tiền mặt trực tuyến miễn phí giữa các chi nhánh (Trực tuyến); Chuyển khoản nội bộ miễn phí trong NUST qua chi nhánh (Chuyển khoản trực tuyến); Phát hành Séc ngân hàng miễn phí
Tỷ lệ lợi nhuận cho tiền gửi có kỳ hạn bằng ngoại tệ là bao nhiêu?,"Tỷ lệ lợi nhuận cho USD: 0,0025, GBP: 0,0025, EUR: 0."
Thị trường mục tiêu là gì?,"Cá nhân có giá trị ròng cao (đơn lẻ hoặc chung), Doanh nghiệp Tư nhân, Công ty Hợp danh, Công ty Trách nhiệm hữu hạn Công khai và Tư nhân, Tổ chức Chính phủ, Tập đoàn, Câu lạc bộ, Hội, Hiệp hội, Tổ chức phi chính phủ (NGO)."
Ngân hàng có yêu cầu vốn chủ sở hữu cho chương trình này không?,"Kinh doanh mới: 20% vốn chủ sở hữu. Kinh doanh hiện có: Không yêu cầu vốn chủ sở hữu, khoản đầu tư hiện tại vào doanh nghiệp sẽ được tính là vốn chủ sở hữu."
Thời hạn vay tối đa là bao lâu?,• Đối với xe có dung tích xi-lanh lên đến 1000 CC: tối đa 5 năm. • Đối với xe có dung tích xi-lanh trên 1000 CC: tối đa 3 năm.
Ngân hàng NUST có đang cung cấp dịch vụ tài trợ thời vụ cho các nhà máy xay xát gạo không?,"Tài chính Gạo NUST được thiết kế để đáp ứng nhu cầu tài trợ thời vụ cho việc thu mua lúa và các chi phí quản lý khác của các nhà máy xay xát gạo, dựa trên hiệu quả hoạt động trong quá khứ và năng lực xay xát nhằm thỏa mãn các nhu cầu tài chính thời vụ của họ. Phạm vi của sản phẩm hướng đến các 'Nhà máy Xay xát Gạo' thuộc danh mục Doanh nghiệp Vừa và Nhỏ (SME)."
Ngân hàng NUST có cung cấp Tài khoản Ngân hàng Kỹ thuật số cho Freelancer không?,"Tài khoản Kỹ thuật số NUST Freelancer được thiết kế riêng cho Freelancer, giúp họ có thể nhận thanh toán trực tiếp vào tài khoản ngân hàng và đồng thời tận hưởng các dịch vụ ngân hàng phong cách sống khác."
Thông tin Quan trọng Khác về Các Gói Bảo hiểm Nhân thọ NUST,"• Gói Munafa Mehfooz là gói kỳ hạn 5 năm với mức Phân bổ Cao trong năm đầu tiên và thưởng trung thành trả trước 20% vào năm đầu tiên. • Trong trường hợp chấm dứt Gói Munafa Mehfooz sớm, giá trị khoản thưởng trung thành trả trước sẽ được khấu trừ khỏi giá trị tiền mặt của hợp đồng. • Trong trường hợp tử vong, Giá trị Tiền mặt hoặc Số tiền Bảo đảm (tùy theo giá trị nào cao hơn) sẽ được thanh toán cho người được chỉ định. • Các chế độ Thanh toán Phí Bảo hiểm Hàng năm / Nửa năm / Quý có sẵn theo sự thuận tiện của khách hàng. • Tăng trưởng của Hợp đồng phụ thuộc vào tăng trưởng của Quỹ Tương hỗ Liên kết. • Các Khiếu nại Tử vong sẽ được NUST Life xử lý, với điều kiện hoàn tất các tài liệu cần thiết và đủ điều kiện nếu tình trạng hợp đồng chỉ ở trạng thái Đang hiệu lực/Đã phục hồi."
Mục đích nào mà Tài chính Xay xát Bột mì NUST được cung cấp?,"Tài chính Tiền mặt (CF): Để đáp ứng nhu cầu vốn lưu động của hoạt động kinh doanh xay xát bột mì cho việc mua sắm lúa mì theo công suất xay xát. Tài chính Hoạt động (RF): Để đáp ứng các nhu cầu vốn lưu động như vận chuyển, lương & tiền công, tiện ích và các chi phí hành chính khác, v.v. (Việc mua sắm lúa mì bằng nguồn vốn RF bị hạn chế)."
Tỷ lệ lợi nhuận trên tài khoản tiết kiệm NAA là bao nhiêu?,"Tỷ lệ lợi nhuận hiện tại là 20,50% và được trả nửa năm một lần."
Các khoản phí dịch vụ/tài liệu/pháp lý tại NUST Imarat Finance là bao nhiêu?,Theo thực tế.
Tiêu chí thu nhập tối thiểu hàng tháng là gì?,"Người hưởng lương (Công ty được phê duyệt): Công ty Hạng A - 40.000 PKR (Thường trú) & 60.000 PKR (Hợp đồng Công ty / Bên thứ 3), Công ty Hạng B & C - 50.000 PKR (Thường trú) & 60.000 PKR (Hợp đồng Công ty / Bên thứ 3). Người hưởng lương (Công ty không được phê duyệt): 70.000 PKR (Thường trú) & 80.000 PKR (Hợp đồng Công ty). Người hưởng lương (Chính phủ): Đang phục vụ - 35.000 PKR (Thường trú, BPS-5 trở lên) & 45.000 PKR (Hợp đồng), Đã nghỉ hưu - 40.000 PKR (điều kiện hưởng lương hưu với NUST). Lực lượng Vũ trang, Các đơn vị liên kết & Dân thường tại GHQ/NHQ/AHQ: Đang phục vụ - 25.000 PKR (Sĩ quan / Hạ sĩ quan & cấp thấp hơn), Đã nghỉ hưu - 40.000 PKR (Sĩ quan) và 15.000 PKR (Hạ sĩ quan & cấp thấp hơn, điều kiện hưởng lương hưu với NUST). SPD & các đơn vị liên kết - 25.000 PKR (Thường trú & Hợp đồng). Dân thường tại GHQ/NHQ/AHQ - 25.000 PKR (Thường trú) và 35.000 PKR (Hợp đồng). Tổ chức Fauji & các đơn vị liên kết: 25.000 PKR (Thường trú & Hợp đồng). Doanh nhân Tự do/Tiểu thương: 100.000 PKR (Khách hàng Chi nhánh), 150.000 PKR (Khách hàng không thuộc Chi nhánh)."
Hình thức trả nợ là gì?,"Việc thanh toán Khoản trả góp Hàng tháng (EMI) bao gồm tiền gốc, phí đánh dấu và chi phí bảo hiểm, v.v. sẽ được thực hiện thông qua Ủy quyền Ghi nợ Trực tiếp (DDA) từ tài khoản của người vay được duy trì tại NUST."
Các tính năng chính của Tài khoản Tiền gửi Không kỳ hạn là gì?,"Được cung cấp bằng VND (PKR) & Ngoại tệ (USD, GBP, EUR, JPY & AED); Số tiền gửi tối thiểu để mở tài khoản là 5.000 Rs. cho VND, 500 USD hoặc tương đương cho Ngoại tệ; Không yêu cầu số dư tối thiểu hàng tháng; Thẻ Ghi nợ cho tài khoản PKR; Không giới hạn số tiền ghi có và ghi nợ hàng tháng"
Ở khu vực nào của đất nước có thể sử dụng Dịch vụ Tài chính Cá nhân từ NUST?,Dịch vụ Tài chính Cá nhân có thể được sử dụng tại tất cả các thành phố nơi có chi nhánh của NUST.
Tài khoản Số Asaan của NUST là gì?,"Tài khoản Số Asaan của NUST là một sản phẩm ngân hàng số cung cấp một nền tảng đơn giản, dễ sử dụng để khách hàng quản lý tài chính của mình một cách thuận tiện trực tuyến."
Có phí thanh toán trễ không?,"1.000 Rs./kỳ trả. Trong trường hợp trả trễ, lãi suất thương mại sẽ được áp dụng trên số tiền gốc còn nợ."
Phí ngân hàng cho tài khoản này là bao nhiêu?,Tất cả các khoản phí ngân hàng được áp dụng theo Biểu phí hiện hành.
Có độ tuổi tối thiểu nào để được hỗ trợ tài chính tại Quỹ Tài chính NUST Ujala không?,Tài trợ SE/ME: Từ 25-55 tuổi tại thời điểm nộp đơn. (Một trong các đối tác/giám đốc phải đáp ứng tiêu chí về tuổi). Nhà cung cấp/Nhà bán lẻ: Từ 25-55 tuổi tại thời điểm nộp đơn. (Một trong các đối tác/giám đốc phải đáp ứng tiêu chí về tuổi). Tài trợ cho Nhân viên NUST: Không giới hạn độ tuổi. Tài trợ cho Ứng viên Nội địa: Từ 25-55 tuổi tại thời điểm nộp đơn. (Một trong những người vay hoặc người đồng vay phải đáp ứng tiêu chí)
Tôi có thể thực hiện trả nợ lớn cuối kỳ hoặc chấm dứt khoản vay trước hạn không?,"Có, phương thức trả nợ lớn cuối kỳ hoặc chấm dứt khoản vay trước hạn có sẵn cho tất cả khách hàng. Phí sẽ được áp dụng theo biểu phí hiện hành của Ngân hàng / Theo thỏa thuận doanh nghiệp."
Ai sẽ bảo hiểm xe của tôi?,"Ngân hàng NUST có thỏa thuận bảo hiểm với các công ty bảo hiểm uy tín với mức phí bảo hiểm hấp dẫn, Miễn phí định vị và Bảo hiểm tử vong do tai nạn miễn phí lên đến 1 triệu Rs. Khách hàng phải chọn một công ty bảo hiểm theo lựa chọn của họ từ Danh sách các công ty bảo hiểm được NUST phê duyệt."
Có loại thuế nào áp dụng cho tài khoản này không?,Zakat và các loại thuế sẽ được áp dụng theo quy định của pháp luật.
Thời hạn tài trợ là bao lâu?,Thẻ tín dụng NUST là một tiện ích thường trực và có thể gia hạn sau khi thẻ tín dụng hết hạn.
Các tiện ích miễn phí đi kèm với Tài khoản Kỹ thuật số Roshan là gì?,Phát hành thẻ ghi nợ miễn phí lần đầu (phí thường niên theo Biểu phí hiện hành). Dịch vụ ngân hàng trực tuyến I-Net miễn phí. Bản sao kê điện tử miễn phí.
Có yêu cầu về doanh số tài khoản nào đối với Tài chính Nhà máy Bột mì NUST không?,Tối thiểu 50% doanh số của người nộp đơn phải được chứng minh thông qua doanh số tài khoản tại ngân hàng.
Tỷ lệ lợi nhuận cho Tài khoản Tiết kiệm PLS là bao nhiêu?,Chi trả lợi nhuận: Nửa năm một lần. Tỷ lệ lợi nhuận: 0.19.
Ngân hàng NUST có cung cấp Tài khoản Ngân hàng Kỹ thuật số đơn giản không?,"Có, Tài khoản Kỹ thuật số Asaan của NUST đang được cung cấp."
Bản chất của khoản vay được cho phép tại Quỹ Tài chính NUST Hunarmand?,• Khoản vay dài hạn / Khoản vay phát triển • Khoản vay vốn lưu động / Khoản vay sản xuất.
Có thể sử dụng Dịch vụ Tài chính Cá nhân của NUST ở khu vực nào trong nước?,Dịch vụ Tài chính Cá nhân có thể được sử dụng tại tất cả các thành phố có chi nhánh của NUST.
Tần suất trả nợ gốc trong Ask Fauri Business Finance là gì?,"AFBF-1: Khi đáo hạn, AFBF-2: Hàng tháng / Hàng quý, AFBF-3: Khi hết hạn / mua lại, AFBF-4: Khi nghỉ hưu."
Ngân hàng có yêu cầu vốn chủ sở hữu cho chương trình này không?,"Kinh doanh mới: 20% vốn chủ sở hữu. Kinh doanh hiện có: Không yêu cầu vốn chủ sở hữu, khoản đầu tư hiện tại vào doanh nghiệp sẽ được tính là vốn chủ sở hữu."
Có độ tuổi tối thiểu nào để được hỗ trợ tài chính tại Chương trình Tài chính Nhà máy Bột mì NUST không?,"Tuổi của người vay (trong trường hợp doanh nghiệp tư nhân) phải tối thiểu 20 tuổi, tuy nhiên không vượt quá 65 tuổi tại thời điểm nộp đơn. Độ tuổi này có thể được linh hoạt trong trường hợp có kế hoạch kế thừa hiệu quả cho hoạt động kinh doanh. Tiêu chí này không áp dụng nếu doanh nghiệp là công ty hợp danh hoặc công ty trách nhiệm hữu hạn."
Các tính năng cơ bản của Tài khoản Asaan NUST là gì?,"Một số tính năng chính của Tài khoản Asaan NUST bao gồm: Báo cáo tài khoản nửa năm một lần, Không tính phí dịch vụ mở và đóng tài khoản, Phát hành thẻ ghi nợ PayPak miễn phí (có thể phát sinh phí sau), Cảnh báo SMS miễn phí cho giao dịch kỹ thuật số, Sao kê điện tử miễn phí, Ngân hàng trực tuyến I-Net/Ngân hàng di động miễn phí, Rút tiền mặt/Gửi tiền trực tuyến liên chi nhánh miễn phí, Chuyển khoản nội bộ miễn phí trong hệ thống NUST và hạn mức giao dịch là Rs. 1.000.000/- cho tổng giao dịch ghi có và ghi nợ mỗi tháng."
Mục đích nào mà Tài chính NUST Imarat được cung cấp?,"AIF 1: Mua lại/Mua bất động sản thương mại/công nghiệp đô thị đã xây dựng/văn phòng và cơ sở thương mại cho hoạt động kinh doanh. AIF 2: Xây dựng trên lô đất thương mại/công nghiệp đô thị thuộc sở hữu tự có. AIF 3: Xây dựng bổ sung trên tòa nhà/trung tâm thương mại công nghiệp/đô thị đã xây dựng trước đó. AIF 4: Cải tạo, nâng cấp tài sản thương mại/công nghiệp đô thị/trung tâm thương mại/cơ sở kinh doanh thuộc sở hữu tự có."
Có lợi ích nào khác khi mở Tài khoản Chuyển tiền PakWatan không?,"• Miễn thuế WHT (thuế khấu trừ tại nguồn) khi rút tiền mặt từ các khoản kiều hối nhận được từ nước ngoài. • Khách hàng cũng có thể đủ điều kiện nhận Tài chính Cá nhân, Thẻ Tín dụng và Tài chính Ô tô sau sáu tháng duy trì Tài khoản Chuyển tiền PakWatan, tùy thuộc vào các tiêu chí đủ điều kiện của ngân hàng."
Có giới hạn nào đối với chi tiêu quốc tế không?,"Theo chỉ thị của Ngân hàng Nhà nước (SBP) có hiệu lực từ ngày 1 tháng 11 năm 2022, giới hạn tối đa hàng năm trên toàn ngành là 30.000 USD/người đối với các giao dịch xuyên biên giới qua thẻ (thẻ ghi nợ/thẻ tín dụng và thẻ ảo). Trách nhiệm chính của khách hàng là phải đảm bảo rằng giới hạn hàng năm của mình không bị vượt quá vào bất kỳ thời điểm nào. Để tránh bất kỳ sự bất tiện nào, Quý khách được đề nghị vui lòng hạn chế chi tiêu quốc tế trong giới hạn đã quy định. Các khoản thanh toán thương mại xuyên biên giới qua thẻ phát hành cho cá nhân là không được phép. Lưu ý: Ngân hàng NUST có quyền từ chối bất kỳ đơn đăng ký nào theo tiêu chí của Ngân hàng."
Tôi có thể vay bao nhiêu?,"Tối đa 3 triệu Rupee từ tất cả các ngân hàng/Tổ chức Tài chính Phát triển (DFIs) tính tổng, với điều kiện không vượt quá 40% yêu cầu Gánh nặng Nợ."
Mục đích của Tài chính Xay xát Bột mì NUST được cung cấp cho những mục đích nào?,"Tài chính Tiền mặt (CF): Để đáp ứng nhu cầu vốn lưu động của hoạt động kinh doanh xay xát bột mì cho việc mua sắm lúa mì theo công suất xay xát. Tài chính Hoạt động (RF): Để đáp ứng các nhu cầu vốn lưu động như vận chuyển, lương & tiền công, tiện ích và các chi phí hành chính khác, v.v. (Việc mua sắm lúa mì bằng nguồn vốn RF bị hạn chế)."
Bản chất của các khoản vay được cho phép trong PMYB & ALS?,• Khoản vay dài hạn / Khoản vay phát triển • Vốn lưu động / Khoản vay sản xuất
Tiêu chí Đủ điều kiện cho thực thể kinh doanh trong Ask Fauri Business Finance là gì?,Tất cả trừ cá nhân.
Có độ tuổi tối thiểu nào để được hỗ trợ tài chính tại Chương trình Tài chính Nhà máy Bột mì NUST không?,Độ tuổi của người vay (trong trường hợp doanh nghiệp tư nhân) phải tối thiểu 20 tuổi và không vượt quá 65 tuổi tại thời điểm nộp đơn. Giới hạn tuổi này có thể được nới lỏng trong trường hợp có kế hoạch kế thừa hiệu quả cho hoạt động kinh doanh. Tiêu chí này không áp dụng nếu doanh nghiệp là công ty hợp danh hoặc công ty trách nhiệm hữu hạn.
Các khoản phí dịch vụ/tài liệu/pháp lý trong Ask Fauri Business Finance là gì?,Theo thực tế.
Phí ngân hàng cho tài khoản này là bao nhiêu?,Tất cả các khoản phí ngân hàng được áp dụng theo Biểu phí hiện hành.
Tiêu chí tuổi tối đa để đăng ký Tài chính Thế chấp NUST là gì?,"Nhân viên biên chế: 60 tuổi tại thời điểm đáo hạn khoản vay, Nhân viên hợp đồng: 65 tuổi tại thời điểm đáo hạn khoản vay, Người hưởng lương hưu: 65 tuổi tại thời điểm đáo hạn khoản vay, Tự kinh doanh/Tự hành nghề (SEB/SEP): 65 tuổi tại thời điểm đáo hạn khoản vay."
Có điều kiện nào liên quan đến việc duy trì tài khoản ngân hàng để được sử dụng Tài chính NUST Imarat không?,Bảng sao kê tài khoản ngân hàng tối thiểu 1 năm với NUST hoặc Bảng sao kê ngân hàng tối thiểu 2 năm với bất kỳ ngân hàng nào khác.
PRI có tuân theo luật của Ngân hàng Nhà nước hay Chính phủ không?,"Đây là một sáng kiến chung của Ngân hàng Nhà nước Pakistan, Bộ Người Pakistan ở nước ngoài và Bộ Tài chính."
Có độ tuổi tối thiểu nào để được hỗ trợ tài chính tại Chương trình Tài chính Nhà máy Bột mì NUST không?,"Tuổi của người vay (trong trường hợp doanh nghiệp tư nhân) phải tối thiểu 20 tuổi, tuy nhiên không được vượt quá 65 tuổi tại thời điểm nộp đơn. Độ tuổi này có thể được linh hoạt trong trường hợp có kế hoạch kế thừa hiệu quả cho hoạt động kinh doanh. Tiêu chí này không áp dụng nếu doanh nghiệp là công ty hợp danh hoặc công ty trách nhiệm hữu hạn."
Người chưa thành niên có thể vận hành tài khoản này như thế nào?,"Tài khoản này được mở dưới tên của người chưa thành niên. Tuy nhiên, người chưa thành niên cần sự trợ giúp của người giám hộ để sử dụng các tiện ích của tài khoản. Người chưa thành niên có thể sử dụng tài khoản bất cứ lúc nào, nghĩa là họ có thể gửi tiền hoặc rút tiền bất cứ lúc nào với sự trợ giúp của người giám hộ."
Tài khoản Tiền gửi Thanh toán (CDA) là gì?,"Tài khoản Tiền gửi Thanh toán (CDA) là một loại tài khoản cung cấp cho doanh nghiệp và cá nhân phương thức quản lý các giao dịch hàng ngày, bao gồm gửi tiền, rút tiền và chuyển khoản, mà không có bất kỳ hạn chế nào về số lượng giao dịch."
Điều gì xảy ra nếu tôi không thực hiện được nghĩa vụ thanh toán?,"Trong trường hợp quá hạn/vi phạm thanh toán, bộ phận thu hồi của NUST sẽ liên hệ với bạn, thông tin khoản vay của bạn sẽ được báo cáo cho Cục Tín dụng. Phí thanh toán chậm sẽ được áp dụng theo biểu phí hiện hành. Ngân hàng cũng có thể khởi động các thủ tục pháp lý."
Ngân hàng NUST cung cấp những loại sản phẩm Chuyển tiền trong nước nào?,"NUST cung cấp các Sản phẩm Chuyển tiền sau đây để đáp ứng nhu cầu của nhiều đối tượng thụ hưởng chuyển tiền trong nước tại Pakistan:
• Thanh toán Tiền mặt tại Quầy (CoC) cho khách hàng vãng lai
• Chuyển khoản Tài khoản NUST
• Chuyển khoản Tài khoản Ngân hàng Khác thông qua Chuyển tiền Liên ngân hàng (IBFT) & Thanh toán Bù trừ Liên ngân hàng Theo thời gian thực (RTGS)"
Các tính năng chính của Chính sách Bảo hiểm Nhân thọ NUST Life Bancassurance là gì?,"• Bảo vệ Gia đình ngắn hạn và Tiết kiệm dài hạn. • Số tiền Bảo hiểm Tối thiểu = 18.000, Không có Giới hạn Tối đa đối với gói Munafa Mehfooz, Phí Bảo hiểm Tối thiểu = 50.000. • Thời hạn Tối thiểu & Tối đa của Gói NUST Life Munafa Mehfooz = 5 Năm. • Thời hạn Chính sách Tối thiểu của Gói NUST Life Value = 10 Năm. • Các quyền lợi bổ sung cũng có sẵn với chi phí (Sản phẩm bổ trợ và bảo hiểm tử kỳ bổ sung). • NUST Life cung cấp các gói khác nhau cho khách hàng theo nhu cầu và yêu cầu."
Tài khoản Chuyển Tiền PakWatan có cho phép ghi có nội địa không?,Tài khoản Chuyển Tiền PakWatan cũng cho phép ghi có nội địa.
Bản chất của tài chính tại NUST Sahar Finance là gì?,i. Tài chính Dài hạn ii. Tài chính Ngắn hạn/Vốn lưu động
Các lợi ích miễn phí của Tài khoản Số Asaan NUST là gì?,"Một số lợi ích miễn phí của Tài khoản Số Asaan NUST bao gồm: Phát hành miễn phí sổ séc đầu tiên (25 tờ), Phát hành thẻ ghi nợ PayPak đầu tiên miễn phí, Giao sổ séc và thẻ ghi nợ đầu tiên miễn phí, Dịch vụ cảnh báo SMS miễn phí (Giao dịch kỹ thuật số), Bảng sao kê điện tử & Ngân hàng trực tuyến miễn phí, Gửi/Rút tiền mặt trực tuyến liên chi nhánh miễn phí, Chuyển khoản nội bộ miễn phí trong NUST qua chi nhánh và Phát hành séc ngân hàng miễn phí."
Tỷ lệ Mark-up hiện tại của Tài chính Nhà máy Bột mì NUST là bao nhiêu?,Tài chính Tiền mặt: KIBOR trung bình 3 tháng + 3% mỗi năm. Tài chính Hoạt động: KIBOR trung bình 3 tháng + 3.5% mỗi năm (Được xem xét/điều chỉnh hàng quý).
Các tiện ích miễn phí đi kèm với Tài khoản Kỹ thuật số Roshan là gì?,Phát hành thẻ ghi nợ miễn phí lần đầu (phí thường niên theo Biểu phí hiện hành). Dịch vụ ngân hàng trực tuyến I-Net miễn phí. Bản sao kê điện tử miễn phí.
Tài khoản Vãng lai Giá trị Cộng (Cá nhân) (VPCA) là gì?,"Tài khoản Vãng lai Giá trị Cộng (VPCA) là một sản phẩm tài khoản vãng lai dành cho cá nhân, cung cấp các tính năng gia tăng giá trị, giúp nó phù hợp cho nhu cầu ngân hàng cá nhân với nhiều lợi ích bổ sung dành cho chủ tài khoản."
Các tính năng chính của Tiền gửi có kỳ hạn NUST Maximiser là gì?,"- Thời hạn: 1, 2, 3 & 5 năm. - Khoản đầu tư tối thiểu: 100.000 Rs. - Có tùy chọn tái tục. - Thanh toán lợi nhuận hấp dẫn hàng tháng."
Cần giấy tờ tùy thân nào để mở Tài khoản NUST Waqaar?,"Bản sao của một trong các giấy tờ tùy thân hợp lệ sau: Thẻ Căn cước Công dân (CNIC) do NADRA cấp, Thẻ Căn cước Công dân cho Người Pakistan ở nước ngoài (NICOP) do NADRA cấp, Thẻ Nguồn gốc Pakistan (POC) do NADRA cấp, Hộ chiếu có thị thực hợp lệ hoặc bất kỳ bằng chứng nào khác về việc lưu trú hợp pháp (chỉ dành cho cá nhân là người nước ngoài)."
Đối tượng mục tiêu của Tài khoản Doanh nghiệp Value Plus là gì?,"Hộ kinh doanh cá thể, Công ty hợp danh, Doanh nghiệp nhỏ."
Có tiêu chí về độ tuổi để được hưởng Tài chính NUST Sahar không?,Kinh doanh Mới: Từ 20-50 tuổi tại thời điểm nộp đơn. Kinh doanh Hiện có: Từ 20-55 tuổi tại thời điểm nộp đơn.
Ai sẽ bảo hiểm xe của tôi?,"Ngân hàng NUST có thỏa thuận bảo hiểm với các công ty bảo hiểm uy tín với mức phí bảo hiểm hấp dẫn, Miễn phí thiết bị định vị và Bảo hiểm tử vong do tai nạn miễn phí lên đến 1 triệu Rupee. Khách hàng phải chọn một công ty bảo hiểm theo ý muốn từ Danh sách công ty bảo hiểm được NUST phê duyệt."
Tôi có thể thế chấp tài sản đã sở hữu để vay vốn không?,"Có, mục đích vay vốn phải phù hợp với mục đích được cơ quan quản lý quy định, bao gồm: Vay để xây dựng nhà trên lô đất ở đã sở hữu, Dịch vụ Chuyển nhượng Dư nợ (BTF) thay thế khoản vay hiện có của khách hàng từ các ngân hàng/Tổ chức Tài chính Phát triển (DFIs) khác, Cải tạo nhà/căn hộ/chung cư/đơn vị nhà ở đã sở hữu, Mở rộng/Cải thiện đơn vị nhà ở."
Tài khoản Vãng lai Giá trị Cộng (Cá nhân) (VPCA) là gì?,"Tài khoản Vãng lai Giá trị Cộng (VPCA) là một sản phẩm tài khoản vãng lai dành cho cá nhân, cung cấp các tính năng gia tăng giá trị, giúp phù hợp cho nhu cầu ngân hàng cá nhân với nhiều lợi ích bổ sung dành cho chủ tài khoản."
Tần suất trả nợ gốc trong Ask Fauri Business Finance là gì?,"AFBF-1: Khi đáo hạn, AFBF-2: Hàng tháng / Hàng quý, AFBF-3: Khi hết hạn / mua lại, AFBF-4: Khi nghỉ hưu."
Tỷ lệ Mark-up hiện tại của PMYB & ALS là bao nhiêu?,Bậc 2: 5% mỗi năm. Bậc 3: 7% mỗi năm.
Các dịch vụ miễn phí được cung cấp trên Tài khoản Tiết kiệm NUST Sahar là gì?,"Phát hành Thẻ Ghi nợ đầu tiên, Cảnh báo SMS cho Giao dịch Kỹ thuật số, Ngân hàng I-Net, Chuyển khoản Nội bộ trong NUST qua chi nhánh (Chuyển khoản Trực tuyến), Rút/Gửi Tiền Mặt Trực tuyến Liên chi nhánh (Trực tuyến), Dịch vụ Sao kê Điện tử, Giao thẻ ghi nợ và sổ séc tại địa chỉ khách hàng & kích hoạt qua Trung tâm Liên hệ. Các khoản phí phát sinh/Phí hàng năm sau đó sẽ theo Biểu phí hiện hành."
Có yêu cầu về độ tuổi kinh doanh không?,Không.
Ai có thể đăng ký Tài chính Cá nhân NUST?,"1. Sĩ quan Lực lượng Vũ trang: Nhân viên đang tại ngũ, nhân viên đã nghỉ hưu. 2. Hạ sĩ quan/Cấp bậc tương đương & Thấp hơn: Nhân viên đang tại ngũ, nhân viên đã nghỉ hưu. 3. Lực lượng Vũ trang Liên minh (SPD & các đơn vị liên kết) và Dân sự (tại GHQ/NHQ & AHQ): Nhân viên đang làm việc (Nhân viên Biên chế & Hợp đồng). 4. Tập đoàn Fauji Foundation: Nhân viên biên chế, nhân viên hợp đồng. 5. Cá nhân hưởng lương: Nhân viên biên chế, nhân viên hợp đồng. 6. Cơ quan Chính phủ / Bán Chính phủ / Tự chủ: Nhân viên biên chế, nhân viên hợp đồng, nhân viên đã nghỉ hưu. 7. Nhân viên NUST (được quản lý theo Chính sách Nhân sự)."
Thời gian xử lý hồ sơ là bao lâu?,"Thời gian xử lý thẻ tín dụng là 10 ngày làm việc kể từ khi đăng nhập cho đến khi được chấp thuận, với điều kiện hồ sơ đầy đủ và kèm theo các tài liệu cần thiết."
Giờ làm việc ngân hàng của NUST để sử dụng dịch vụ chuyển tiền kiều hối tại các Chi nhánh NUST là khi nào?,"Khách hàng có thể sử dụng dịch vụ chuyển tiền kiều hối tại các chi nhánh nội địa của NUST trong giờ làm việc thông thường:
• Thứ Hai đến Thứ Năm: 09:00 sáng đến 05:00 chiều
• Thứ Sáu: 09:00 sáng đến 05:30 chiều
• Thứ Bảy: 09:00 sáng đến 01:30 chiều (thông qua các chi nhánh được chọn)"
Tỷ lệ lợi nhuận cho Tài khoản Tiết kiệm NUST là bao nhiêu?,"Thanh toán lợi nhuận: Hàng tháng. Tỷ lệ lợi nhuận: 0,19."
Có giới hạn nào về số tiền nhận được thông qua Dịch vụ Chuyển tiền Quốc tế của NUST không?,"Dưới đây là các giới hạn áp dụng:
• Tài khoản NUST - Không giới hạn
• Tài khoản ngân hàng khác - Không giới hạn
• Giao dịch Rút tiền mặt tại quầy (CoC) - Tối đa 1.000.000 PKR/- mỗi giao dịch và không giới hạn số lượng giao dịch Western Union COC"
Ngân hàng có chịu trách nhiệm cho bất kỳ loại tranh chấp nào liên quan đến Bảo hành/Lỗi xe/Vấn đề Dịch vụ với Đại lý hoặc Nhà sản xuất xe không?,Không. Ngân hàng không chịu trách nhiệm này. Khách hàng sẽ tự giải quyết vấn đề trực tiếp với đại lý hoặc nhà sản xuất.
Tài khoản Số Freelancer NUST là gì?,"Tài khoản Số Freelancer NUST là một tài khoản được thiết kế chuyên biệt cho các freelancer, cung cấp giải pháp ngân hàng số tiện lợi giúp quản lý thanh toán, tiết kiệm và chi phí một cách hiệu quả."
Tài khoản Số Freelancer NUST là gì?,"Tài khoản Số Freelancer NUST là một tài khoản được thiết kế chuyên biệt cho các freelancer, cung cấp giải pháp ngân hàng số tiện lợi giúp quản lý thanh toán, tiết kiệm và chi phí một cách hiệu quả."
Loại Tài khoản của Tài khoản Kỹ thuật số NUST Freelancer là gì? Là Tài khoản Vãng lai hay Tài khoản Tiết kiệm?,"Tài khoản Kỹ thuật số NUST Freelancer cung cấp Tài khoản Vãng lai bằng PKR và FCY (USD, GBP, EUR, AED)."
Ngân hàng có yêu cầu Vốn chủ sở hữu cho chương trình này không?,"Hạng 2: 10% (Doanh nghiệp mới). Hạng 3: 20% (Doanh nghiệp mới). Trường hợp doanh nghiệp đã hoạt động, không yêu cầu vốn chủ sở hữu."
PRI có tuân theo luật của Ngân hàng Nhà nước hoặc Chính phủ không?,"Đây là một sáng kiến chung của Ngân hàng Nhà nước Pakistan, Bộ Người Pakistan ở nước ngoài và Bộ Tài chính."
Phí xử lý cho Đơn đăng ký Tài chính NUST Imarat là bao nhiêu?,"30.000 Rs hoặc 0,2% số tiền vay, tùy theo mức nào cao hơn (Không hoàn lại)."
Phí bảo hiểm là bao nhiêu?,Tính theo thực tế.
Tỷ lệ Mark-up hiện tại của Tài chính Nhà máy Bột mì NUST là bao nhiêu?,"Tài chính Tiền mặt: KIBOR trung bình 3 tháng + 3% mỗi năm. Tài chính Hoạt động: KIBOR trung bình 3 tháng + 3,5% mỗi năm (Được xem xét/điều chỉnh hàng quý)."
Có độ tuổi tối thiểu nào để được hỗ trợ tài chính theo Chương trình Tài chính Xay xát NUST không?,Độ tuổi của người vay (trong trường hợp doanh nghiệp tư nhân) phải tối thiểu 20 tuổi và không vượt quá 65 tuổi tại thời điểm nộp đơn. Giới hạn tuổi này có thể được nới lỏng trong trường hợp có kế hoạch kế thừa hiệu quả cho hoạt động kinh doanh. Tiêu chí này không áp dụng nếu doanh nghiệp là công ty hợp danh hoặc công ty trách nhiệm hữu hạn.
Các dịch vụ miễn phí nào có sẵn tại ASDA?,"Bảng sao kê điện tử & Ngân hàng trực tuyến miễn phí, Gửi tiền/Rút tiền mặt trực tuyến miễn phí giữa các chi nhánh (Trực tuyến), Chuyển khoản nội bộ miễn phí trong NUST qua chi nhánh (Chuyển khoản trực tuyến), Phát hành Séc ngân hàng miễn phí, Cảnh báo SMS miễn phí về Giao dịch Kỹ thuật số."
Ngân hàng của bạn có cung cấp tài khoản nào cho người cao tuổi không?,"Tài khoản NUST Waqaar được phát triển dành riêng cho người cao tuổi, cho phép họ thực hiện các giao dịch ngân hàng và đồng thời tận dụng các cơ hội đầu tư."
Tài khoản Little Champs là gì?,Tài khoản Little Champs là sản phẩm được thiết kế riêng cho trẻ vị thành niên (cá nhân dưới 18 tuổi). Trẻ em cần sự hỗ trợ của người giám hộ hợp pháp/cha mẹ để mở tài khoản này và sử dụng các tiện ích của nó.
Người Pakistan ở nước ngoài có thể sử dụng dịch vụ Thẻ tín dụng từ NUST không?,"Có. Cá nhân duy trì tài khoản FC với NUST, người nhận kiều hối/ chủ tài khoản Roshan Digital, chủ sở hữu Chứng chỉ Naya Pakistan có thể đăng ký Thẻ tín dụng NUST MasterCard trên cơ sở thế chấp. Lưu ý: Dịch vụ chỉ được cung cấp trong trường hợp tài khoản chung FC duy trì với NUST (một người phải cư trú tại Pakistan)."
Thời gian xử lý hồ sơ vay vốn là bao lâu?,"Thời gian xử lý để phê duyệt khoản vay là khoảng 11 ngày làm việc, tùy thuộc vào việc hồ sơ ứng viên có đầy đủ các tài liệu/thủ tục theo yêu cầu hay không."
Tôi muốn hỏi về việc mở tài khoản vãng lai cho cá nhân tại Ngân hàng của quý vị. Xin vui lòng cho tôi biết có những lựa chọn nào?,Tài khoản vãng lai NUST Value Plus được thiết kế đặc biệt cho cá nhân để đáp ứng các nhu cầu tài chính của họ.
Mục đích của Quỹ Tài chính NUST Imarat là gì?,"AIF 1: Mua lại/Mua bất động sản thương mại/công nghiệp đô thị đã xây dựng/văn phòng và cơ sở thương mại cho hoạt động kinh doanh. AIF 2: Xây dựng trên lô đất thương mại/công nghiệp đô thị thuộc sở hữu của bản thân. AIF 3: Xây dựng bổ sung trên tòa nhà/trung tâm thương mại công nghiệp/đô thị đã được xây dựng trước đó. AIF 4: Cải tạo, nâng cấp bất động sản thương mại/công nghiệp đô thị/trung tâm thương mại/cơ sở kinh doanh thuộc sở hữu của bản thân."
Có tiêu chí nào về độ tuổi để được hưởng Tài chính NUST Sahar không?,Kinh doanh Mới: Từ 20-50 tuổi tại thời điểm nộp đơn. Kinh doanh Hiện có: Từ 20-55 tuổi tại thời điểm nộp đơn.
Người chưa thành niên có thể vận hành tài khoản này như thế nào?,"Tài khoản này được mở dưới tên của người chưa thành niên. Tuy nhiên, người chưa thành niên cần sự trợ giúp của người giám hộ để sử dụng các tiện ích của tài khoản. Người chưa thành niên có thể sử dụng tài khoản bất cứ lúc nào, nghĩa là họ có thể gửi tiền hoặc rút tiền bất cứ lúc nào với sự trợ giúp của người giám hộ."
Vui lòng cho tôi biết về các tiện ích miễn phí được cung cấp trên Tài khoản Vãng lai Giá trị Cộng cho Doanh nghiệp Cao cấp khi duy trì số dư trung bình hàng tháng tối thiểu?,Phát hành sổ séc. Sao kê tài khoản bản sao. Phát hành Thẻ ghi nợ (Phí phát sinh/Phí thường niên sẽ theo SOC hiện hành). Tiện ích Ngân hàng trực tuyến. Cảnh báo SMS cho Giao dịch Kỹ thuật số. Gửi tiền bằng séc trong ngày và liên tỉnh. Sao kê điện tử. Gửi tiền/Rút tiền mặt trực tuyến liên chi nhánh (Trực tuyến). Chuyển khoản nội bộ trong NUST qua chi nhánh (Chuyển khoản trực tuyến). Phát hành Séc của Ngân hàng. Phát hành LC/LG miễn phí (được bảo đảm bằng tiền mặt hoặc dựa trên lien tài khoản).
Tài khoản vãng lai NUST Sahar có yêu cầu số dư tối thiểu không?,Không có yêu cầu số dư trung bình tối thiểu để duy trì tài khoản.
Bản chất của tài chính tại NUST Sahar Finance là gì?,i. Tài chính Dài hạn ii. Tài chính Ngắn hạn/Vốn lưu động
Vui lòng cho tôi biết về số dư tối thiểu hàng tháng bắt buộc cho tài khoản này?,Không yêu cầu số tiền gửi ban đầu. 100.000 Rs/- (Số dư trung bình hàng tháng).
Thị trường mục tiêu là gì?,Các cá nhân điều hành một doanh nghiệp dịch vụ tự do (freelance).
Yêu cầu số dư tối thiểu cho Tài khoản Tiền gửi Đặc biệt NUST là gì?,Không yêu cầu số dư trung bình tối thiểu hàng tháng. Không yêu cầu số dư mở tài khoản tối thiểu.
Các kế hoạch bảo hiểm EFU này có những tính năng chính nào?,"- Thời gian xem xét miễn phí 14 ngày bắt đầu từ ngày khách hàng nhận được Tài liệu Chính sách.
- Hệ thống tăng trưởng Liên kết đơn vị (EFU phân bổ các đơn vị quỹ tương hỗ cho khách hàng, sự tăng trưởng của chính sách phụ thuộc vào mức tăng trưởng tỷ giá đơn vị giống như thị trường chứng khoán).
- Ngân hàng NUST chỉ đóng vai trò là Đại lý Kinh doanh Doanh nghiệp. Đây là một kế hoạch bảo hiểm, không được coi là bất kỳ Tài khoản hoặc Tiền gửi có kỳ hạn nào có Lợi nhuận Cố định hàng năm.
- Trong trường hợp chấm dứt sớm, chỉ Giá trị Tiền mặt của chính sách sẽ được thanh toán cho khách hàng (tỷ giá thị trường hiện tại của các đơn vị quỹ tương hỗ sẽ được hoàn trả).
- Việc hủy bỏ chính sách và tùy chọn hoàn tiền đầy đủ có sẵn nếu tài liệu chính sách được trả lại trong Thời gian Xem xét Miễn phí, tức là trong vòng 14 ngày kể từ khi nhận được tài liệu.
- Giá trị Tiền mặt của chính sách có thể khác với lợi nhuận dự kiến được cung cấp trong tài liệu minh họa (tài liệu minh họa chỉ mang tính chất tham khảo)."
Có bao nhiêu Gói Bảo hiểm Nhân thọ NUST có sẵn?,"• NUST Life Value Plan: Gói Bảo vệ Trọn đời và Tiết kiệm, Phí bảo hiểm = 18K. • NUST Life Munafa Mehfooz Plan: Gói Thời hạn Có hạn (5 Năm), Phí bảo hiểm = 50K."
Ngân hàng có yêu cầu Vốn chủ sở hữu cho chương trình này không?,AIF 1 & AIF 2: Tối thiểu 30% (Doanh nghiệp hiện hữu) & Tối thiểu 40% (Doanh nghiệp mới). AIF 3 & AIF 4: Không yêu cầu đối với Doanh nghiệp hiện hữu & Tối thiểu 25% (Doanh nghiệp mới).
Ngân hàng có yêu cầu vốn chủ sở hữu cho chương trình này không?,Hạng 2: 10% (Kinh doanh mới). Hạng 3: 20% (Kinh doanh mới). Kinh doanh hiện tại: Không yêu cầu.
Ngân hàng của bạn có cung cấp tài khoản nào cho người cao tuổi không?,"Tài khoản NUST Waqaar được phát triển dành riêng cho người cao tuổi, cho phép họ thực hiện các giao dịch ngân hàng đồng thời tận dụng các cơ hội đầu tư."
"Tài khoản Little Champs là loại tài khoản gì, tiết kiệm hay giao dịch?",Tài khoản này được cung cấp ở cả hai loại: giao dịch và tiết kiệm.
Tỷ lệ Mark-up hiện tại của Quỹ Tài chính NUST Hunarmand là bao nhiêu?,"Bậc 2: 4,5% mỗi năm. Bậc 3: 6,5% mỗi năm."
Ngân hàng NUST có tham gia PMYB & ALS không?,"Ngân hàng NUST đang tích cực tham gia PMYB&ALS. Chương trình này được thiết kế đặc biệt để tạo cơ hội tự tạo việc làm cho thanh niên thất nghiệp trong nước có kỹ năng, kiến thức, kinh nghiệm hoặc mong muốn bắt đầu kinh doanh riêng ở quy mô vừa và nhỏ hoặc mở rộng quy mô kinh doanh hiện có."
Tỷ lệ lợi nhuận cho Tài khoản Kỹ thuật số Roshan là bao nhiêu?,"Thanh toán lợi nhuận: Hàng tháng. Tỷ lệ lợi nhuận: 0,19."
Tài khoản Roshan Digital có yêu cầu số dư tối thiểu không?,Không yêu cầu tiền gửi ban đầu. Không yêu cầu số dư tối thiểu.
Tài khoản Vãng lai NUST Sahar Asaan có bất kỳ hạn chế giao dịch nào không?,"Hạn mức rút tiền hàng tháng lên đến 1.000.000 Rs, Hạn mức số dư tín dụng tổng lên đến 1.000.000 Rs, Các giao dịch xuyên biên giới (ra nước ngoài) sẽ không được phép trừ trường hợp giao dịch quốc tế được thực hiện qua thẻ ghi nợ."
Các tiện ích miễn phí được cung cấp cùng với Tài khoản Vãng lai NUST Value Plus là gì?,Sổ Séc (không giới hạn). Thẻ Ghi nợ (Miễn phí thẻ đầu tiên). 2 Thẻ Ghi nợ bổ sung. Sao kê Tài khoản bản sao. Tiện ích Chuyển tiền Trực tuyến. Tiện ích cảnh báo SMS miễn phí cho Giao dịch Kỹ thuật số. Sao kê Điện tử & Ngân hàng Trực tuyến miễn phí. Gửi/Rút tiền mặt Trực tuyến Liên chi nhánh miễn phí (Chuyển khoản Trực tuyến). Chuyển khoản Nội bộ miễn phí trong NUST qua chi nhánh (Chuyển khoản Trực tuyến). Phát hành Séc Ngân hàng miễn phí.
Tỷ lệ lợi nhuận cho Tài khoản Tiết kiệm NUST là bao nhiêu?,"Thanh toán lợi nhuận: Hàng tháng. Tỷ lệ lợi nhuận: 0,19."
Có yêu cầu về doanh số tài khoản nào cho Tài chính Lúa gạo NUST không?,Tối thiểu 50% doanh số của người nộp đơn phải được chứng minh thông qua doanh số tài khoản tại ngân hàng.
Tần suất trả nợ trong PMYB & ALS là gì?,Việc trả nợ các khoản vay PMYB & ALS sẽ được thực hiện dưới hình thức 'Trả góp hàng tháng hoặc hàng quý (hoặc theo chỉ đạo của Ngân hàng Nhà nước Việt Nam - SBP)'.
Độ tuổi tối đa để đăng ký Thẻ tín dụng NUST Mastercard là bao nhiêu?,"Người hưởng lương (Biên chế): 60 tuổi, Người hưởng lương (Hợp đồng)/ Người về hưu/ Tự kinh doanh/ Chuyên gia tự do: 65 tuổi."
Cần giấy tờ tùy thân nào để mở Tài khoản NUST Waqaar?,"Bản sao của một trong các giấy tờ tùy thân hợp lệ sau: Thẻ Căn cước Công dân (CNIC) do NADRA cấp, Thẻ Căn cước Công dân cho Người Pakistan ở nước ngoài (NICOP) do NADRA cấp, Thẻ Nguồn gốc Pakistan (POC) do NADRA cấp, Hộ chiếu có thị thực hợp lệ hoặc bất kỳ bằng chứng nào khác về việc lưu trú hợp pháp (chỉ dành cho cá nhân là người nước ngoài)."
Tần suất trả nợ tại NUST Imarat Finance là gì?,Hàng tháng/Hàng quý.
Bản chất của hình thức tài trợ được cung cấp theo Tài trợ Doanh nghiệp Ask Fauri là gì?,"AFBF-1: Tài trợ lưu động, AFBF-2: Khoản vay có kỳ hạn, AFBF-3: Thư bảo lãnh, AFBF-4: Thư tín dụng - Trả ngay / Có kỳ hạn."
Số tiền tài trợ tối thiểu và tối đa là bao nhiêu?,"Hạn mức tín dụng sạch, tối thiểu 30.000 Rs và tối đa lên đến 3.0 triệu Rs hoặc theo tỷ lệ nợ trên thu nhập 40% tuân thủ theo các quy định bắt buộc của Ngân hàng Nhà nước Pakistan."
"Tôi muốn hỏi về việc mở Tài khoản Chuyển tiền Kỹ thuật số, xin hãy cho biết có những lựa chọn nào?","Tài khoản Chuyển tiền Kỹ thuật số NUST Asaan được thiết kế đặc biệt cho Cá nhân Cư trú Pakistan, những người muốn nhận kiều hối từ gia đình và bạn bè đang sống ở nước ngoài, trực tiếp vào tài khoản ngân hàng mà không cần phải đến chi nhánh."
Có yêu cầu về doanh số tài khoản cho Tài chính Lúa gạo NUST không?,Tối thiểu 50% doanh số của người nộp đơn phải được chứng minh thông qua doanh số tài khoản tại ngân hàng.
Phương thức thanh toán là gì?,"Thanh toán Khoản Trả Góp Hàng Tháng Cố Định (EMI) bao gồm tiền gốc, phí lãi suất và phí bảo hiểm sẽ được thực hiện thông qua Ủy Quyền Ghi Nợ Trực Tiếp (DDA) từ tài khoản của người vay được duy trì tại NUST."
Thị trường mục tiêu là gì?,Thị trường mục tiêu cho Tài khoản Chuyển tiền Kỹ thuật số NUST Asaan bao gồm các cá nhân - người thụ hưởng (gia đình) của những người Pakistan đang làm việc ở nước ngoài.
Ai có thể đăng ký vay Tài chính Ô tô NUST?,• Cá nhân hưởng lương. • Người khuyết tật đặc biệt/Người khiếm thị/Người khuyết tật (PWD). • Doanh nhân/Nữ doanh nhân tự làm chủ (SEB). • Cá nhân có bất kỳ nguồn thu nhập có thể xác minh được nào khác. • Chuyên gia tự làm chủ (SEP).
Có phí thanh toán trễ không?,"Phí 1.000 PKR cộng FED cho mỗi lần chậm thanh toán mỗi kỳ trả góp, bao gồm thời gian gia hạn. Phí thanh toán trễ sẽ được áp dụng sau 15 ngày kể từ khi đến hạn thanh toán, tức là vào ngày thứ 16."
Mục đích của Tài chính Xay xát Bột mì NUST được cung cấp cho những mục đích nào?,"Tài chính Tiền mặt (CF) để đáp ứng nhu cầu vốn lưu động của hoạt động xay xát bột mì nhằm mua lúa mì theo công suất xay xát. Tài chính Hoạt động (RF) để đáp ứng các nhu cầu vốn lưu động như vận chuyển, lương & tiền công, tiện ích và các chi phí hành chính khác (Việc mua lúa mì bằng nguồn vốn RF bị hạn chế)."
NUST Ujala Finance được cung cấp cho những mục đích nào?,"Doanh nghiệp vừa và nhỏ (SME), Nhân viên NUST và Hộ gia đình: Phát điện để tự sử dụng hoặc cung cấp cho công ty phân phối / NEPRA. Nhà cung cấp/Nhà bán lẻ: Cho thuê tiếp thiết bị năng lượng tái tạo / bán hàng trả chậm / cho thuê hoặc bán điện cho người dùng cuối cùng."
Phí bảo hiểm là bao nhiêu?,Tính theo thực tế.
Yêu cầu bảo đảm an ninh để được cấp tài chính NUST Imarat là gì?,"i. Thế chấp hiệu lực (Công bằng/hoặc đã đăng ký mã số) phải được tạo trên chính tài sản Thương mại/Công nghiệp đô thị được tài trợ. ii. 03 séc kỳ hạn sau với tổng số tiền vay cộng với lãi suất. iii. Bảo lãnh cá nhân từ người vay, tất cả các đối tác và giám đốc của công ty cùng với 'Bản kê khai giá trị tài sản ròng cá nhân'. iv. Tài sản dựa trên Fard phải được đăng ký tương đương với tổng số tiền vay."
Lợi ích của Dịch vụ Tài chính Ô tô Ngân hàng NUST là gì?,"• Tỷ lệ Mark Up (lãi suất) Thả nổi & Cố định cạnh tranh. • Tùy chọn thanh toán một phần để giảm khoản trả góp hàng tháng. • Tỷ lệ bảo hiểm hấp dẫn ở mức 1,75% mỗi năm. • Xử lý nhanh chóng & Tối thiểu hóa thủ tục giấy tờ. • Miễn phí thiết bị định vị & Lắp đặt. • Không có phí ẩn. • Bảo hiểm tử vong do tai nạn miễn phí lên đến 1.000.000 Rs."
Các dịch vụ miễn phí được cung cấp trên Tài khoản Tiết kiệm NUST Sahar là gì?,"Phát hành Thẻ Ghi nợ đầu tiên, Cảnh báo SMS cho Giao dịch Kỹ thuật số, Ngân hàng trực tuyến I-Net, Chuyển khoản Nội bộ trong NUST qua chi nhánh (Chuyển khoản Trực tuyến), Rút/Gửi Tiền Mặt Trực tuyến Liên chi nhánh (Trực tuyến), Dịch vụ Sao kê Điện tử, Giao thẻ ghi nợ và séc đến địa chỉ khách hàng & kích hoạt qua Trung tâm Liên hệ. Các khoản phí phát sinh/Phí thường niên sau đó sẽ theo Biểu phí hiện hành."
Tài khoản vãng lai NUST Sahar có yêu cầu số dư tối thiểu không?,Không có yêu cầu số dư trung bình tối thiểu để duy trì tài khoản.
Thị trường mục tiêu của Tài khoản Số Asaan NUST là gì?,Tài khoản Số Asaan NUST được thiết kế đặc biệt cho các phân khúc khách hàng không có tài khoản ngân hàng hoặc ít sử dụng ngân hàng. Tài khoản này phù hợp nhất nhưng không giới hạn cho lực lượng lao động có tay nghề/không có tay nghề.
Các kế hoạch bảo hiểm EFU này có những tính năng chính nào?,"- Thời gian xem xét miễn phí 14 ngày bắt đầu từ ngày khách hàng nhận được Tài liệu Chính sách.
- Hệ thống tăng trưởng Liên kết đơn vị (EFU phân bổ các đơn vị quỹ tương hỗ cho khách hàng, sự tăng trưởng của chính sách phụ thuộc vào mức tăng trưởng tỷ giá đơn vị giống như thị trường chứng khoán).
- Ngân hàng NUST chỉ đóng vai trò là Đại lý Bán hàng Doanh nghiệp. Đây là một kế hoạch bảo hiểm, không được coi là bất kỳ Tài khoản hoặc Tiền gửi có kỳ hạn nào có lợi nhuận cố định hàng năm.
- Trong trường hợp chấm dứt sớm, chỉ Giá trị Tiền mặt của chính sách sẽ được thanh toán cho khách hàng (tỷ giá thị trường hiện tại của các đơn vị quỹ tương hỗ sẽ được hoàn trả).
- Việc hủy bỏ chính sách và tùy chọn hoàn tiền đầy đủ có sẵn nếu tài liệu chính sách được trả lại trong Thời gian xem xét miễn phí, tức là 14 ngày kể từ khi nhận được tài liệu.
- Giá trị Tiền mặt của chính sách có thể khác với lợi nhuận dự kiến được cung cấp trong tài liệu minh họa (tài liệu minh họa chỉ mang tính chất tham khảo)."
Ngân hàng NUST có cung cấp bất kỳ hình thức tài trợ nào đặc biệt cho việc sở hữu và nâng cao năng lực cơ sở kinh doanh không?,Ngân hàng NUST đã xây dựng một sản phẩm tài chính mới 'NUST Imarat Finance' thuộc phân khúc SME. Sản phẩm được phát triển nhằm ổn định hoạt động kinh doanh của các doanh nghiệp SME thông qua việc giúp họ sở hữu cơ sở kinh doanh (theo hình thức tài trợ thế chấp các tòa nhà thương mại/công nghiệp đô thị) để nâng cao năng lực của các SME. Sản phẩm được thiết kế cho các SME thuộc sở hữu của công chúng nói chung cũng như các sĩ quan quân đội đã nghỉ hưu và gia đình của các sĩ quan đang tại ngũ.
Phí xử lý cho Đơn đăng ký Tài chính Gạo NUST là bao nhiêu?,"Phí xử lý sẽ được tính @ 0,15% tổng hạn mức đã xử lý/được phê duyệt hoặc 25.000 Rs, tùy theo mức nào cao hơn."
Phí xử lý cho Đơn đăng ký Tài chính Nhà máy Bột mì NUST là bao nhiêu?,"Phí xử lý sẽ được tính @ 0,15% tổng hạn mức đã xử lý/được phê duyệt hoặc 25.000 Rs, tùy theo mức nào cao hơn."
Loại Tài khoản của Tài khoản Kỹ thuật số NUST Freelancer là gì? Là tài khoản Vãng lai hay Tiết kiệm?,"Tài khoản Kỹ thuật số NUST Freelancer cung cấp Tài khoản Vãng lai bằng PKR và FCY (USD, GBP, EUR, AED)."
Mức tỷ lệ Mark-up hiện tại của Tài chính Nhà máy Bột mì NUST là bao nhiêu?,"Tài chính Tiền mặt: KIBOR trung bình 3 tháng + 3% mỗi năm. Tài chính Hoạt động: KIBOR trung bình 3 tháng + 3,5% mỗi năm (được xem xét/điều chỉnh trên cơ sở hàng quý)."
NUST có cung cấp sản phẩm cho vay kinh doanh nào cho gia đình lực lượng vũ trang và sĩ quan đã nghỉ hưu của lực lượng vũ trang không?,"NUST Hunarmand Finance là một sản phẩm phụ của PMYB&ALS, được xây dựng với mục tiêu mang lại cơ hội kinh doanh cho các thị trường mục tiêu cụ thể. Sản phẩm được cung cấp cho: • Các sĩ quan ủy nhiệm, sĩ quan cấp dưới, sĩ quan không ủy nhiệm đã nghỉ hưu của lực lượng vũ trang và thành viên gia đình của họ (vợ/chồng và con cái). • Vợ/chồng và con cái của các sĩ quan ủy nhiệm, sĩ quan cấp dưới, sĩ quan không ủy nhiệm đang tại ngũ trong lực lượng vũ trang."
Độ tuổi tối đa để đăng ký Thẻ tín dụng NUST Mastercard là bao nhiêu?,"Người hưởng lương (Biên chế): 60 tuổi, Người hưởng lương (Hợp đồng)/ Người về hưu/ Tự kinh doanh/ Chuyên gia tự do: 65 tuổi."
Thời hạn vay tối đa là bao lâu?,• Đối với xe có dung tích xi-lanh lên đến 1000 CC: tối đa 5 năm. • Đối với xe có dung tích xi-lanh trên 1000 CC: tối đa 3 năm.
Mục đích nào mà Tài chính Xay xát Bột mì NUST được cung cấp?,"Tài chính Tiền mặt (CF) để đáp ứng nhu cầu vốn lưu động của hoạt động xay xát bột mì cho việc mua sắm lúa mì theo công suất xay xát. Tài chính Hoạt động (RF) để đáp ứng nhu cầu vốn lưu động như vận chuyển, lương & tiền công, tiện ích và các chi phí hành chính khác (Việc mua sắm lúa mì thông qua quỹ RF bị hạn chế)."
Các tính năng chính của Tài khoản Tiền gửi Hiện tại là gì?,"Được cung cấp bằng VNDĐ (PKR) & Ngoại tệ (USD, GBP, EUR, JPY & AED); Số tiền gửi tối thiểu để mở tài khoản là 5.000 Rs. cho VNDĐ, 500 USD hoặc tương đương cho Ngoại tệ; Không yêu cầu số dư tối thiểu hàng tháng; Thẻ Ghi nợ cho tài khoản PKR; Không giới hạn số tiền ghi có và ghi nợ hàng tháng"
Thời hạn tối đa của Tài chính Lúa gạo NUST là bao lâu?,"Tài chính Tiền mặt: Tối đa 270 ngày hoặc theo hành lang dọn dẹp tùy theo điều kiện nào đến trước, Tài chính Hoạt động: Một năm."
Số tiền tài trợ tối thiểu và tối đa là bao nhiêu?,"Hạn mức tín dụng sạch, tối thiểu 30.000 Rs và tối đa lên đến 3.0 triệu Rs hoặc theo tỷ lệ nợ trên thu nhập 40% tuân thủ theo quy định của Ngân hàng Nhà nước Pakistan."
Tiêu chí thu nhập tối thiểu hàng tháng là gì?,"Người hưởng lương (Công ty được phê duyệt): Công ty Hạng A - 40.000 PKR (Thường trú) & 60.000 PKR (Hợp đồng Công ty / Bên thứ 3), Công ty Hạng B & C - 50.000 PKR (Thường trú) & 60.000 PKR (Hợp đồng Công ty / Bên thứ 3). Người hưởng lương (Công ty không được phê duyệt): 70.000 PKR (Thường trú) & 80.000 PKR (Hợp đồng Công ty). Người hưởng lương (GOP): Đang tại ngũ - 35.000 PKR (Thường trú, BPS-5 trở lên) & 45.000 PKR (Hợp đồng), Đã nghỉ hưu - 40.000 PKR (phải có lương hưu với NUST). Lực lượng Vũ trang, Các đơn vị liên kết & Dân thường tại GHQ/NHQ/AHQ: Đang tại ngũ - 25.000 PKR (Sĩ quan Ủy nhiệm / Hạ sĩ quan & Cấp dưới), Đã nghỉ hưu - 40.000 PKR (Sĩ quan Ủy nhiệm) và 15.000 Rs. (Hạ sĩ quan & Cấp dưới, phải có lương hưu với NUST). SPD & các đơn vị liên kết - 25.000 PKR (Thường trú & Hợp đồng). Dân thường tại GHQ/NHQ/AHQ - 25.000 PKR (Thường trú) và 35.000 PKR (Hợp đồng). Tổ chức Fauji & các đơn vị liên kết: 25.000 PKR (Thường trú & Hợp đồng). SEB/SEP: 100.000 PKR (Khách hàng Chi nhánh), 150.000 PKR (Khách hàng không thuộc Chi nhánh)."
Tài khoản Số Freelancer NUST là gì?,"Tài khoản Số Freelancer NUST là một tài khoản được thiết kế riêng cho các freelancer, cung cấp giải pháp ngân hàng số tiện lợi giúp quản lý thanh toán, tiết kiệm và chi tiêu một cách hiệu quả."
Tài khoản Kỹ thuật số Freelancer của NUST có giới hạn Tín dụng và Ghi nợ nào không?,"Các giới hạn Giao dịch sau được áp dụng: Giới hạn Số dư Tín dụng Tối đa 5.000 USD hoặc tương đương, Giới hạn Ghi nợ Hàng tháng 5.000 USD hoặc tương đương, Giới hạn Rút tiền Mặt 500.000 PKR hoặc tương đương / mỗi ngày."
Mục đích nào mà Tài chính Xay xát Bột mì NUST được cung cấp?,"Tài chính Tiền mặt (CF) để đáp ứng nhu cầu vốn lưu động của hoạt động xay xát bột mì cho việc mua sắm lúa mì theo công suất xay xát. Tài chính Hoạt động (RF) để đáp ứng nhu cầu vốn lưu động như vận chuyển, lương & tiền công, tiện ích và các chi phí hành chính khác (Việc mua sắm lúa mì thông qua quỹ RF bị hạn chế)."
Các khoản phí dịch vụ/tài liệu/pháp lý tại NUST Rice Finance là bao nhiêu?,Theo thực tế.
Tài khoản NUST Maximiser là gì?,"Tài khoản NUST Maximiser là một tài khoản tiền gửi mang lại lợi nhuận cao hơn với tính linh hoạt trong việc truy cập dễ dàng vào tiền, nhằm mục đích tối đa hóa khoản tiết kiệm cho chủ tài khoản."
Các tính năng chính của Tài khoản Tiết kiệm NUST Maximiser là gì?,"- Chi trả lợi nhuận hấp dẫn hàng tháng, hàng quý, nửa năm và hàng năm. - Yêu cầu số dư trung bình tối thiểu hàng tháng là 100.000 Rs. - Phát hành Thẻ Ghi nợ dựa trên chip và Sổ Séc theo SOC hiện hành."
Các Tính năng chính của Tiền gửi Có kỳ hạn NUST Maximiser là gì?,"- Kỳ hạn: 1, 2, 3 & 5 năm. - Khoản đầu tư tối thiểu: Rs. 100,000. - Có tùy chọn gia hạn. - Thanh toán lợi nhuận hấp dẫn hàng tháng."
Có yêu cầu về doanh số tài khoản cho Tài chính Nhà máy Bột mì NUST không?,Tối thiểu 50% doanh số của người nộp đơn phải được chứng minh thông qua doanh số tài khoản tại ngân hàng.
Yêu cầu bảo đảm an ninh để được hưởng Chương trình Tài chính Hunarmand của NUST là gì?,"i. Bảo lãnh cá nhân của người vay đối với các khoản vay lên đến 1,5 triệu, và phải có ủy quyền ghi nợ trực tiếp của người vay/người hưởng lương hưu/người bảo lãnh. ii. Đối với các khoản vay trên 1,5 triệu, khoản vay phải được bảo đảm bằng tài sản động sản cũng như bất động sản của người vay theo quy định trong PMYB&ALs. iii. Bảo lãnh của sĩ quan đang tại ngũ trong lực lượng vũ trang trong trường hợp gia đình (vợ/chồng hoặc con cái) của họ vay vốn theo chương trình này."
Phí xử lý cho Đơn đăng ký Tài chính Xay xát Bột mì NUST là bao nhiêu?,"Phí xử lý sẽ được tính @ 0,15% tổng hạn mức đã xử lý/được phê duyệt hoặc 25.000 Rs, tùy theo mức nào cao hơn."
Tôi có thể vay bao nhiêu?,"Tối đa 3 triệu Rupee từ tất cả các ngân hàng/Tổ chức Tài chính Phát triển (DFIs) tính tổng cộng, với điều kiện tỷ lệ gánh nặng nợ tối đa là 40%."
Các tính năng chính của các Gói Bảo hiểm Nhân thọ Jubilee này là gì?,"- Thời gian xem xét miễn phí 14 ngày bắt đầu từ ngày khách hàng nhận được Tài liệu Chính sách.
- Hệ thống tăng trưởng Liên kết đơn vị (JLI phân bổ các đơn vị quỹ tương hỗ cho khách hàng, sự tăng trưởng của chính sách phụ thuộc vào mức tăng trưởng tỷ giá đơn vị, giống như thị trường chứng khoán).
- Ngân hàng NUST chỉ đóng vai trò là Đại lý Bán hàng Doanh nghiệp, đây là một kế hoạch bảo hiểm không được coi là bất kỳ tài khoản hoặc tiền gửi kỳ hạn nào có lợi nhuận hàng năm cố định.
- Trong trường hợp chấm dứt hợp đồng sớm, chỉ Giá trị Tiền mặt của chính sách sẽ được thanh toán cho khách hàng (tỷ giá thị trường hiện tại của các đơn vị quỹ tương hỗ sẽ được hoàn trả).
- Việc hủy bỏ chính sách và tùy chọn hoàn tiền đầy đủ có sẵn nếu tài liệu chính sách được trả lại trong Thời gian xem xét miễn phí (14 ngày kể từ khi nhận được tài liệu).
- Giá trị Tiền mặt của chính sách có thể khác với lợi nhuận dự kiến được cung cấp trong tài liệu minh họa (tài liệu minh họa chỉ mang tính chất tham khảo)."
Phí bảo hiểm là bao nhiêu?,Tính theo thực tế.
Ai có thể mở Tài khoản Kỹ thuật số Roshan?,"Người Pakistan không cư trú (NRP), Thành viên OPF, Người nước ngoài có Thẻ gốc Pakistan (POC), Công dân Pakistan có tài sản đã khai báo ở nước ngoài, Nhân viên & Quan chức Chính phủ đang công tác ở nước ngoài."
Yêu cầu mở tài khoản và số dư tối thiểu tại NAA là gì?,Tài khoản có thể được mở với 100 Rs và không có yêu cầu số dư tối thiểu.
Tỷ lệ đánh dấu hiện tại của NUST Imarat Finance là bao nhiêu?,Doanh nghiệp vừa và nhỏ (SME) thông thường: Tỷ lệ cho người dùng cuối: 12MK+4% mỗi năm (được xem xét lại hàng năm). Doanh nghiệp vừa và nhỏ (SME) được Hỗ trợ bởi Lực lượng Vũ trang: Tỷ lệ cho người dùng cuối: 12MK+2.5% mỗi năm (được xem xét lại hàng năm).
Thông Tin Quan Trọng Khác về Các Gói Bảo Hiểm EFU,"- Chỉ có Gói Giáo dục và Hôn nhân là gói kỳ hạn có Lợi ích Tiếp tục (trong trường hợp tử vong, khoản thanh toán sẽ được thực hiện khi đáo hạn)
- Gói Phí Bảo hiểm Một lần có thể chấm dứt bất cứ lúc nào, trong trường hợp tử vong, Giá trị Hoàn lại hoặc Số tiền Bảo đảm, tùy theo giá trị nào cao hơn, sẽ được chi trả
- Các phương thức Thanh toán Phí Bảo hiểm Hàng năm / Nửa năm / Quý có sẵn theo sự thuận tiện của khách hàng
- Gói Tăng trưởng Mạnh là gói rủi ro cao, phụ thuộc vào hồ sơ khách hàng
- Các Khiếu nại Tử vong sẽ do EFU xử lý với điều kiện hoàn tất các tài liệu theo yêu cầu và chỉ được chấp nhận nếu tình trạng hợp đồng là Đang hoạt động, Có hiệu lực/Đã phục hồi hiệu lực"
Hạn mức cho vay của NUST Rice Finance là gì?,"Doanh nghiệp vừa và lớn (ME): Lên đến 200 triệu Rupees (Tối đa), Doanh nghiệp siêu nhỏ và nhỏ (SE): Lên đến 25 triệu Rupees (Tối đa)."
Bảo hiểm Nhân thọ Jubilee Life Bancassurance là gì?,"Bảo hiểm Nhân thọ Jubilee Life Bancassurance là sản phẩm bảo hiểm nhân thọ do Ngân hàng NUST cung cấp thông qua hợp tác với Tổng Công ty Bảo hiểm Nhân thọ Jubilee, mang đến nhiều gói bảo hiểm nhân thọ đa dạng."
PRI có tuân theo luật của Ngân hàng Nhà nước hay Chính phủ không?,"Đây là một sáng kiến chung của Ngân hàng Nhà nước Pakistan, Bộ Người Pakistan ở nước ngoài và Bộ Tài chính."
Tài khoản NUST Waqaar là gì?,"Tài khoản NUST Waqaar là một loại tài khoản do Ngân hàng NUST cung cấp, được thiết kế đặc biệt để mang lại các giải pháp ngân hàng chuyên biệt, cung cấp những tính năng phù hợp với nhu cầu của khách hàng về tiết kiệm và giao dịch."
Thời hạn tối đa trong PMYB & ALS là bao lâu?,Khoản vay dài hạn: Tối đa 8 năm (Thời gian ân hạn tối đa 1 năm). Khoản vay vốn lưu động: Tối đa 05 năm (Thời gian ân hạn tối đa 2 năm). Lãi suất sẽ được thu trong thời gian ân hạn.
Các tính năng chính của Tài khoản Vãng lai NUST Sahar Asaan là gì?,"Mở tài khoản đơn giản với mẫu đơn mở tài khoản một trang & CNIC, Phát hành sổ séc, Phát hành thẻ ghi nợ PayPak miễn phí."
NUST Home Remittance là gì?,"NUST Home Remittance là một dịch vụ do Ngân hàng NUST cung cấp, cho phép cá nhân gửi và nhận kiều hối từ nước ngoài, mang lại một phương thức an toàn và thuận tiện thông qua các kênh ngân hàng."
Các Tính năng chính của Tiền gửi Có kỳ hạn NUST Maximiser là gì?,"- Thời hạn: 1, 2, 3 & 5 năm. - Khoản đầu tư tối thiểu: Rs. 100,000. - Có tùy chọn gia hạn. - Thanh toán lợi nhuận hấp dẫn hàng tháng."
Thời hạn tối đa của Tài chính Lúa gạo NUST là bao lâu?,"Tài chính Tiền mặt: Tối đa 270 ngày hoặc theo chu kỳ dọn dẹp, tùy điều kiện nào đến trước. Tài chính Hoạt động: Một năm."
Độ tuổi tối thiểu để đăng ký Thẻ tín dụng NUST Mastercard là bao nhiêu?,"Tối thiểu 21 tuổi và là cư dân Pakistan, có thể đăng ký Thẻ tín dụng NUST MasterCard."
Tỷ lệ Mark-up hiện tại của Ngân hàng Tài chính NUST Sahar là bao nhiêu?,Tỷ lệ Mark-up @5% mỗi năm. Mark-up tính theo Kibor 12 tháng + 4% mỗi năm sẽ được áp dụng cho đến khi khoản yêu cầu tái tài trợ được Ngân hàng Nhà nước Pakistan (SBP) hoàn trả.
Phí xử lý cho Đơn đăng ký Tài chính Nhà máy Bột mì NUST là bao nhiêu?,"Phí xử lý sẽ được tính @ 0,15% tổng hạn mức đã xử lý/được phê duyệt hoặc 25.000 Rs, tùy theo mức nào cao hơn."
Phí xử lý cho Đơn đăng ký Tài chính Gạo NUST là bao nhiêu?,"Phí xử lý sẽ được tính @ 0,15% tổng hạn mức đã xử lý/được phê duyệt hoặc 25.000 Rs, tùy theo mức nào cao hơn."
"Đối với tất cả các sản phẩm Banca của Jubilee Life, có sẵn tờ rơi không?","Có, tờ rơi có sẵn cho tất cả các sản phẩm Banca của Jubilee Life."
Ngân hàng NUST có cung cấp tài khoản nào cho mục đích nhận kiều hối không?,"Có, Tài khoản Nhận Kiều hối PakWatan. Thông qua Tài khoản Nhận Kiều hối PakWatan, người thụ hưởng có thể nhanh chóng và an toàn nhận kiều hối từ người thân sống ở nước ngoài trực tiếp vào tài khoản ngân hàng của mình mà không cần đến chi nhánh."
Hạn mức cho vay của Chương trình Tài trợ Nhà máy Bột mì NUST là gì?,Mỗi bên (một thực thể duy nhất) có thể vay tối đa 75 triệu Rs cho Doanh nghiệp vừa và 25 triệu Rs cho Doanh nghiệp nhỏ.
Thời hạn vay tối đa là bao lâu?,• Đối với xe có dung tích xi-lanh lên đến 1000 CC: tối đa 5 năm. • Đối với xe có dung tích xi-lanh trên 1000 CC: tối đa 3 năm.
Bảo hiểm tài sản có bắt buộc không?,Có. Bảo hiểm tài sản là bắt buộc; Phí bảo hiểm do bên vay chịu. Bảo hiểm này chi trả chi phí xây dựng của ngôi nhà được tài trợ và giá trị tài sản trong trường hợp căn hộ.
Bản chất của các khoản vay được cho phép trong PMYB & ALS?,• Khoản vay dài hạn / Khoản vay phát triển • Vốn lưu động / Khoản vay sản xuất
Tỷ lệ lợi nhuận cho tiền gửi có kỳ hạn bằng ngoại tệ là bao nhiêu?,"Tỷ lệ lợi nhuận cho USD: 0,0025, GBP: 0,0025, EUR: 0."
Yêu cầu số dư tối thiểu cho Tài khoản Tiền gửi Đặc biệt của NUST là gì?,Không yêu cầu số dư trung bình tối thiểu hàng tháng. Không yêu cầu số dư mở tài khoản tối thiểu.
Tài sản đảm bảo cho khoản vay là gì?,Xe được tài trợ sẽ là tài sản đảm bảo cho khoản vay và sẽ được thế chấp cho Ngân hàng NUST.
Thị trường mục tiêu là gì?,"Cá nhân có giá trị ròng cao (đơn lẻ hoặc chung), Doanh nghiệp Tư nhân, Công ty Hợp danh, Công ty Trách nhiệm hữu hạn Công khai và Tư nhân, Tổ chức Chính phủ, Tập đoàn, Câu lạc bộ, Hội, Hiệp hội, Tổ chức phi chính phủ (NGO)."
Các tính năng chính của các Gói Bảo hiểm Nhân thọ NUST này là gì?,"• Thời gian Xem xét Miễn phí 14 ngày bắt đầu từ ngày khách hàng nhận được Tài liệu Chính sách. • Các kế hoạch tăng trưởng theo hệ thống Đầu tư Trực tiếp (NUST Life trực tiếp đầu tư quỹ vào quỹ tương hỗ Universal Life). • NUST Bank chỉ đóng vai trò là Đại lý Bán hàng Doanh nghiệp. Đây là một kế hoạch bảo hiểm, không được coi là Tài khoản Ngân hàng hoặc Tiền gửi Có kỳ hạn với Lợi nhuận Cố định hàng năm. • Trong trường hợp chấm dứt hợp đồng sớm, chỉ Giá trị Tiền mặt của hợp đồng sẽ được thanh toán cho khách hàng. • Việc hủy bỏ hợp đồng và tùy chọn hoàn tiền đầy đủ có sẵn nếu tài liệu hợp đồng được trả lại trong Thời gian Xem xét Miễn phí (14 ngày kể từ khi nhận được tài liệu). • Giá trị Tiền mặt của hợp đồng có thể khác với lợi nhuận dự kiến được cung cấp trong tài liệu minh họa (tài liệu minh họa chỉ mang tính chất tham khảo)."
Ngân hàng NUST có cung cấp tài khoản nào mang lại lợi nhuận hấp dẫn cho khoản tiết kiệm của tôi không?,Tài khoản Tiền gửi Đặc biệt NUST (ASDA) được thiết kế đặc biệt cho khách hàng có số dư lớn để đáp ứng nhu cầu giao dịch và tiết kiệm của họ.
Có bất kỳ khoản phí thanh lý hợp đồng trước hạn / phí trả trước một phần không?,Không.
Tài khoản Little Champs là gì?,Tài khoản Little Champs là sản phẩm được thiết kế đặc biệt cho trẻ vị thành niên (cá nhân dưới 18 tuổi). Trẻ em cần sự hỗ trợ của người giám hộ hợp pháp/cha mẹ để mở tài khoản này và sử dụng các tiện ích của nó.
NUST Ujala Finance được cung cấp cho những mục đích nào?,"Doanh nghiệp vừa và nhỏ (SME), Nhân viên NUST và Hộ gia đình: Phát điện để tự sử dụng hoặc cung cấp cho công ty phân phối / NEPRA. Nhà cung cấp/Vendor: Cho thuê lại thiết bị năng lượng tái tạo / bán hàng trả chậm / cho thuê hoặc bán điện cho người dùng cuối cùng."
Thời gian xử lý hồ sơ là bao lâu?,Thời gian xử lý hồ sơ Tài chính Cá nhân là 10 ngày làm việc từ khi đăng nhập đến khi được phê duyệt (phụ thuộc vào hồ sơ hoàn chỉnh với đầy đủ tài liệu yêu cầu).
Các khoản phí dịch vụ/tài liệu/pháp lý trong PMYB & ALS là gì?,Theo thực tế
Tiêu chí thu nhập tối thiểu hàng tháng là gì?,"Cơ quan Chính phủ / Bán Chính phủ / Tự trị, v.v.: Biên chế, 35.000 Rs/- Hợp đồng, 45.000 Rs/-; Công ty được Phê duyệt: Biên chế, 40.000 Rs/- Hợp đồng, 60.000 Rs/-; Không được Phê duyệt (Tài khoản lương với NUST): 70.000 Rs/- Hợp đồng, 80.000 Rs/-."
Tài khoản Doanh nghiệp Cao cấp Value Premium (VPBA) là gì?,Tài khoản Doanh nghiệp Cao cấp Value Premium (VPBA) là một tài khoản doanh nghiệp cao cấp được thiết kế cho các doanh nghiệp tìm kiếm các dịch vụ và tính năng ngân hàng ưu việt để đáp ứng nhu cầu hoạt động của họ.
Ngân hàng NUST có cung cấp tài khoản nào cho Người Pakistan không cư trú (NRP) không?,"Có, Tài khoản Kỹ thuật số Roshan. Được thiết kế đặc biệt cho các cá nhân Người Pakistan không cư trú (NRP) muốn thực hiện các hoạt động ngân hàng, thanh toán và đầu tư tại Pakistan."
Ngân hàng NUST có cung cấp dịch vụ tài trợ dựa trên chứng khoán thanh khoản không?,"NUST Fauri Business Finance đã được triển khai nhằm cung cấp một gói dịch vụ nhanh chóng để đáp ứng nhu cầu tài chính kinh doanh của các khách hàng vay mới. Sản phẩm này được cung cấp để đáp ứng các nhu cầu ngắn hạn, trung hạn và dài hạn của doanh nghiệp, đồng thời có sẵn cho các Doanh nghiệp vừa và nhỏ (SME) & Thương mại thuộc mọi lĩnh vực đủ điều kiện theo sổ tay chính sách tín dụng của NUST."
Yêu cầu bảo đảm an ninh để được hưởng Chương trình Tài chính Hunarmand của NUST là gì?,"i. Bảo lãnh cá nhân của người vay đối với các khoản vay lên đến 1,5 triệu, và ủy quyền ghi nợ trực tiếp của người vay/người hưởng lương hưu/người bảo lãnh phải được thu thập. ii. Đối với các khoản vay trên 1,5 triệu, khoản vay phải được bảo đảm bằng tài sản động sản cũng như bất động sản của người vay theo quy định trong PMYB&ALs. iii. Bảo lãnh của sĩ quan đang tại ngũ trong lực lượng vũ trang trong trường hợp gia đình (vợ/chồng hoặc con cái) của họ vay vốn theo chương trình này."
Ngân hàng NUST có cung cấp tài khoản nào dành riêng cho phụ nữ không?,"Có! Ngân hàng NUST cung cấp Tài khoản NUST Sahar. Công dân Pakistan là nữ, cá nhân và thường trú có thể mở tài khoản được cung cấp theo Dịch vụ Ngân hàng NUST Sahar."
Các loại xe nào được cung cấp theo Tài chính Ô tô NUST?,• Xe lắp ráp/sản xuất trong nước. • Xe mới/xe đã qua sử dụng. • Xe thương mại hoặc xe sử dụng cho mục đích thương mại không được tài trợ.
Vui lòng cho tôi biết về số dư tối thiểu hàng tháng được yêu cầu?,Không yêu cầu tiền gửi ban đầu. 25.000 Rs/- (Số dư trung bình hàng tháng).
Có bất kỳ loại thuế nào áp dụng cho tài khoản này không?,Zakat và các loại thuế khác được áp dụng theo quy định của pháp luật.
Tài khoản Chuyển tiền Kỹ thuật số NUST Asaan có giới hạn giao dịch nào không?,"Có, các giới hạn giao dịch sau áp dụng cho Tài khoản Chuyển tiền Kỹ thuật số NUST Asaan: Hạn mức Số dư Có tối đa là 3.000.000 PKR, Hạn mức Rút tiền Mặt là 500.000 PKR mỗi ngày, Hạn mức Chuyển tiền là 500.000 PKR mỗi ngày và Hạn mức Tín dụng Nội địa là 1.000.000 PKR mỗi ngày."
Phí xử lý cho Ứng dụng Tài chính Ask Fauri là bao nhiêu?,Phí cố định 3.000 Rs tại thời điểm bắt đầu và cho mỗi lần gia hạn.
NUST4Car – Cơ sở Tài chính Ô tô của Ngân hàng NUST là gì?,"NUST4Car là một cơ sở tài chính ô tô do Ngân hàng NUST cung cấp, hỗ trợ các cá nhân tài trợ cho việc mua xe ô tô thông qua các kế hoạch trả góp dễ dàng và lãi suất cạnh tranh."
Thời hạn tối đa của Tài chính Nhà máy Bột mì NUST là bao lâu?,Tối đa 1 năm theo các hành lang dọn dẹp.
Tôi nên liên hệ với ai trong trường hợp cần khiếu nại về Chuyển tiền về nhà?,"Với mọi thắc mắc/khiếu nại liên quan đến Chuyển tiền về nhà, bạn có thể liên hệ Trung tâm Dịch vụ Chuyển tiền chuyên trách của chúng tôi theo số UAN 021-111-000-787. Bạn cũng có thể gửi email thắc mắc/khiếu nại đến địa chỉ remittance@NUSTbank.com.pk"
Có thể sử dụng dịch vụ Thẻ tín dụng ở khu vực nào của đất nước?,Thẻ tín dụng có thể được sử dụng tại tất cả các thành phố / khu vực mà không có sự phân biệt.
Loại Tài khoản của Tài khoản Kỹ thuật số NUST Freelancer là gì? Là tài khoản Vãng lai hay Tiết kiệm?,"Tài khoản Kỹ thuật số NUST Freelancer cung cấp Tài khoản Vãng lai bằng PKR và FCY (USD, GBP, EUR, AED)."
Cơ cấu pháp lý của doanh nghiệp để được hưởng Tài chính NUST Sahar là gì?,"Chủ sở hữu duy nhất, Công ty hợp danh, Công ty trách nhiệm hữu hạn tư nhân, Công ty một thành viên (SMC), Cá nhân kinh doanh (Do phụ nữ làm chủ). Đối với Công ty hợp danh/ Công ty trách nhiệm hữu hạn tư nhân, có 02 đối tác hoặc giám đốc, tối thiểu 51% cổ đông/ Giám đốc điều hành phải là nữ và người này cũng phải là người nộp đơn. Nếu có nhiều hơn 02 đối tác hoặc giám đốc, cổ đông lớn phải là phụ nữ, người này cũng phải là Giám đốc điều hành và là người nộp đơn."
Yêu cầu tiền gửi ban đầu của Tài khoản Vãng lai NUST Sahar Asaan là gì?,Chỉ 100 Rs.
Các lợi ích miễn phí của Tài khoản Chuyển tiền Kỹ thuật số NUST Asaan là gì?,"Một số lợi ích miễn phí của Tài khoản Chuyển tiền Kỹ thuật số NUST Asaan bao gồm: Phát hành miễn phí sổ séc đầu tiên (25 tờ), Phát hành thẻ ghi nợ PayPak đầu tiên miễn phí, Giao sổ séc và thẻ ghi nợ đầu tiên miễn phí, Dịch vụ cảnh báo SMS miễn phí (Giao dịch kỹ thuật số), Sao kê điện tử & Ngân hàng trực tuyến miễn phí, Gửi/Rút tiền mặt trực tuyến liên chi nhánh miễn phí, Chuyển khoản nội bộ miễn phí trong NUST qua chi nhánh, Phát hành séc ngân hàng miễn phí và Bảo hiểm/Takaful tử vong và thương tật do tai nạn miễn phí lên đến 2,5 triệu PKR với số dư trung bình hàng tháng là 100,000 PKR."
Phí xử lý hồ sơ là bao nhiêu?,Theo Biểu phí hiện hành (SOC) hoặc theo thỏa thuận với doanh nghiệp.
Yêu cầu số dư tối thiểu cho Tài khoản Tiền gửi Đặc biệt của NUST là gì?,Không yêu cầu số dư trung bình tối thiểu hàng tháng. Không yêu cầu số dư mở tài khoản tối thiểu.
Thời hạn tài trợ là bao lâu?,Thẻ tín dụng NUST là một tiện ích thường trực và có thể gia hạn sau khi thẻ tín dụng hết hạn.
Phí xử lý cho Đơn xin Tài chính của NUST Sahar là bao nhiêu?,Lên đến 0.70 triệu Rupee: 2000 Rupee (Không hoàn lại). Trên 0.70 triệu và lên đến 5 triệu Rupee: 3000 Rupee (Không hoàn lại).
Tiêu chí thu nhập tối thiểu hàng tháng là gì?,"Chính phủ / Bán chính phủ / Các cơ quan tự trị, v.v.: Thường trú: 35.000 Rs/- Hợp đồng: 45.000 Rs/-; Công ty được phê duyệt: Thường trú: 40.000 Rs/- Hợp đồng: 60.000 Rs/-; Không được phê duyệt (Tài khoản lương với NUST): 70.000 Rs/- Hợp đồng: 80.000 Rs/-."
Độ tuổi tối thiểu để đăng ký Thẻ tín dụng NUST Mastercard là bao nhiêu?,"Tối thiểu 21 tuổi và là cư dân Pakistan, có thể đăng ký Thẻ tín dụng NUST MasterCard."
NUST Ujala Finance được cung cấp cho những mục đích nào?,"Doanh nghiệp vừa và nhỏ (SME), Nhân viên NUST và Hộ gia đình: Phát điện để tự sử dụng hoặc cung cấp cho công ty phân phối / NEPRA. Nhà cung cấp/Vendor: Cho thuê tiếp thiết bị năng lượng tái tạo / bán hàng trả chậm / cho thuê hoặc bán điện cho người dùng cuối cùng."
Yêu cầu số dư mở và duy trì tối thiểu cho VPCA là gì?,Không yêu cầu số dư khi mở tài khoản. Không yêu cầu số dư trung bình tối thiểu hàng tháng. Phân bổ tủ gửi đồ (khi có sẵn) khi duy trì số dư trung bình tối thiểu hàng tháng là 50.000 Rs.
NUST4Car – Cơ sở Tài chính Ô tô của Ngân hàng NUST là gì?,"NUST4Car là một cơ sở tài chính ô tô do Ngân hàng NUST cung cấp, hỗ trợ các cá nhân tài trợ cho việc mua xe ô tô thông qua các kế hoạch trả góp dễ dàng và lãi suất cạnh tranh."
Tỷ lệ đánh dấu hiện tại của Tài chính NUST Imarat là bao nhiêu?,Doanh nghiệp vừa và nhỏ (SME) thông thường: Tỷ lệ cho người dùng cuối: 12MK+4% mỗi năm (được xem xét lại hàng năm). Doanh nghiệp vừa và nhỏ (SME) được Lực lượng Vũ trang Hỗ trợ: Tỷ lệ cho người dùng cuối: 12MK+2.5% mỗi năm (được xem xét lại hàng năm).
NUST Ujala Finance được cung cấp cho những mục đích nào?,"Doanh nghiệp vừa và nhỏ (SME), Nhân viên NUST và Hộ gia đình: Phát điện để tự sử dụng hoặc cung cấp cho công ty phân phối / NEPRA. Nhà cung cấp/Vendor: Cho thuê tiếp thiết bị năng lượng tái tạo / bán hàng trả chậm / cho thuê hoặc bán điện cho người dùng cuối cùng."
Đối tượng mục tiêu của Tài khoản Doanh nghiệp Value Plus là gì?,"Hộ kinh doanh cá thể, Công ty hợp danh, Doanh nghiệp nhỏ."
Yêu cầu số tiền gửi tối thiểu để mở Tài khoản Tiết kiệm NUST Waqaar & Tiền gửi Có kỳ hạn NUST Waqaar là bao nhiêu?,• Tiền gửi tối thiểu để mở Tài khoản Tiết kiệm NUST Waqaar là 1.000 Rs. • Tiền gửi tối thiểu để mở Tài khoản Tiền gửi Có kỳ hạn NUST Waqaar là 25.000 Rs. Lưu ý: Khách hàng phải là chủ tài khoản của NUST để đặt tiền vào Tiền gửi Có kỳ hạn NUST Waqaar.
Tài khoản Kỹ thuật số Freelancer của NUST có giới hạn Tín dụng và Ghi nợ nào không?,"Các giới hạn Giao dịch sau được áp dụng: Giới hạn Số dư Tín dụng tối đa 5.000 USD hoặc tương đương, Giới hạn Ghi nợ Hàng tháng 5.000 USD hoặc tương đương, Giới hạn Rút tiền Mặt 500.000 PKR hoặc tương đương / mỗi ngày."
Các khoản phí áp dụng cho Chương trình Tài chính Hunarmand của NUST là gì?,Được áp dụng theo quy định của PMYB & ALS.
Tỷ lệ Mark-up hiện tại của Quỹ Tài chính NUST Hunarmand là bao nhiêu?,"Bậc 2: 4,5% mỗi năm. Bậc 3: 6,5% mỗi năm."
Tôi có thể thực hiện trả trước một phần hoặc tất toán khoản vay trước hạn không?,"Có, khách hàng có thể thực hiện trả trước một phần hoặc tất toán khoản vay trước hạn. Phí sẽ được áp dụng theo biểu phí hiện hành của Ngân hàng."
Tài khoản Vãng lai Giá trị Cộng (Cá nhân) (VPCA) là gì?,"Tài khoản Vãng lai Giá trị Cộng (VPCA) là một sản phẩm tài khoản vãng lai dành cho cá nhân, cung cấp các tính năng gia tăng giá trị, giúp phù hợp cho nhu cầu ngân hàng cá nhân với nhiều lợi ích bổ sung dành cho chủ tài khoản."
Các khoản phí dịch vụ/tài liệu/pháp lý tại NUST Ujala Finance là bao nhiêu?,Theo thực tế.
Có bao nhiêu Gói Bảo hiểm Nhân thọ NUST?,"• NUST Life Value Plan: Gói Bảo vệ Trọn đời và Tiết kiệm, Phí bảo hiểm = 18K. • NUST Life Munafa Mehfooz Plan: Gói Thời hạn Có hạn (5 Năm), Phí bảo hiểm = 50K."
Các tính năng chính của Tài khoản Vãng lai NUST Sahar Asaan là gì?,"Mở tài khoản đơn giản với mẫu đơn mở tài khoản một trang & CNIC, Phát hành sổ séc, Phát hành thẻ ghi nợ PayPak miễn phí."
Bancassurance được cung cấp bởi ba công ty cung cấp bảo hiểm sau:,"• Công ty TNHH Bảo hiểm Nhân thọ NUST
• Công ty TNHH Bảo hiểm Nhân thọ EFU
• Công ty TNHH Bảo hiểm Nhân thọ Jubilee."
Có độ tuổi tối thiểu nào để được tài trợ tại NUST Ujala Finance không?,Tài trợ SE/ME: Từ 25-55 tuổi tại thời điểm nộp đơn. (Một trong các đối tác/giám đốc phải đáp ứng tiêu chí về tuổi). Nhà cung cấp/Người bán: Từ 25-55 tuổi tại thời điểm nộp đơn. (Một trong các đối tác/giám đốc phải đáp ứng tiêu chí về tuổi). Tài trợ cho Nhân viên NUST: Không giới hạn độ tuổi. Tài trợ cho Ứng viên Nội địa: Từ 25-55 tuổi tại thời điểm nộp đơn. (Một trong những người vay hoặc người đồng vay phải đáp ứng tiêu chí)
Thời hạn tối đa tại NUST Hunarmand Finance là bao lâu?,Khoản vay dài hạn: Tối đa 8 năm (Thời gian ân hạn tối đa 1 năm). Khoản vay vốn lưu động: Tối đa 5 năm (Thời gian ân hạn tối đa 2 năm). Phần lãi suất sẽ được thu trong thời gian ân hạn.
VPCA có đi kèm bất kỳ quyền lợi bảo hiểm nào không?,Bảo hiểm Rút tiền mặt tại ATM. Bảo hiểm “Tử vong do Tai nạn & Thương tật Vĩnh viễn” 24 Giờ trên Toàn cầu.
Cần những tài liệu gì để mở Tài khoản Little Champs?,"• Bản sao Giấy khai sinh (Form-B), Giấy khai sinh, hoặc Thẻ học sinh (tùy theo trường hợp) của trẻ vị thành niên
• Bản sao của một trong các giấy tờ tùy thân hợp lệ sau đây của người giám hộ:
  1. Thẻ Căn cước Công dân (CNIC) do NADRA cấp
  2. Thẻ Căn cước cho Người Pakistan ở nước ngoài (NICOP) do NADRA cấp
  3. Thẻ Nguồn gốc Pakistan (POC) do NADRA cấp
  4. Thẻ Đăng ký Người nước ngoài (ARC) do Cục Đăng ký Người nước ngoài Quốc gia (NARA), Bộ Nội vụ cấp (chỉ dành cho tài khoản nội tệ)
  5. Hộ chiếu có thị thực hợp lệ, hoặc bất kỳ giấy tờ chứng minh cư trú hợp pháp nào khác kèm theo hộ chiếu (chỉ dành cho cá nhân người nước ngoài)
  6. Nguồn thu nhập của người giám hộ."
Làm thế nào để tôi nhận được cập nhật về Đơn xin Vay Cá nhân của mình?,Bạn cũng có thể đến thăm/gọi điện hoặc gửi email đến trung tâm Dịch vụ Khách hàng của chúng tôi. Địa chỉ email: CustomerServices@NUSTbank.com.pk
Tiêu chí thu nhập tối thiểu hàng tháng là gì?,"Người hưởng lương (Công ty được phê duyệt): Công ty Hạng A - 40.000 PKR (Thường trú) & 60.000 PKR (Hợp đồng Công ty / Bên thứ 3), Công ty Hạng B & C - 50.000 PKR (Thường trú) & 60.000 PKR (Hợp đồng Công ty / Bên thứ 3). Người hưởng lương (Công ty không được phê duyệt): 70.000 PKR (Thường trú) & 80.000 PKR (Hợp đồng Công ty). Người hưởng lương (Chính phủ): Đang tại ngũ - 35.000 PKR (Thường trú, BPS-5 trở lên) & 45.000 PKR (Hợp đồng), Đã nghỉ hưu - 40.000 PKR (điều kiện nhận lương hưu từ NUST). Lực lượng Vũ trang, Các đơn vị liên kết & Dân thường tại GHQ/NHQ/AHQ: Đang tại ngũ - 25.000 PKR (Sĩ quan Ủy nhiệm / Hạ sĩ quan & Cấp dưới), Đã nghỉ hưu - 40.000 PKR (Sĩ quan Ủy nhiệm) và 15.000 PKR (Hạ sĩ quan & Cấp dưới, điều kiện nhận lương hưu từ NUST). SPD & các đơn vị liên kết - 25.000 PKR (Thường trú & Hợp đồng). Dân thường tại GHQ/NHQ/AHQ - 25.000 PKR (Thường trú) và 35.000 PKR (Hợp đồng). Tổ chức Fauji & các đơn vị liên kết: 25.000 PKR (Thường trú & Hợp đồng). Doanh nhân/Tự kinh doanh: 100.000 PKR (Khách hàng Chi nhánh), 150.000 PKR (Khách hàng không thuộc Chi nhánh)."
Có hạn ngạch nào dành cho phụ nữ không?,25% khoản vay sẽ dành cho các nữ con vay.
Các dịch vụ miễn phí đi kèm với tài khoản chuyển tiền PakWatan là gì?,Các dịch vụ miễn phí bao gồm: Sổ séc đầu tiên 25 tờ (Chỉ dành cho tài khoản vãng lai). Phát hành thẻ ghi nợ NUST Visa (phí thường niên và phí thay thế sẽ được áp dụng). Phát hành séc ngân hàng. Rút/gửi tiền mặt liên chi nhánh trực tuyến (Online). Chuyển khoản nội bộ trong NUST qua chi nhánh (Chuyển khoản trực tuyến). Ngân hàng Internet. SMS cho các giao dịch kỹ thuật số. Sao kê điện tử.
Có độ tuổi tối thiểu để được hỗ trợ tài chính tại Quỹ Tài chính NUST Ujala không?,Tài trợ cho Doanh nhân Xã hội/Doanh nhân Vi mô: Từ 25-55 tuổi tại thời điểm nộp đơn. (Một trong các đối tác/giám đốc phải đáp ứng tiêu chí về tuổi). Nhà cung cấp/Người bán: Từ 25-55 tuổi tại thời điểm nộp đơn. (Một trong các đối tác/giám đốc phải đáp ứng tiêu chí về tuổi). Tài trợ cho Nhân viên NUST: Không giới hạn độ tuổi. Tài trợ cho Ứng viên Nội địa: Từ 25-55 tuổi tại thời điểm nộp đơn. (Một trong những người vay hoặc người đồng vay phải đáp ứng tiêu chí)
Mức lãi suất hiện tại của Ngân hàng Tài chính NUST Ujala là bao nhiêu?,6% mỗi năm cho tất cả mọi người. Lãi suất tính theo Kibor 12 tháng + 4% mỗi năm sẽ được áp dụng cho đến khi khoản tái tài trợ được Ngân hàng Nhà nước Pakistan (SBP) hoàn trả.
Thuế Zakat và WHT có áp dụng cho Tài khoản Roshan Digital không?,Thuế Zakat và WHT trên lợi nhuận không áp dụng cho tài khoản RDA.
Các tính năng chính của Chính sách Bancassurance của JLI là gì?,"- Bảo vệ Gia đình ngắn hạn và Tiết kiệm Dài hạn
- Số tiền Bảo hiểm Tối thiểu = 18.000, Không giới hạn Tối đa
- Thời hạn Bảo hiểm Tối thiểu = 10 Năm
- Các quyền lợi bổ sung cũng có sẵn với chi phí (Quyền lợi bổ sung và bảo hiểm nhân thọ bổ sung)
- Jubilee Life cung cấp các kế hoạch khác nhau cho khách hàng theo nhu cầu và yêu cầu của họ."
Ngân hàng có cung cấp tùy chọn Tiền gửi có kỳ hạn cho tài khoản này không?,"Có, tùy chọn đặt mua Tiền gửi có kỳ hạn NUST Sahar độc quyền từ Tài khoản Vãng lai NUST Sahar với lãi suất hấp dẫn là có sẵn."
Ngân hàng có yêu cầu vốn chủ sở hữu cho chương trình này không?,Hạng 2: 10% (Kinh doanh mới). Hạng 3: 20% (Kinh doanh mới). Kinh doanh hiện tại: Không yêu cầu.
Có phí phạt trả chậm không?,3.000 Rs cho mỗi đợt thanh toán.
Tôi có thể trả khoản vay trước khi đáo hạn không?,"Có. Bạn có thể trả khoản vay trước khi đáo hạn. Tuy nhiên, các khoản phí sẽ được áp dụng theo Quy chế phí (SOC) hiện hành."
Tài khoản NUST Maximiser là gì?,"Tài khoản NUST Maximiser là một tài khoản tiền gửi mang lại lợi nhuận cao hơn với tính linh hoạt trong việc truy cập dễ dàng vào tiền, nhằm mục đích tối đa hóa khoản tiết kiệm cho chủ tài khoản."
Phí xử lý cho Đơn xin Tài chính của NUST Sahar là bao nhiêu?,Lên đến 0.70 triệu Rupee: 2000 Rupee (Không hoàn lại). Trên 0.70 triệu và lên đến 5 triệu Rupee: 3000 Rupee (Không hoàn lại).
Tài khoản Số Kỹ thuật NUST Asaan có Giới hạn Giao dịch Hàng tháng (Giới hạn Ghi nợ và Tín dụng) không?,"Có, Tài khoản Số Kỹ thuật NUST Asaan có Giới hạn Giao dịch Hàng tháng. Giới hạn Số dư Tín dụng Tối đa là 1.000.000 PKR và Giới hạn Ghi nợ Hàng tháng cũng là 1.000.000 PKR."
Tôi có thể sử dụng dịch vụ khoản vay mua ô tô cho nhiều hơn một xe không?,"Có. Bạn có thể sử dụng dịch vụ cho hai xe đồng thời từ Ngân hàng NUST, tùy thuộc vào Hạn mức Công nợ."
Các tính năng chính của Tài khoản Kỹ thuật số Roshan là gì?,"Được cung cấp bằng PKR và USD/GBP/EUR. Cảnh báo SMS trên số điện thoại đã đăng ký trong nước và quốc tế. Thanh toán hóa đơn & chuyển tiền trong Pakistan thông qua ATM địa phương và ngân hàng trực tuyến. Đầu tư vào Chứng chỉ Naya Pakistan, Bất động sản, Giấy gửi tiền có kỳ hạn NUST và Thị trường Chứng khoán. Lưu ý: Không được phép gửi tiền nội địa vào RDA."
Tỷ lệ Mark-up hiện tại của Quỹ Tài chính NUST Hunarmand là bao nhiêu?,"Bậc 2: 4,5% mỗi năm. Bậc 3: 6,5% mỗi năm."
Làm thế nào để tôi nhận được cập nhật về Đơn xin Vay Cá nhân của mình?,Bạn cũng có thể đến thăm/gọi điện hoặc gửi email đến trung tâm Dịch vụ Khách hàng của chúng tôi. Địa chỉ email: CustomerServices@NUSTbank.com.pk
Có phí thanh toán trễ không?,"1.000 PKR cộng FED cho mỗi lần và mỗi khoản trả góp, bao gồm thời gian gia hạn. Phí thanh toán trễ sẽ được áp dụng sau 15 ngày kể từ khi khoản trả góp đến hạn, tức là vào ngày thứ 16."
Tôi có thể vay vốn nếu có nợ xấu từ các khoản vay trước đây không?,Không. Bạn cần phải thanh toán đều đặn các khoản vay trước đó.
Có độ tuổi tối thiểu nào để được nhận tài trợ trong PMYB & ALS và có yêu cầu trình độ/kinh nghiệm bắt buộc nào không?,"Tất cả công dân Pakistan từ 21 đến 45 tuổi đều đủ điều kiện nộp đơn, tuy nhiên đối với các doanh nghiệp liên quan đến CNTT/Thương mại điện tử, độ tuổi tối thiểu sẽ là 18 tuổi (yêu cầu ít nhất phải tốt nghiệp trung học cơ sở hoặc trình độ tương đương)."
Có độ tuổi tối thiểu nào để được hỗ trợ tài chính tại NUST Hunarmand Finance không?,"Tất cả công dân Pakistan trong độ tuổi từ 21 đến 45 đều đủ điều kiện nộp đơn. Tuy nhiên, đối với các doanh nghiệp liên quan đến CNTT/Thương mại điện tử, độ tuổi tối thiểu sẽ là 18 tuổi."
Tài khoản Vãng lai Giá trị Gia tăng (Cá nhân) (VPCA) là gì?,"Tài khoản Vãng lai Giá trị Gia tăng (VPCA) là một sản phẩm tài khoản vãng lai cá nhân cung cấp các tính năng gia tăng giá trị, phù hợp cho nhu cầu ngân hàng cá nhân với nhiều lợi ích bổ sung dành cho chủ tài khoản."
Các dịch vụ miễn phí được cung cấp trên Tài khoản Tiết kiệm NUST Sahar là gì?,"Phát hành Thẻ Ghi nợ đầu tiên, Cảnh báo SMS cho Giao dịch Kỹ thuật số, Ngân hàng trực tuyến I-Net, Chuyển khoản Nội bộ trong NUST qua chi nhánh (Chuyển khoản Trực tuyến), Rút/Gửi Tiền Mặt Trực tuyến Liên chi nhánh (Trực tuyến), Dịch vụ Sao kê Điện tử, Giao thẻ ghi nợ và séc đến địa chỉ khách hàng & kích hoạt qua Trung tâm Liên hệ. Các khoản phí phát sinh/Phí hàng năm sau đó sẽ được tính theo Biểu phí hiện hành."
Các tiện ích miễn phí đi kèm với Tài khoản Kỹ thuật số Roshan là gì?,Phát hành thẻ ghi nợ miễn phí lần đầu (phí thường niên theo Biểu phí hiện hành - SOC). Dịch vụ ngân hàng trực tuyến I-Net miễn phí. Bản sao kê điện tử miễn phí.
Phí xử lý cho Đơn đăng ký Tài chính Nhà máy Bột mì NUST là bao nhiêu?,"Phí xử lý sẽ được tính @ 0,15% tổng hạn mức đã xử lý/được phê duyệt hoặc 25.000 Rs, tùy theo mức nào cao hơn."
Lãi suất cho Tài khoản Tiết kiệm NUST Maximiser là bao nhiêu?,Chi trả lãi: Hàng tháng. Lãi suất: 0.19.
Hạn mức cho vay của PMYB & ALS là gì?,"Bậc 2: Trên 0,5 triệu Rupee và lên đến 1,5 triệu Rupee. Bậc 3: Trên 1,5 triệu Rupee và lên đến 7,5 triệu Rupee."
Các dịch vụ miễn phí được cung cấp trên Tài khoản Tiết kiệm NUST Sahar là gì?,"Phát hành Thẻ Ghi nợ đầu tiên, Cảnh báo SMS cho Giao dịch Kỹ thuật số, Ngân hàng trực tuyến I-Net, Chuyển khoản Nội bộ trong NUST qua chi nhánh (Chuyển khoản Trực tuyến), Rút/Gửi Tiền Mặt Trực tuyến Liên chi nhánh (Trực tuyến), Dịch vụ Sao kê Điện tử, Giao thẻ ghi nợ và sổ séc tại địa chỉ khách hàng & kích hoạt qua Trung tâm Liên hệ. Các khoản phí phát sinh/Phí thường niên sau đó sẽ theo Biểu phí hiện hành."
Các tính năng chính của Chính sách Bảo hiểm EFU Bancassurance là gì?,"- Bảo vệ gia đình và Tiết kiệm dài hạn
- Số tiền bảo hiểm tối thiểu = 18.000, không giới hạn tối đa
- Thời hạn bảo hiểm tối thiểu = 10 năm (Ngoại trừ Kế hoạch Đóng phí Một lần)
- Các quyền lợi bổ sung có sẵn với chi phí bổ sung (Sản phẩm bổ trợ và bảo hiểm nhân thọ bổ sung)
- EFU Life cung cấp các kế hoạch khác nhau cho khách hàng theo nhu cầu và yêu cầu của khách hàng"
Chính sách Bancassurance của Jubilee Life là gì?,"Chính sách Bancassurance của Jubilee Life là sản phẩm bảo hiểm nhân thọ do Ngân hàng NUST cung cấp với sự hợp tác của Công ty Bảo hiểm Nhân thọ Jubilee, mang đến nhiều gói bảo hiểm nhân thọ đa dạng."
Yêu cầu tài sản đảm bảo cho Ask Fauri Business Finance là gì?,"NUST: Quyền cầm cố trên tiền gửi NUST CA/SA/TDR, bao gồm bên thứ ba (LCY/FCY). Chứng chỉ Tiết kiệm Quốc gia (NSC): Quyền cầm cố đối với NSC bao gồm tên chung/chủ sở hữu."
Hạn mức cho vay của Quỹ Tài chính NUST Hunarmand là gì?,"Bậc 2: Trên 0,5 triệu Rupee và lên đến 1,5 triệu Rupee. Bậc 3: Trên 1,5 triệu Rupee và lên đến 7,5 triệu Rupee."
Phí bảo hiểm là bao nhiêu?,Tính theo thực tế.
Số tiền tài trợ tối thiểu và tối đa là bao nhiêu?,"Số tiền tài trợ tối thiểu là Rs. 50,000 (Rs. 35,000 đối với JCOs đã nghỉ hưu & Hạ tầng - Phụ thuộc vào lương hưu với NUST). Tài trợ tối đa lên đến Rs. 3,000,000 (Đối với khách hàng không phải prime) và lên đến Rs. 4,000,000 (Đối với khách hàng prime). Giới hạn tài trợ tối đa sẽ lên đến 40% Tỷ lệ Gánh nặng Nợ và theo Quy định PR của SBP."
Vui lòng cho tôi biết về các tiện ích miễn phí được cung cấp trên Tài khoản Vãng lai Giá trị Cộng cho Doanh nghiệp Cao cấp khi duy trì số dư trung bình tối thiểu hàng tháng?,Phát hành sổ séc. Sao kê tài khoản bản sao. Phát hành Thẻ ghi nợ (Phí phát sinh/Phí thường niên sẽ theo SOC hiện hành). Tiện ích Ngân hàng trực tuyến. Cảnh báo SMS cho Giao dịch Kỹ thuật số. Gửi tiền bằng séc trong ngày và liên tỉnh. Sao kê điện tử. Gửi tiền/Rút tiền mặt trực tuyến liên chi nhánh (Trực tuyến). Chuyển khoản nội bộ trong NUST qua chi nhánh (Chuyển khoản trực tuyến). Phát hành séc của ngân hàng. Phát hành LC/LG miễn phí (được bảo đảm bằng tiền mặt hoặc dựa trên lien tài khoản).
Thị trường mục tiêu cho Tài khoản Doanh nghiệp Value Plus là gì?,"Hộ kinh doanh cá thể, Công ty hợp danh, Doanh nghiệp nhỏ."
Tỷ lệ lợi nhuận cho Tài khoản NUST Waqaar - Công dân Cao tuổi là bao nhiêu?,"Thanh toán lợi nhuận: Hàng tháng. Tỷ lệ lợi nhuận: 0,19."
Ngân hàng có yêu cầu vốn chủ sở hữu cho chương trình này không?,"Kinh doanh mới: 20% vốn chủ sở hữu. Kinh doanh hiện có: Không yêu cầu vốn chủ sở hữu, khoản đầu tư hiện tại vào doanh nghiệp sẽ được tính là vốn chủ sở hữu."
Có phí thanh toán trễ không?,Phí thanh toán trễ 1.000 PKR cộng FED sẽ được tính sau ngày thứ 30 kể từ khi khoản trả góp quá hạn.
Có thể sử dụng Dịch vụ Tài chính Cá nhân của NUST ở khu vực nào của quốc gia?,Dịch vụ Tài chính Cá nhân có thể được sử dụng tại tất cả các thành phố có chi nhánh của NUST.
Độ tuổi tối thiểu để đăng ký Tài chính Thế chấp NUST là bao nhiêu?,"Người hưởng lương: 21 tuổi, Tự kinh doanh/Chuyên gia tự do: 23 tuổi."
Các lợi ích miễn phí của Tài khoản Số Asaan NUST là gì?,"Một số lợi ích miễn phí của Tài khoản Số Asaan NUST bao gồm: Phát hành miễn phí sổ séc đầu tiên (25 tờ), Phát hành thẻ ghi nợ PayPak đầu tiên miễn phí, Giao sổ séc và thẻ ghi nợ đầu tiên miễn phí, Dịch vụ cảnh báo SMS miễn phí (Giao dịch số), Sao kê điện tử & Ngân hàng trực tuyến I-Net miễn phí, Gửi/Rút tiền mặt trực tuyến liên chi nhánh miễn phí, Chuyển khoản nội bộ miễn phí trong NUST qua chi nhánh và Phát hành séc ngân hàng miễn phí."
"Tôi muốn hỏi về việc mở Tài khoản Chuyển tiền Kỹ thuật số, vui lòng cho tôi biết có những lựa chọn nào?","Tài khoản Chuyển tiền Kỹ thuật số NUST Asaan được thiết kế đặc biệt cho Cá nhân Cư dân Pakistan muốn nhận kiều hối từ gia đình và bạn bè đang sống ở nước ngoài, trực tiếp vào tài khoản ngân hàng mà không cần phải đến chi nhánh."
Tôi muốn hỏi về việc mở tài khoản vãng lai cho doanh nghiệp tại Ngân hàng của Quý vị. Xin vui lòng cho tôi biết tôi có những lựa chọn nào?,Tài khoản Doanh nghiệp NUST Value Plus là lựa chọn phù hợp nhất cho các startup và doanh nghiệp.
Tài khoản Chia sẻ Lợi nhuận và Thua lỗ (PLS) là gì?,"Tài khoản Chia sẻ Lợi nhuận và Thua lỗ (PLS) là một loại tài khoản ngân hàng Hồi giáo, trong đó lợi nhuận và thua lỗ được chia sẻ giữa ngân hàng và chủ tài khoản dựa trên thỏa thuận đã thiết lập."
Yêu cầu bảo đảm để được cấp tài chính NUST Imarat là gì?,"i. Thế chấp hiệu lực (Công bằng/hoặc đã đăng ký biên nhận) phải được tạo trên chính tài sản Thương mại/Công nghiệp đô thị được tài trợ. ii. 03 séc có kỳ hạn với tổng số tiền khoản vay cộng lãi. iii. Bảo lãnh cá nhân từ người vay, tất cả các đối tác và giám đốc của công ty cùng với 'Bản kê khai tài sản ròng cá nhân'. iv. Tài sản dựa trên Fard phải được đăng ký tương đương với tổng số tiền cho vay."
Bảo hiểm xe có bắt buộc không?,"Có. Bảo hiểm toàn diện cho xe là bắt buộc trong suốt thời hạn vay với chi phí do người vay chịu, thông qua bất kỳ công ty bảo hiểm nào trong danh sách được chấp thuận bởi Ngân hàng NUST."
Tỷ lệ Mark-up hiện tại của Tài chính Gạo NUST là bao nhiêu?,"Tài chính Tiền mặt: KIBOR 3 tháng + Lên đến 3,00% mỗi năm, Tài chính Hoạt động: KIBOR 3 tháng + Lên đến 3,50% mỗi năm (được xem xét/điều chỉnh trên cơ sở hàng quý)."
Tài chính Lúa gạo NUST được cung cấp cho những mục đích nào?,"Tài chính Tiền mặt (CF) Để đáp ứng nhu cầu vốn lưu động của các Nhà máy Xay xát Lúa gạo cho việc thu mua lúa theo công suất xay xát. Tài chính Hoạt động (RF) Để đáp ứng nhu cầu vốn lưu động của các Nhà máy Xay xát Lúa gạo, ví dụ như chi phí vận chuyển, lương & tiền công, tiện ích và các chi phí hành chính khác, v.v. (Việc thu mua lúa bằng nguồn vốn RF bị hạn chế)."
Có phí thanh toán trễ không?,Phí thanh toán trễ 1.000 PKR cộng FED sẽ được tính sau ngày thứ 30 kể từ khi khoản trả góp quá hạn.
Ngân hàng NUST có cung cấp bất kỳ hình thức tài trợ nào đặc biệt cho việc sở hữu và nâng cao năng lực của cơ sở kinh doanh không?,Ngân hàng NUST đã xây dựng một sản phẩm tài chính mới 'NUST Imarat Finance' thuộc phân khúc SME. Sản phẩm được phát triển nhằm ổn định hoạt động kinh doanh của các doanh nghiệp SME thông qua việc giúp họ sở hữu cơ sở kinh doanh (theo hình thức tài chính thế chấp các tòa nhà thương mại/công nghiệp đô thị) để nâng cao năng lực của các SME. Sản phẩm được thiết kế dành cho các SME thuộc sở hữu của công chúng nói chung cũng như các sĩ quan quân đội đã nghỉ hưu và gia đình của các sĩ quan đang tại ngũ.
Chúng tôi có thể mở tài khoản này trực tuyến không?,"Có, dịch vụ mở tài khoản kỹ thuật số có sẵn với thời gian mở tài khoản trong vòng 48 giờ."
Có điều kiện nào liên quan đến việc duy trì tài khoản ngân hàng để được sử dụng Tài chính NUST Imarat không?,Bảng sao kê tài khoản ngân hàng tối thiểu 1 năm với NUST hoặc Bảng sao kê ngân hàng tối thiểu 2 năm với bất kỳ ngân hàng nào khác.
Có danh sách chi nhánh nào tôi có thể truy cập để lấy thông tin không?,Danh sách các chi nhánh trong nước của NUST có thể được xem từ công cụ Định vị Chi nhánh có trên trang web doanh nghiệp của chúng tôi www.nustbank.com. https://NUSTbank.com/find-us/
Tài khoản vãng lai NUST Sahar có yêu cầu số dư tối thiểu không?,Không có yêu cầu số dư trung bình tối thiểu để duy trì tài khoản.
Các dịch vụ miễn phí được cung cấp trên Tài khoản Tiết kiệm NUST Sahar là gì?,"Phát hành thẻ ghi nợ đầu tiên, Cảnh báo SMS cho Giao dịch Kỹ thuật số, Ngân hàng trực tuyến I-Net, Chuyển khoản nội bộ trong NUST qua chi nhánh (Chuyển khoản trực tuyến), Rút/Gửi tiền mặt trực tuyến liên chi nhánh (Trực tuyến), Dịch vụ Sao kê điện tử, Giao thẻ ghi nợ và séc đến địa chỉ khách hàng & kích hoạt qua Trung tâm Liên hệ. Các khoản phí phát sinh/Phí thường niên sau đó sẽ theo Biểu phí hiện hành."
Hạn mức cho vay của NUST Imarat Finance là gì?,"AIF 1: Tối thiểu 5,00 triệu Rs & Tối đa 100 triệu Rs. AIF 2: Tối thiểu 5,00 triệu Rs & Tối đa 50 triệu Rs. AIF 3: Tối đa 30 triệu Rs hoặc lên đến 30% giá trị thị trường hợp lý (FSV) của tài sản thế chấp, tùy theo mức nào thấp hơn. AIF 4: Tối đa 5 triệu Rs hoặc lên đến 25% giá trị thị trường hợp lý (FSV) của tài sản thế chấp, tùy theo mức nào thấp hơn."
Ngân hàng NUST có đang cung cấp dịch vụ tài trợ thời vụ cho các nhà máy xay xát gạo không?,"Tài trợ Gạo NUST được thiết kế để đáp ứng nhu cầu tài trợ thời vụ cho việc thu mua lúa và các chi phí quản lý khác của các nhà máy xay xát gạo, dựa trên hiệu quả hoạt động trong quá khứ và năng lực xay xát nhằm thỏa mãn các nhu cầu tài chính thời vụ của họ. Phạm vi của sản phẩm nhắm đến các 'Nhà máy Xay xát Gạo' thuộc danh mục Doanh nghiệp Vừa và Nhỏ (SME)."
Độ tuổi tối thiểu để đủ điều kiện mở Tài khoản NUST Waqaar & Yêu cầu số tiền gửi tối thiểu là gì?,"Độ tuổi tối thiểu để đủ điều kiện là 55 tuổi. Đối với tài khoản chung, chủ tài khoản chính phải đáp ứng tiêu chí về độ tuổi."
Tài khoản Doanh nghiệp Cao cấp Value Premium (VPBA) là gì?,Tài khoản Doanh nghiệp Cao cấp Value Premium (VPBA) là một tài khoản doanh nghiệp cao cấp được thiết kế dành cho các doanh nghiệp tìm kiếm các dịch vụ và tính năng ngân hàng cao cấp để đáp ứng nhu cầu hoạt động của họ.
Có lợi ích nào khác khi mở Tài khoản Chuyển tiền PakWatan không?,"• Miễn thuế WHT (thuế khấu trừ tại nguồn) khi rút tiền mặt từ các khoản kiều hối nhận được từ nước ngoài. • Khách hàng cũng có thể đủ điều kiện nhận Tài chính Cá nhân, Thẻ Tín dụng và Tài chính Ô tô sau sáu tháng duy trì Tài khoản Chuyển tiền PakWatan, tùy thuộc vào các tiêu chí đủ điều kiện của ngân hàng."
Tỷ lệ lợi nhuận cho Tài khoản Tiết kiệm NUST là bao nhiêu?,"Thanh toán lợi nhuận: Hàng tháng. Tỷ lệ lợi nhuận: 0,19."
Các khoản phí dịch vụ/tài liệu/pháp lý tại NUST Ujala Finance là bao nhiêu?,Theo thực tế.
Tài khoản Vãng lai NUST Sahar Asaan có bất kỳ Hạn chế Giao dịch nào không?,"Hạn mức rút tiền hàng tháng lên đến Rs. 1.000.000, Hạn mức Số dư Tín dụng Tổng thể lên đến Rs. 1.000.000. Các giao dịch xuyên biên giới (ra nước ngoài) sẽ không được cho phép, ngoại trừ trường hợp giao dịch quốc tế được thực hiện qua thẻ ghi nợ."
Thị trường mục tiêu là gì?,Các cá nhân điều hành một doanh nghiệp dịch vụ tự do (freelance).
Tôi có thể thực hiện trả nợ lớn cuối kỳ hoặc chấm dứt khoản vay trước hạn không?,"Có, phương thức trả nợ lớn cuối kỳ hoặc chấm dứt khoản vay trước hạn có sẵn cho tất cả khách hàng. Phí sẽ được áp dụng theo biểu phí hiện hành của Ngân hàng / Theo thỏa thuận doanh nghiệp."
Loại tài khoản của NAA là gì?,NAA có thể được mở cả trong Tài khoản Vãng lai & Tiết kiệm.
Điều gì xảy ra nếu tôi không thực hiện được nghĩa vụ thanh toán?,"Trong trường hợp quá hạn/vi phạm thanh toán, bộ phận thu hồi nợ của NUST sẽ liên hệ với bạn, thông tin khoản vay của bạn sẽ được báo cáo cho Cục Tín dụng. Phí thanh toán chậm và phí trả lại séc cũng có thể được áp dụng theo biểu phí hiện hành. Ngân hàng cũng có thể khởi động các thủ tục pháp lý."
Tài trợ Lúa Gạo NUST được cung cấp cho những mục đích nào?,"Tài trợ Tiền mặt (CF) Để đáp ứng nhu cầu vốn lưu động của các nhà máy xay xát gạo cho việc thu mua lúa theo công suất xay xát. Tài trợ Linh hoạt (RF) Để đáp ứng nhu cầu vốn lưu động của các nhà máy xay xát gạo như: vận chuyển, lương & tiền lương, tiện ích và các chi phí hành chính khác, v.v. (Việc thu mua lúa bằng nguồn vốn RF bị hạn chế)."
Thời hạn tài trợ tối thiểu và tối đa là bao lâu?,Tối thiểu 01 năm. Tối đa 04 năm (lên đến 7 năm đối với Khoản vay Giáo dục) hoặc theo Quy định ưu tiên hiện hành của Ngân hàng Nhà nước Pakistan (SBP PRs).
Có khoản khấu trừ thuế nào đối với Chuyển tiền về nước không?,Dịch vụ Chuyển tiền về nước được miễn thuế.
Yêu cầu bảo đảm để được hưởng PMYB & ALS là gì?,"Cấp 2: i. Tín nhiệm; bảo lãnh cá nhân của bên vay. ii. 02 séc đã ký ngày sau cho số tiền trả góp. iii. 01 séc đã ký ngày sau cho toàn bộ số tiền vay cộng với phần lãi theo lịch trình khấu hao. Cấp 3: i. Thế chấp tài sản nhà ở/thương mại/công nghiệp do bên vay hoặc bên thứ ba sở hữu. ii. HPA trên phương tiện giao thông mang tên bên vay hoặc thành viên gia đình ruột thịt. iii. Tài sản bảo đảm thanh khoản (lien trên tiền gửi, chứng chỉ tiết kiệm, TDR, v.v.)."
Phí phạt rút tiền trước hạn đối với Tiền gửi có kỳ hạn NUST Sahar là gì?,"Việc rút tiền Tiền gửi có kỳ hạn NUST Sahar trước ngày đáo hạn sẽ chịu phí phạt rút tiền trước hạn như sau: Số tiền gốc x 1,5% mỗi năm trên thời gian còn lại của Tiền gửi có kỳ hạn. Mức phí tối thiểu là 1,5% số tiền gốc. Số tiền phạt sẽ chỉ trong phạm vi lợi nhuận đã trả/ có thể trả."
Có phí trả chậm không?,"Phí 1.000 Rs cho mỗi kỳ trả góp. Trong trường hợp trả chậm, lãi suất thương mại sẽ được áp dụng trên số tiền gốc còn nợ."
Tôi có thể nhận kiều hối tại Pakistan nếu không có tài khoản ngân hàng ở bất kỳ ngân hàng nào không?,Bạn có thể nhận kiều hối của mình từ bất kỳ chi nhánh nào trong số 600+ chi nhánh trong nước của NUST trên toàn quốc nếu bạn có CNIC hợp lệ và Mã số tham chiếu giao dịch duy nhất / Mã pin.
Người Pakistan ở nước ngoài có thể nhận được dịch vụ Tài chính Nhà ở từ NUST không?,"Có. Tuy nhiên, họ có thể đăng ký với tư cách là Người vay cùng với thu nhập có thể xác minh được. Người vay chính từ Pakistan cũng phải đáp ứng các tiêu chí cơ bản bắt buộc cho MF."
Phí xử lý cho PMYB & ALS là bao nhiêu?,100 Rs
Đối tượng mục tiêu của Tài khoản Doanh nghiệp Value Plus là gì?,"Hộ kinh doanh cá thể, Công ty hợp danh, Doanh nghiệp nhỏ."
Có độ tuổi tối thiểu nào để được hỗ trợ tài chính tại Quỹ Tài chính NUST Hunarmand không?,"Tất cả công dân Pakistan trong độ tuổi từ 21 đến 45 đều đủ điều kiện để đăng ký. Tuy nhiên, đối với các doanh nghiệp liên quan đến CNTT/Thương mại điện tử, độ tuổi tối thiểu sẽ là 18 tuổi."
EFU Life Bancassurance Policy là gì?,"EFU Life Bancassurance Policy là sản phẩm bảo hiểm được cung cấp thông qua Ngân hàng NUST phối hợp với Công ty Bảo hiểm Nhân thọ EFU, mang đến các giải pháp bảo hiểm nhân thọ đa dạng."
Ai sẽ bảo hiểm cho xe của tôi?,"Ngân hàng NUST có thỏa thuận bảo hiểm với các công ty bảo hiểm uy tín với mức phí bảo hiểm hấp dẫn, Miễn phí thiết bị định vị và Miễn phí Bảo hiểm Tử vong do Tai nạn lên đến 1 triệu Rs. Khách hàng phải chọn một công ty bảo hiểm theo ý muốn từ Danh sách các công ty bảo hiểm được NUST phê duyệt."
Các khoản phí dịch vụ/tài liệu/pháp lý trong Tài chính Xay xát Bột mì NUST là gì?,Theo thực tế.
Ngân hàng có yêu cầu vốn chủ sở hữu cho chương trình này không?,Hạng 2: 10% (Kinh doanh mới). Hạng 3: 20% (Kinh doanh mới). Kinh doanh hiện tại: Không.
Thời hạn tối đa tại NUST Hunarmand Finance là bao lâu?,Khoản vay dài hạn: Tối đa 8 năm (Thời gian ân hạn tối đa 1 năm). Khoản vay vốn lưu động: Tối đa 5 năm (Thời gian ân hạn tối đa 2 năm). Lãi suất sẽ được thu trong thời gian ân hạn.
Ngân hàng có yêu cầu vốn chủ sở hữu cho chương trình này không?,Hạng 2: 10% (Kinh doanh mới). Hạng 3: 20% (Kinh doanh mới). Kinh doanh hiện tại: Không yêu cầu.
Tỷ lệ lợi nhuận cho Tài khoản Tiết kiệm PLS là bao nhiêu?,Chi trả lợi nhuận: Nửa năm một lần. Tỷ lệ lợi nhuận: 0.19.
Các dịch vụ miễn phí đi kèm với Tài khoản Tiền gửi Hiện tại là gì?,Dịch vụ cảnh báo SMS miễn phí cho Giao dịch Kỹ thuật số; Sao kê điện tử & Ngân hàng trực tuyến miễn phí; Gửi/Rút tiền mặt trực tuyến miễn phí giữa các chi nhánh (Trực tuyến); Chuyển khoản nội bộ miễn phí trong NUST qua chi nhánh (Chuyển khoản trực tuyến); Phát hành Séc ngân hàng miễn phí
Thời hạn tối đa của Tài chính Nhà máy Bột mì NUST là bao lâu?,Tối đa 1 năm theo hành lang dọn dẹp nợ.
Tỷ lệ đánh dấu hiện tại của Tài chính NUST Sahar là bao nhiêu?,Tỷ lệ đánh dấu @5% mỗi năm. Đánh dấu ở mức 12M Kibor + 4% mỗi năm sẽ được tính cho đến khi khoản yêu cầu tái tài trợ được Ngân hàng Nhà nước Pakistan (SBP) hoàn trả.
Liên kết Cổng thông tin Web Ngân hàng NUST dành cho RDA là gì?,https://secureportal.NUSTbank.com/rda/
Có yêu cầu về độ tuổi kinh doanh không?,Không.
Độ tuổi tối đa để đăng ký Thẻ tín dụng NUST Mastercard là bao nhiêu?,"Người hưởng lương (Biên chế): 60 tuổi, Người hưởng lương (Hợp đồng)/ Người về hưu/ Tự kinh doanh/ Chuyên gia tự do: 65 tuổi."
Người Pakistan ở nước ngoài có thể nhận được dịch vụ Tài chính Nhà ở từ NUST không?,"Có. Tuy nhiên, họ có thể đăng ký với tư cách là Người vay cùng với thu nhập có thể xác minh được. Người vay chính từ Pakistan cũng phải đáp ứng các tiêu chí cơ bản bắt buộc cho MF."
Có độ tuổi tối thiểu nào để được tài trợ tài chính tại NUST Imarat Finance không?,"Kinh doanh mới: Tối thiểu 30 tuổi tại thời điểm nộp đơn, tuy nhiên độ tuổi không được vượt quá 60 tuổi tại thời điểm đáo hạn khoản vay. Kinh doanh hiện có: Tối thiểu 30 tuổi tại thời điểm nộp đơn, tuy nhiên độ tuổi không được vượt quá 65 tuổi tại thời điểm đáo hạn khoản vay."
Tài khoản Doanh nghiệp Value Plus (VP-BA) là gì?,Tài khoản Doanh nghiệp Value Plus (VP-BA) là một tài khoản doanh nghiệp cung cấp một loạt lợi ích và giải pháp được thiết kế riêng cho các doanh nghiệp để quản lý các giao dịch tài chính của họ một cách hiệu quả.
Tôi muốn tìm hiểu về việc mở tài khoản vãng lai cho Cá nhân tại Ngân hàng của Quý vị. Xin vui lòng cho tôi biết những lựa chọn nào tôi có?,Tài khoản Vãng lai NUST Value Plus được thiết kế đặc biệt cho cá nhân để đáp ứng các nhu cầu tài chính của họ.
Bản chất của các hình thức tài trợ được cung cấp theo Ask Fauri Business Finance là gì?,"AFBF-1: Tài trợ lưu động, AFBF-2: Khoản vay có kỳ hạn, AFBF-3: Thư bảo lãnh, AFBF-4: Thư tín dụng - Trả ngay / Có kỳ hạn."
Ngân hàng có yêu cầu vốn chủ sở hữu cho chương trình này không?,"Hạng 2: 10% (Doanh nghiệp mới). Hạng 3: 20% (Doanh nghiệp mới). Đối với doanh nghiệp đang hoạt động, không yêu cầu vốn chủ sở hữu."
Tỷ lệ Mark-up hiện tại của Tài chính Nhà máy Bột mì NUST là bao nhiêu?,Tài chính Tiền mặt: KIBOR trung bình 3 tháng + 3% mỗi năm. Tài chính Hoạt động: KIBOR trung bình 3 tháng + 3.5% mỗi năm (được xem xét/điều chỉnh hàng quý).
Tỷ giá chuyển đổi nào sẽ được áp dụng khi chuyển tiền?,Tỷ giá chuyển đổi tương tự sẽ được áp dụng tại thời điểm gửi tiền. Ngân hàng liên kết hoặc Công ty chuyển đổi ngoại tệ xác nhận tỷ giá chuyển đổi với người gửi tại thời điểm chuyển tiền.
Có độ tuổi tối thiểu nào để được hỗ trợ tài chính tại NUST Rice Finance không?,"Tối thiểu 20 tuổi (trong trường hợp doanh nghiệp tư nhân), tối đa 65 tuổi tại thời điểm nộp đơn. Tiêu chí này không áp dụng nếu doanh nghiệp là công ty hợp danh hoặc công ty trách nhiệm hữu hạn. Độ tuổi có thể được linh hoạt trong trường hợp có kế hoạch kế thừa hiệu quả."
Tỷ lệ lợi nhuận cho tài khoản tiết kiệm ngoại tệ là bao nhiêu?,"Tỷ lệ lợi nhuận cho USD: 0,0025, GBP: 0,0025, EUR: 0."
Tôi sẽ nhận tiền kiều hối bằng loại tiền tệ nào?,Tất cả các khoản thanh toán kiều hối trong nước đều được giải ngân bằng Rupee Pakistan.
PMYB & ALS được cung cấp cho những mục đích nào?,• Để bắt đầu doanh nghiệp mới • Để mở rộng doanh nghiệp hiện có
Có giới hạn nào đối với chi tiêu quốc tế không?,"Theo chỉ thị của Ngân hàng Nhà nước (SBP) có hiệu lực từ ngày 1 tháng 11 năm 2022, giới hạn tối đa hàng năm trên toàn ngành là 30.000 USD/người đối với các giao dịch xuyên biên giới qua thẻ (thẻ ghi nợ/thẻ tín dụng và thẻ ảo). Trách nhiệm chính thuộc về khách hàng để đảm bảo rằng giới hạn hàng năm của mình không bị vượt quá vào bất kỳ thời điểm nào. Để tránh mọi bất tiện, Quý khách được đề nghị vui lòng hạn chế chi tiêu quốc tế trong giới hạn đã quy định. Các khoản thanh toán thương mại xuyên biên giới qua thẻ phát hành cho cá nhân là không được phép. Lưu ý: Ngân hàng NUST có quyền từ chối bất kỳ đơn đăng ký nào theo tiêu chí của Ngân hàng."
Có bất kỳ khoản phí thanh lý hợp đồng trước hạn / phí trả nợ trước hạn không?,Không.
Ai có thể đăng ký Tài chính Cá nhân NUST?,"1. Sĩ quan Lực lượng Vũ trang: Nhân viên đang tại ngũ, nhân viên đã nghỉ hưu. 2. Hạ sĩ quan/Cấp bậc tương đương & Thấp hơn: Nhân viên đang tại ngũ, nhân viên đã nghỉ hưu. 3. Lực lượng Vũ trang Đồng minh (SPD & các đơn vị liên kết) và Dân sự (tại GHQ/NHQ & AHQ): Nhân viên đang làm việc (Nhân viên Biên chế & Hợp đồng). 4. Tập đoàn Fauji Foundation: Nhân viên biên chế, nhân viên hợp đồng. 5. Cá nhân hưởng lương: Nhân viên biên chế, nhân viên hợp đồng. 6. Cơ quan Chính phủ/Bán Chính phủ/Tự chủ: Nhân viên biên chế, nhân viên hợp đồng, nhân viên đã nghỉ hưu. 7. Nhân viên NUST (được điều chỉnh theo Chính sách Nhân sự)."
Thời hạn tối đa của Tài chính NUST Sahar là bao lâu?,Tài chính Ngắn hạn/Vốn lưu động: Tối đa 3 năm không có thời gian ân hạn. Tài chính Dài hạn: Tối đa 5 năm (bao gồm thời gian ân hạn lên đến 6 tháng). Lãi suất sẽ được thu trong thời gian ân hạn.
"Tôi là người nước ngoài, tôi có thể gửi tiền sang Pakistan không?","Có, bạn có thể."
Ngân hàng của bạn có cung cấp tài khoản Lãi & Lỗ không?,"Có, Tài khoản Chia sẻ Lãi Lỗ được thiết kế đặc biệt để đáp ứng nhu cầu giao dịch và tiết kiệm của khách hàng."
Tôi có thể thực hiện trả trước một phần hoặc toàn bộ khoản vay trước hạn không?,"Có, Khách hàng được quyền trả trước một phần hoặc toàn bộ khoản vay trước hạn. Phí sẽ được áp dụng theo biểu phí hiện hành của Ngân hàng / Theo thỏa thuận với doanh nghiệp."
Ngân hàng NUST có cung cấp Tài khoản Ngân hàng Kỹ thuật số đơn giản không?,"Có, Tài khoản Kỹ thuật số Asaan của NUST đang được cung cấp."
Có thể sử dụng Dịch vụ Tài chính Cá nhân từ NUST ở khu vực nào của quốc gia?,Dịch vụ Tài chính Cá nhân có thể được sử dụng tại tất cả các thành phố có chi nhánh của NUST.
Bản chất của tài chính tại NUST Sahar Finance là gì?,i. Tài chính Dài hạn ii. Tài chính Ngắn hạn/Vốn lưu động
Hạn mức cho vay của Tài chính NUST Sahar là gì?,Kinh doanh mới: Khoản vay tối đa 3.00 triệu Rupees. Kinh doanh hiện có: Khoản vay tối đa 5.00 triệu Rupees.
Phí bảo hiểm là bao nhiêu?,Tính theo thực tế.
Tôi có thể nhận kiều hối tại Pakistan nếu không có tài khoản ngân hàng ở bất kỳ ngân hàng nào không?,Bạn có thể nhận kiều hối của mình từ bất kỳ chi nhánh nào trong số 600+ chi nhánh trong nước của NUST trên toàn quốc nếu bạn có CNIC hợp lệ và Mã số Tham chiếu Giao dịch Duy nhất / Mã pin.
NUST Sahar Finance có thể được sử dụng cho những mục đích nào?,"i. Mở rộng kinh doanh hiện có ii. Thành lập doanh nghiệp mới iii. Mua cổ phiếu/ Nhu cầu vốn lưu động, v.v."
Tài khoản NUST Asaan Digital Remittance là loại tài khoản gì? Là Tài khoản Vãng lai hay Tài khoản Tiết kiệm?,Tài khoản NUST Asaan Digital Remittance là Tài khoản Vãng lai bằng đồng tiền PKR.
Có phí phạt trả chậm không?,3.000 Rs cho mỗi đợt thanh toán.
Có thời gian ân hạn nào được cho phép trong bất kỳ hình thức tài trợ nào không?,Thời gian ân hạn 3 tháng được áp dụng cho AFBF-2 (Chỉ cho Khoản vay Trung và Dài hạn).
Phí bảo hiểm là bao nhiêu?,Tính theo thực tế.
Có tài khoản nào mang lại lợi nhuận hấp dẫn cho khoản tiết kiệm dài hạn của tôi không?,"Có, Tài khoản NUST Maximiser được thiết kế để đáp ứng các nhu cầu ngân hàng cơ bản của bạn và mang lại lợi nhuận hấp dẫn trên khoản tiết kiệm."
Phí xử lý cho Đơn đăng ký Tài chính Gạo NUST là bao nhiêu?,"Phí xử lý sẽ được tính @ 0,15% trên tổng hạn mức đã xử lý/được phê duyệt hoặc 25.000 Rs, tùy theo mức nào cao hơn."
Tôi nhận được những lợi ích nào khác khi sử dụng VPBA?,Xử lý Tài trợ nhanh chóng. Giải pháp Xử lý Lương được Tùy chỉnh & Quản lý Tiền mặt (ACMS). Bảo hiểm Rút Tiền Mặt ATM.
Tỷ lệ lợi nhuận trên tài khoản tiết kiệm NAA là bao nhiêu?,"Tỷ lệ lợi nhuận hiện tại là 20,50% và được trả bán niên."
Các dịch vụ miễn phí có sẵn với Tài khoản Tiết kiệm NUST Maximiser là gì?,o Phát hành séc ngân hàng o Phát hành CDR o Rút tiền mặt/Gửi tiền trực tuyến liên chi nhánh (Trực tuyến) o Chuyển khoản nội bộ trong NUST qua chi nhánh (Chuyển khoản trực tuyến) o Ngân hàng Internet o SMS cho các giao dịch kỹ thuật số o Bảng sao kê điện tử
Các tính năng chính của Chính sách Bảo hiểm Nhân thọ NUST Life Bancassurance là gì?,"• Bảo vệ Gia đình ngắn hạn và Tiết kiệm dài hạn. • Số tiền Bảo hiểm Tối thiểu = 18.000, Không có Giới hạn Tối đa đối với gói Munafa Mehfooz, Phí Bảo hiểm Tối thiểu = 50.000. • Gói NUST Life Munafa Mehfooz có Kỳ hạn Tối thiểu & Tối đa = 5 Năm. • Gói NUST Life Value có Kỳ hạn Chính sách Tối thiểu = 10 Năm. • Các quyền lợi bổ sung cũng có sẵn với chi phí (Sản phẩm bổ trợ và bảo hiểm định kỳ bổ sung). • NUST Life cung cấp các gói khác nhau cho khách hàng theo nhu cầu và yêu cầu."
Phí xử lý cho Ứng dụng Tài chính Ask Fauri là bao nhiêu?,Phí cố định 3.000 Rs tại thời điểm bắt đầu và cho mỗi lần gia hạn.
Ngân hàng NUST có cung cấp bất kỳ hình thức tài trợ nào đặc biệt cho các doanh nghiệp vừa và nhỏ do phụ nữ làm chủ không?,Sản phẩm 'Tài trợ NUST Sahar' được xây dựng dựa trên Chương trình Tái cấp vốn và Bảo lãnh Tín dụng cho Doanh nhân Nữ. Mục tiêu của sản phẩm này là cung cấp các cơ sở tài chính cho các doanh nghiệp do phụ nữ làm chủ để đáp ứng nhu cầu tín dụng cho hoạt động kinh doanh của họ.
Ngân hàng NUST có cung cấp bất kỳ hình thức tài trợ nào đặc biệt cho việc sở hữu và nâng cao năng lực cơ sở kinh doanh không?,Ngân hàng NUST đã xây dựng một sản phẩm tài chính mới 'NUST Imarat Finance' thuộc phân khúc SME. Sản phẩm được phát triển nhằm ổn định hoạt động kinh doanh của các doanh nghiệp SME thông qua việc giúp họ sở hữu cơ sở kinh doanh (theo hình thức tài trợ thế chấp các tòa nhà thương mại/công nghiệp đô thị) để nâng cao năng lực của các SME. Sản phẩm được thiết kế cho các SME thuộc sở hữu của công chúng nói chung cũng như các sĩ quan quân đội đã nghỉ hưu và gia đình của các sĩ quan đang tại ngũ.
Tài khoản Chuyển Tiền PakWatan có cho phép ghi có nội địa không?,Tài khoản Chuyển Tiền PakWatan cũng cho phép ghi có nội địa.
Có yêu cầu về độ tuổi kinh doanh không?,Không.
Phí xử lý hồ sơ là bao nhiêu?,Mức phí sẽ theo Bảng phí hiện hành (SOC) hoặc theo thỏa thuận với doanh nghiệp.
Có thời gian ân hạn nào được cho phép trong bất kỳ hình thức tài trợ nào không?,Thời gian ân hạn 3 tháng được áp dụng cho AFBF-2 (Chỉ cho Khoản vay Trung và Dài hạn).
Tần suất trả nợ tại Quỹ Tài chính NUST Hunarmand là như thế nào?,Khoản vay AHF sẽ được hoàn trả dưới hình thức trả góp hàng tháng hoặc hàng quý (hoặc theo chỉ đạo của Ngân hàng Nhà nước Pakistan - SBP).
Phí xử lý cho Đơn đăng ký Tài chính Xay xát Bột mì NUST là bao nhiêu?,"Phí xử lý sẽ được tính @ 0,15% tổng hạn mức đã xử lý/được phê duyệt hoặc 25.000 Rs, tùy theo mức nào cao hơn."
Ngân hàng của bạn có cung cấp tài khoản nào cho người cao tuổi không?,"Tài khoản NUST Waqaar được phát triển dành riêng cho người cao tuổi, cho phép họ thực hiện các giao dịch ngân hàng đồng thời tận dụng các cơ hội đầu tư."
Tần suất trả nợ trong NUST Ujala Finance là như thế nào?,Người vay SE/ME: Hàng tháng / Hàng quý. Người vay trong nước: Hàng tháng. Nhân viên NUST: Hàng tháng. Nhà cung cấp/Nhà cung cấp: Hàng quý/Nửa năm (theo dòng tiền của người vay).
Vui lòng cho tôi biết về số dư tối thiểu hàng tháng bắt buộc cho tài khoản này?,Không yêu cầu số tiền gửi ban đầu. 100.000 Rs/- (Số dư trung bình hàng tháng).
Các loại phương tiện nào được cung cấp theo Tài chính Ô tô NUST?,• Xe lắp ráp/sản xuất trong nước. • Xe mới/Xe đã qua sử dụng. • Xe thương mại hoặc xe sử dụng cho mục đích thương mại không được tài trợ.
Thời gian xử lý hồ sơ là bao lâu?,Thời gian xử lý hồ sơ Tài chính Cá nhân là 10 ngày làm việc kể từ khi đăng nhập cho đến khi được phê duyệt (phụ thuộc vào hồ sơ hoàn chỉnh với đầy đủ tài liệu yêu cầu).
Các tính năng chính của Tài khoản Little Champs là gì?,"• Số tiền gửi ban đầu tối thiểu: 100 Rs
• Tài khoản Tiết kiệm Little Champs
• Miễn phí sổ séc đầu tiên* (Chỉ dành cho Tài khoản Vãng lai)
• Miễn phí thẻ ghi nợ* (áp dụng phí thường niên/phí thay thế)
• Chi trả lợi nhuận: Nửa năm một lần
• Tỷ lệ lợi nhuận: 0.19
• Hạn mức chuyển tiền hàng ngày: 100.000 Rs
• Hạn mức rút tiền ATM hàng ngày: 25.000 Rs
• Hạn mức POS hàng ngày: 50.000 Rs"
Các dịch vụ miễn phí có sẵn tại ASDA là gì?,"Sao kê điện tử & Ngân hàng trực tuyến miễn phí, Gửi tiền/Rút tiền mặt trực tuyến miễn phí liên chi nhánh (Trực tuyến), Chuyển khoản nội bộ miễn phí trong NUST qua chi nhánh (Chuyển khoản trực tuyến), Phát hành Séc ngân hàng miễn phí, Cảnh báo SMS miễn phí về Giao dịch Kỹ thuật số."
Ngân hàng NUST có đang cung cấp hình thức tài trợ theo mùa nào không?,Sản phẩm tài chính theo mùa 'Tài trợ Nhà máy Bột mì NUST' đã được xây dựng để tài trợ nhanh chóng theo hình thức cho vay theo chương trình. Sản phẩm này được thiết kế dành riêng cho các nhà máy bột mì để đáp ứng nhu cầu vốn lưu động của họ. Tài trợ Nhà máy Bột mì NUST đáp ứng các nhu cầu tài chính theo mùa cho việc mua sắm lúa mì và các chi phí quản lý khác của các nhà máy bột. Phạm vi của sản phẩm nhắm đến các nhà máy bột mì thuộc danh mục Doanh nghiệp vừa và nhỏ (SME).
Tỷ lệ lợi nhuận được cung cấp cho tài khoản này là bao nhiêu và khi nào thì được ghi có?,"Thanh toán lợi nhuận hàng tháng dựa trên số dư trung bình hàng tháng. Tỷ lệ lợi nhuận: 0,19%, được ghi có hàng tháng."
Ai có thể mở Tài khoản Kỹ thuật số Roshan?,"Người Pakistan không cư trú (NRP), Thành viên Quỹ Hỗ trợ Hải ngoại (OPF), Người nước ngoài có Thẻ Gốc Pakistan (POC), Công dân Pakistan đã khai báo tài sản ở nước ngoài, Nhân viên & Quan chức Chính phủ đang công tác ở nước ngoài."
Ngân hàng có chịu trách nhiệm về việc chậm trễ trong đặt chỗ hoặc giao xe không?,"Không. Ngân hàng không chịu bất kỳ trách nhiệm nào trong vấn đề này, vì điều đó nằm ngoài tầm kiểm soát của ngân hàng."
Ai có thể đăng ký Tài chính Cá nhân NUST?,"1. Sĩ quan Lực lượng Vũ trang: Nhân viên đang tại ngũ, nhân viên đã nghỉ hưu. 2. Hạ sĩ quan/Cấp bậc tương đương & Thấp hơn: Nhân viên đang tại ngũ, nhân viên đã nghỉ hưu. 3. Lực lượng Vũ trang Đồng minh (SPD & các đơn vị liên kết) và Dân sự (tại GHQ/NHQ & AHQ): Nhân viên đang làm việc (Nhân viên Biên chế & Hợp đồng). 4. Tập đoàn Fauji Foundation: Nhân viên biên chế, nhân viên hợp đồng. 5. Cá nhân hưởng lương: Nhân viên biên chế, nhân viên hợp đồng. 6. Cơ quan Chính phủ / Bán Chính phủ / Tự chủ: Nhân viên biên chế, nhân viên hợp đồng, nhân viên đã nghỉ hưu. 7. Nhân viên NUST (được quản lý theo Chính sách Nhân sự)."
Thị trường mục tiêu là gì?,"Cá nhân có giá trị ròng cao (đơn lẻ hoặc chung), Doanh nghiệp Tư nhân, Công ty Hợp danh, Công ty Trách nhiệm hữu hạn Công khai và Tư nhân, Tổ chức Chính phủ, Tập đoàn, Câu lạc bộ, Hội, Hiệp hội, Tổ chức phi chính phủ."
VPCA có đi kèm bất kỳ quyền lợi bảo hiểm nào không?,Bảo hiểm Rút tiền mặt tại ATM. Bảo hiểm “Tử vong do Tai nạn & Thương tật Vĩnh viễn” 24 Giờ trên Toàn cầu.
Các khoản phí dịch vụ/tài liệu/pháp lý tại NUST Sahar Finance là bao nhiêu?,Theo thực tế.
Cơ cấu pháp lý của doanh nghiệp nên như thế nào để được hưởng Tài chính NUST Imarat?,"Chủ sở hữu duy nhất, Công ty hợp danh (đã đăng ký), Công ty trách nhiệm hữu hạn tư nhân, Công ty đại chúng."
Có thể sử dụng dịch vụ Thẻ tín dụng ở khu vực nào của đất nước?,Thẻ tín dụng có thể được sử dụng ở tất cả các thành phố/khu vực mà không có sự phân biệt.
Ngân hàng có chịu trách nhiệm về việc chậm trễ trong đặt chỗ hoặc giao xe không?,"Không. Ngân hàng không chịu bất kỳ trách nhiệm nào trong vấn đề này, vì điều đó nằm ngoài tầm kiểm soát của ngân hàng."
Hạn mức cho vay của Tài chính NUST Sahar là gì?,Kinh doanh mới: Khoản vay tối đa 3.00 triệu Rupees. Kinh doanh hiện có: Khoản vay tối đa 5.00 triệu Rupees.
Các lợi ích miễn phí của Tài khoản Số Asaan NUST là gì?,"Một số lợi ích miễn phí của Tài khoản Số Asaan NUST bao gồm: Phát hành miễn phí sổ séc đầu tiên (25 tờ), Phát hành thẻ ghi nợ PayPak đầu tiên miễn phí, Giao sổ séc và thẻ ghi nợ đầu tiên miễn phí, Dịch vụ cảnh báo SMS miễn phí (Giao dịch số), Sao kê điện tử & Ngân hàng trực tuyến miễn phí, Gửi/Rút tiền mặt trực tuyến liên chi nhánh miễn phí, Chuyển khoản nội bộ miễn phí trong NUST qua chi nhánh và Phát hành séc ngân hàng miễn phí."
Thông Tin Quan Trọng Khác về Các Gói Bảo Hiểm EFU,"- Chỉ có Gói Giáo dục và Hôn nhân là gói kỳ hạn có Lợi ích Tiếp tục (trong trường hợp tử vong, khoản thanh toán sẽ được thực hiện khi đáo hạn)
- Gói Phí Đơn có thể chấm dứt bất cứ lúc nào, trong trường hợp tử vong, Giá trị Hoàn lại hoặc Số tiền Bảo đảm, tùy theo giá trị nào cao hơn, sẽ được chi trả
- Các phương thức Thanh toán Phí Bảo hiểm Hàng năm / Nửa năm / Quý có sẵn theo sự thuận tiện của khách hàng
- Gói Tăng trưởng Mạnh là một gói rủi ro cao, phụ thuộc vào hồ sơ khách hàng
- Các Khiếu nại Tử vong sẽ do EFU xử lý với điều kiện hoàn tất các tài liệu cần thiết và chỉ được chấp thuận nếu tình trạng hợp đồng là Đang hoạt động, Có hiệu lực/Đã phục hồi"
Các Thông Tin Quan Trọng Khác về Kế hoạch Bảo hiểm Nhân thọ Jubilee,"- Chỉ có Kế hoạch Giáo dục và Hôn nhân là các kế hoạch Có thời hạn với Quyền lợi Tiếp tục (trong trường hợp tử vong, khoản thanh toán sẽ được thực hiện khi đáo hạn).
- Trong trường hợp tử vong, Giá trị Hoàn lại hoặc Số tiền Bảo đảm, tùy theo giá trị nào cao hơn, sẽ được chi trả.
- Các chế độ Thanh toán Phí định kỳ Hàng năm / Nửa năm / Quý có sẵn theo sự thuận tiện của khách hàng.
- Sự tăng trưởng của hợp đồng phụ thuộc vào mức tăng trưởng giá thị trường của các đơn vị Quỹ tương hỗ liên kết (Nhiều lựa chọn quỹ có sẵn từ JLI).
- Các khiếu nại tử vong sẽ được Jubilee Life xử lý, với điều kiện hoàn tất các tài liệu yêu cầu và hợp đồng bảo hiểm phải ở trạng thái Đang hiệu lực, Được duy trì hiệu lực, hoặc Đã phục hồi hiệu lực."
Tỷ lệ Mark-up hiện tại của PMYB & ALS là bao nhiêu?,Bậc 2: 5% mỗi năm. Bậc 3: 7% mỗi năm.
Các yêu cầu về số dư ban đầu/tối thiểu cho Tài khoản Chuyển tiền PakWatan là gì?,Không yêu cầu tiền gửi ban đầu. Không yêu cầu số dư tối thiểu.
Độ tuổi tối thiểu để đủ điều kiện mở Tài khoản NUST Waqaar & Yêu cầu số tiền gửi tối thiểu là gì?,"Độ tuổi tối thiểu để đủ điều kiện là 55 tuổi. Đối với tài khoản chung, chủ tài khoản chính phải đáp ứng tiêu chí về độ tuổi."
Nơi nào không được phép tài trợ?,"Việc tài trợ sẽ không được phép cho; Bất động sản Thương mại, Xây dựng hoặc sở hữu đất trên khu vực lấn chiếm Đất Công/Đất của Chính phủ, Bất động sản xây dựng trái với Quy định của Cơ quan Nhà ở."
Có thể sử dụng Dịch vụ Tài chính Cá nhân từ NUST ở khu vực nào của quốc gia?,Dịch vụ Tài chính Cá nhân có thể được sử dụng tại tất cả các thành phố có chi nhánh của NUST.
Yêu cầu mở tài khoản và số dư tối thiểu tại NAA là gì?,Tài khoản có thể được mở với 100 Rs và không có yêu cầu số dư tối thiểu.
Các tính năng chính của Tiền gửi có kỳ hạn NUST Sahar là gì?,"Linh hoạt lựa chọn nhiều kỳ hạn: 1, 3 hoặc 5 Năm. Khoản đầu tư bắt đầu từ mức thấp chỉ 50.000 Rs. Thanh toán lợi nhuận hàng tháng vào Tài khoản Vãng lai NUST Sahar của bạn. Có tùy chọn gia hạn. Các giao dịch chỉ được đặt từ Tài khoản Vãng lai NUST Sahar."
Ngân hàng có chịu trách nhiệm cho bất kỳ loại tranh chấp nào liên quan đến Bảo hành/Lỗi xe/Vấn đề Dịch vụ với Đại lý hoặc Nhà sản xuất xe không?,Không. Ngân hàng không chịu trách nhiệm này. Khách hàng sẽ tự liên hệ trực tiếp với đại lý hoặc nhà sản xuất để giải quyết vấn đề.
Tôi có thể nhận kiều hối tại Pakistan nếu không có tài khoản ngân hàng ở bất kỳ ngân hàng nào không?,Bạn có thể nhận kiều hối từ bất kỳ chi nhánh nào trong số 600+ chi nhánh trong nước của NUST trên toàn quốc nếu bạn có CNIC hợp lệ và Mã số tham chiếu giao dịch duy nhất / Mã pin.
Các tính năng chính của Tài khoản Tiết kiệm NUST Maximiser là gì?,"- Chi trả lợi nhuận hấp dẫn theo tháng, quý, nửa năm và năm. - Yêu cầu số dư trung bình tối thiểu hàng tháng là 100.000 Rs. - Phát hành Thẻ Ghi nợ dạng chip và Sổ Séc theo Điều khoản và Điều kiện hiện hành (SOC)."
Tỷ lệ Mark-up hiện tại của Quỹ Tài chính NUST Hunarmand là bao nhiêu?,"Bậc 2: 4,5% mỗi năm. Bậc 3: 6,5% mỗi năm."
Tôi có thể nhận kiều hối tại Pakistan nếu không có tài khoản ngân hàng ở bất kỳ ngân hàng nào không?,Bạn có thể nhận kiều hối của mình từ bất kỳ chi nhánh nào trong số 600+ chi nhánh trong nước của NUST trên toàn quốc nếu bạn có CNIC hợp lệ và Mã số tham chiếu giao dịch duy nhất / Mã pin.
Ngân hàng NUST có cung cấp bất kỳ hình thức tài trợ nào đặc biệt cho các doanh nghiệp vừa và nhỏ do phụ nữ làm chủ không?,Sản phẩm 'Tài trợ NUST Sahar' được xây dựng dựa trên Chương trình Tái cấp vốn và Bảo lãnh Tín dụng cho Nữ doanh nhân. Mục tiêu của sản phẩm này là cung cấp các cơ sở tài chính cho các doanh nghiệp do phụ nữ làm chủ để đáp ứng nhu cầu tín dụng cho hoạt động kinh doanh của họ.
Thanh toán Freelance có thể được thực hiện thông qua PRI không?,"Có, thanh toán Freelance được cho phép theo các thỏa thuận cụ thể với các đối tác liên kết với mục đích được phép theo hướng dẫn của SBP."
Bancassurance được cung cấp bởi ba công ty cung cấp bảo hiểm sau:,· Công ty TNHH Bảo hiểm Nhân thọ NUST · Công ty TNHH Bảo hiểm Nhân thọ EFU · Công ty TNHH Bảo hiểm Nhân thọ Jubilee
Giờ làm việc ngân hàng của NUST để sử dụng dịch vụ chuyển tiền kiều hối tại các Chi nhánh NUST là khi nào?,"Khách hàng có thể sử dụng dịch vụ chuyển tiền kiều hối tại các chi nhánh nội địa của NUST trong giờ làm việc thông thường:
• Thứ Hai đến Thứ Năm: 09:00 sáng đến 05:00 chiều
• Thứ Sáu: 09:00 sáng đến 05:30 chiều
• Thứ Bảy: 09:00 sáng đến 01:30 chiều (thông qua các chi nhánh được chọn)"
Cần bao nhiêu vốn chủ sở hữu/tiền đặt cọc?,Yêu cầu tối thiểu 30% vốn chủ sở hữu + (Bảo hiểm năm đầu tiên + phí tài liệu) là khoản tiền đặt cọc bắt buộc.
Ngân hàng có cung cấp lựa chọn Tiền gửi có kỳ hạn cho tài khoản này không?,"Có, tùy chọn đặt mua Tiền gửi có kỳ hạn NUST Sahar độc quyền từ Tài khoản Vãng lai NUST Sahar với lãi suất hấp dẫn là có sẵn."
Có bất kỳ khoản phí ẩn nào không?,"Không có bất kỳ khoản phí ẩn nào. Tất cả các khoản phí đều được nêu rõ trong Biểu phí của chúng tôi, có sẵn trên trang web và tại tất cả các chi nhánh của Ngân hàng NUST."
Thị trường mục tiêu là gì?,Cá nhân điều hành doanh nghiệp dịch vụ tự do
Tỷ lệ Mark-up hiện tại của Ask Fauri Business Finance là bao nhiêu?,"AFBF-1: 3MK /COD +1.50%, AFBF-2: 12 MK /COD +2.0%, AFBF-3: Theo SOC, AFBF-4: Theo SOC."
Người Pakistan ở nước ngoài có thể nhận được khoản Tài chính Cá nhân từ NUST không?,"Không, việc ứng viên và người sử dụng lao động của họ phải có mặt tại Pakistan là bắt buộc để có thể đăng ký khoản Tài chính Cá nhân không thế chấp."
Hình thức trả nợ là gì?,"Thanh toán Khoản trả góp Hàng tháng Cố định (EMI) bao gồm tiền gốc, phí lãi suất và phí bảo hiểm sẽ được thực hiện thông qua Ủy quyền Ghi nợ Trực tiếp (DDA) từ tài khoản của người vay được duy trì tại NUST."
Thị trường mục tiêu là gì?,Cá nhân điều hành doanh nghiệp dịch vụ tự do.
Có tài khoản nào mang lại lợi nhuận hấp dẫn cho khoản tiết kiệm dài hạn của tôi không?,"Có, Tài khoản NUST Maximiser được thiết kế để đáp ứng các nhu cầu ngân hàng cơ bản của bạn và mang lại lợi nhuận hấp dẫn trên khoản tiết kiệm."
Phí xử lý hồ sơ là bao nhiêu?,Phí sẽ được tính theo Biểu phí hiện hành (SOC) hoặc theo thỏa thuận với doanh nghiệp.
Ngân hàng NUST có cung cấp dịch vụ tài trợ dựa trên tài sản đảm bảo thanh khoản không?,"Gói Tài trợ Kinh doanh NUST Fauri đã được triển khai nhằm cung cấp một giải pháp nhanh chóng để đáp ứng nhu cầu tài chính kinh doanh của các khách hàng mới. Sản phẩm này được cung cấp để đáp ứng các nhu cầu ngắn hạn, trung hạn và dài hạn của doanh nghiệp, đồng thời có sẵn cho các Doanh nghiệp vừa và nhỏ (SME) & Thương mại thuộc mọi lĩnh vực đủ điều kiện theo sổ tay chính sách tín dụng của NUST."
Tần suất trả nợ trong PMYB & ALS là gì?,Việc trả nợ các khoản vay PMYB&ALS sẽ được thực hiện dưới hình thức 'Trả góp Hàng tháng hoặc Hàng quý (hoặc theo chỉ đạo của SBP).
Có yêu cầu bằng cấp/kinh nghiệm bắt buộc nào không?,"Cụ thể cho Nghiệp vụ Mới: i) Chỉ các Chuyên gia (Kế toán viên Công chứng, Bác sĩ, Kỹ sư, Chuyên gia CNTT và Chuyên gia Tư vấn) có tối thiểu 2 năm kinh nghiệm chuyên môn. ii) Các chuyên gia đã nghỉ hưu từ lực lượng vũ trang và gia đình của sĩ quan lực lượng vũ trang đang tại ngũ. Không yêu cầu bằng cấp chuyên môn đối với nghiệp vụ hiện có."
Có khoản khấu trừ thuế nào đối với Dịch vụ Chuyển tiền về nước không?,Dịch vụ Chuyển tiền về nước được miễn thuế.
Tài khoản Tiền gửi Đặc biệt NUST (NSDA) là gì?,"Tài khoản Tiền gửi Đặc biệt NUST (NSDA) là một tài khoản tiết kiệm cung cấp các lợi ích đặc biệt, với lãi suất cạnh tranh và kỳ hạn linh hoạt được thiết kế để đáp ứng các mục tiêu tài chính cụ thể của khách hàng."
Tỷ lệ lợi nhuận được cung cấp cho tài khoản này là bao nhiêu và khi nào thì được ghi có?,"Thanh toán lợi nhuận hàng tháng dựa trên số dư trung bình hàng tháng. Tỷ lệ lợi nhuận: 0,19%, được ghi có hàng tháng."
Thời hạn tối đa của Tài chính Nhà máy Bột mì NUST là bao lâu?,Tối đa 1 năm theo hành lang dọn dẹp.
Có bất kỳ bảo hiểm nào được áp dụng không?,Bảo hiểm Rút Tiền Mặt Từ ATM. Quy trình xử lý nhanh chóng cho các khoản vay SBP Kamyab Jawan.
NUST Life Bancassurance Policy là gì?,"NUST Life Bancassurance Policy là sản phẩm bảo hiểm được cung cấp thông qua Ngân hàng NUST, cung cấp quyền lợi bảo hiểm nhân thọ cho cá nhân dựa trên sự hợp tác với các nhà cung cấp bảo hiểm."
Hệ thống chi trả lợi nhuận cho Tài khoản Tiết kiệm NUST Sahar là gì?,"Chi trả lợi nhuận hàng tháng, tính lợi nhuận dựa trên số dư trung bình hàng tháng."
Tần suất trả nợ trong chương trình Tài chính NUST Ujala là gì?,Người vay Doanh nghiệp Nhỏ/Vừa (SE/ME): Hàng tháng / Hàng quý. Người vay trong nước: Hàng tháng. Nhân viên NUST: Hàng tháng. Nhà cung cấp/Nhà thầu: Hàng quý/Nửa năm (theo dòng tiền của người vay).
Thanh toán Freelance có thể thực hiện qua PRI được không?,"Có, thanh toán Freelance được cho phép theo các thỏa thuận cụ thể với các đối tác liên kết cho mục đích được phép theo hướng dẫn của SBP."
Tài khoản NUST Asaan (NAA) là gì?,"Tài khoản NUST Asaan (NAA) là một tài khoản ngân hàng dễ dàng và thuận tiện để mở, được thiết kế để đáp ứng nhu cầu ngân hàng hàng ngày, mang lại trải nghiệm không phiền phức."
Yêu cầu mở tài khoản và số dư tối thiểu tại NAA là gì?,Tài khoản có thể được mở với 100 Rs và không có yêu cầu số dư tối thiểu.
Ngân hàng NUST có cung cấp dịch vụ tài trợ dựa trên tài sản đảm bảo thanh khoản không?,"Gói Tài trợ Kinh doanh NUST Fauri đã được triển khai nhằm cung cấp một giải pháp nhanh chóng để đáp ứng nhu cầu tài chính kinh doanh cho các khách hàng vay mới. Sản phẩm này được cung cấp để đáp ứng các nhu cầu ngắn hạn, trung hạn và dài hạn của doanh nghiệp, đồng thời có sẵn cho các Doanh nghiệp vừa và nhỏ (SME) & Thương mại thuộc mọi lĩnh vực đủ điều kiện theo sổ tay chính sách tín dụng của NUST."
Ngân hàng có cung cấp tùy chọn Tiền gửi có kỳ hạn cho tài khoản này không?,"Có, tùy chọn đặt Tiền gửi có kỳ hạn NUST Sahar độc quyền từ Tài khoản vãng lai NUST Sahar với lãi suất hấp dẫn là có sẵn."
Bảo hiểm tài sản có bắt buộc không?,Có. Bảo hiểm tài sản là bắt buộc; Phí bảo hiểm do bên vay chịu. Bảo hiểm này chi trả chi phí xây dựng của ngôi nhà được tài trợ và giá trị tài sản trong trường hợp căn hộ.
Tài khoản NUST Maximiser là gì?,"Tài khoản NUST Maximiser là một tài khoản tiền gửi mang lại lợi nhuận cao hơn với tính linh hoạt trong việc truy cập dễ dàng vào tiền, nhằm mục đích tối đa hóa khoản tiết kiệm cho chủ tài khoản."
"Tôi muốn mở tài khoản cùng con trai, ngân hàng có sản phẩm nào dành cho trẻ em không?","Có, sản phẩm của chúng tôi là Tài Khoản Little Champs. Tài khoản này được thiết kế đặc biệt cho trẻ vị thành niên (dưới 18 tuổi). Trẻ em cần sự hỗ trợ của cha mẹ hoặc người giám hộ hợp pháp để mở tài khoản này và sử dụng các tiện ích đi kèm. Little Champs được nhận Thẻ Ghi nợ và sổ séc, miễn phí lần đầu phát hành."
Tỷ lệ lợi nhuận trên tài khoản tiết kiệm NAA là bao nhiêu?,"Tỷ lệ lợi nhuận hiện tại là 20,50% và được trả nửa năm một lần."
Có giới hạn nào về số tiền nhận được thông qua Dịch vụ Chuyển tiền NUST về Nhà không?,"Dưới đây là các giới hạn áp dụng:
• Tài khoản NUST - Không giới hạn
• Tài khoản ngân hàng khác - Không giới hạn
• Giao dịch Rút tiền Mặt tại Quầy (CoC) - Tối đa 1.000.000 PKR/- mỗi giao dịch và không giới hạn số lượng giao dịch Western Union COC"
Có thời gian ân hạn nào được cho phép trong bất kỳ hình thức tài trợ nào không?,Thời gian ân hạn 3 tháng được áp dụng cho AFBF-2 (Chỉ cho Khoản vay Trung và Dài hạn).
Tôi có thể trả khoản vay trước khi đáo hạn không?,"Có. Bạn có thể trả khoản vay trước khi đáo hạn. Tuy nhiên, các khoản phí sẽ được áp dụng theo quy định hiện hành của SOC."
Vui lòng cho tôi biết về các tiện ích miễn phí được cung cấp trên Tài khoản Vãng lai Giá trị Cộng cho Doanh nghiệp Cao cấp khi duy trì số dư trung bình hàng tháng tối thiểu?,Phát hành sổ séc. Sao kê tài khoản bản sao. Phát hành Thẻ ghi nợ (Phí phát sinh/Phí thường niên sẽ theo SOC hiện hành). Tiện ích Ngân hàng Internet. Cảnh báo SMS cho Giao dịch Kỹ thuật số. Gửi tiền bằng séc trong ngày & liên tỉnh. Sao kê điện tử. Gửi tiền mặt/Rút tiền mặt trực tuyến liên chi nhánh (Trực tuyến). Chuyển khoản nội bộ trong NUST qua chi nhánh (Chuyển khoản trực tuyến). Phát hành Séc của Ngân hàng. Phát hành LC / LG miễn phí (được bảo đảm bằng tiền mặt hoặc dựa trên lien tài khoản).
Tôi có thể sử dụng nhiều hơn một xe ô tô thông qua dịch vụ cho vay mua xe không?,"Có. Bạn có thể sử dụng đồng thời hai xe ô tô từ Ngân hàng NUST, tùy thuộc vào Hạn mức Nợ hiện có."
Có hình phạt rút tiền trước hạn trong Tiền gửi có kỳ hạn NUST Maximiser không?,"Việc rút tiền Tiền gửi có kỳ hạn NUST Maximiser trước ngày đáo hạn sẽ chịu hình phạt rút tiền trước hạn như sau: Số tiền gốc x 1,5% mỗi năm trên thời gian còn lại của Tiền gửi có kỳ hạn. (Ví dụ: nếu một giao dịch được đặt cho 5 năm nhưng rút sau 2 năm – hình phạt/phí sẽ là 4,5% x Số tiền gốc). Mức phạt/phí tối thiểu là 1,5% số tiền gốc. Số tiền phạt sẽ chỉ trong phạm vi lợi nhuận đã trả/ có thể trả."
Ngân hàng NUST có tham gia PMYB & ALS không?,"Ngân hàng NUST đang tích cực tham gia PMYB&ALS. Chương trình này được thiết kế đặc biệt để tạo cơ hội tự tạo việc làm cho thanh niên thất nghiệp trong nước có kỹ năng, kiến thức, kinh nghiệm hoặc mong muốn bắt đầu kinh doanh riêng với quy mô nhỏ đến trung bình hoặc mở rộng quy mô kinh doanh hiện có."
Tôi có thể trả khoản vay trước khi đáo hạn không?,"Có. Bạn có thể trả khoản vay trước khi đáo hạn. Tuy nhiên, các khoản phí sẽ được áp dụng theo Quy chế phí (SOC) hiện hành."
Tài khoản Little Champs có những tính năng gia tăng giá trị nào khác?,"• Lợi nhuận hấp dẫn trên tài khoản tiết kiệm
• Dịch vụ cảnh báo SMS cho giao dịch kỹ thuật số
• Dịch vụ ngân hàng trực tuyến
• Kế hoạch bảo hiểm giáo dục miễn phí – 5.000 Rs mỗi tháng trong 5 năm đối với tài khoản tiết kiệm & 10.000 Rs mỗi tháng trong 5 năm đối với tài khoản vãng lai trong trường hợp người giám hộ qua đời."
Thuế Zakat và WHT có áp dụng cho Tài khoản Kỹ thuật số Roshan không?,Thuế Zakat và WHT trên lợi nhuận không áp dụng cho tài khoản RDA.
Phí xử lý cho NUST Mortgage Finance là bao nhiêu?,Phí xử lý sẽ theo Biểu phí hiện hành của Ngân hàng (SOC).
Tỷ giá chuyển đổi nào sẽ được áp dụng khi chuyển tiền?,Tỷ giá chuyển đổi tương tự sẽ được áp dụng tại thời điểm gửi tiền. Ngân hàng liên kết hoặc Công ty chuyển đổi tiền tệ xác nhận tỷ giá chuyển đổi với người gửi tại thời điểm chuyển tiền.
Các tính năng chính của các Gói Bảo hiểm Nhân thọ Jubilee này là gì?,"- Thời gian Xem xét Miễn phí 14 ngày bắt đầu từ ngày khách hàng nhận được Tài liệu Chính sách.
- Hệ thống tăng trưởng Liên kết Đơn vị (JLI phân bổ các đơn vị quỹ tương hỗ cho khách hàng, sự tăng trưởng của chính sách phụ thuộc vào tốc độ tăng trưởng của đơn vị, giống như thị trường chứng khoán).
- Ngân hàng NUST chỉ đóng vai trò là Đại lý Bán hàng Doanh nghiệp, đây là một kế hoạch bảo hiểm không được coi là bất kỳ tài khoản hoặc tiền gửi kỳ hạn nào có lợi nhuận hàng năm cố định.
- Trong trường hợp chấm dứt hợp đồng sớm, chỉ Giá trị Tiền mặt của chính sách sẽ được thanh toán cho khách hàng (tỷ lệ thị trường hiện tại của các đơn vị quỹ tương hỗ sẽ được hoàn trả).
- Việc hủy bỏ chính sách và tùy chọn hoàn tiền đầy đủ có sẵn nếu tài liệu chính sách được trả lại trong Thời gian Xem xét Miễn phí (14 ngày kể từ khi nhận được tài liệu).
- Giá trị Tiền mặt của chính sách có thể khác với lợi nhuận dự kiến được cung cấp trên tài liệu minh họa (tài liệu minh họa chỉ mang tính chất tham khảo)."
Tài khoản Tiền gửi Đặc biệt NUST (NSDA) là gì?,"Tài khoản Tiền gửi Đặc biệt NUST (NSDA) là một tài khoản tiết kiệm cung cấp các lợi ích đặc biệt, với lãi suất cạnh tranh và kỳ hạn linh hoạt được thiết kế để đáp ứng các mục tiêu tài chính cụ thể của khách hàng."
Thị trường mục tiêu là gì?,Cá nhân điều hành doanh nghiệp dịch vụ tự do
Điều gì xảy ra nếu tôi không thực hiện được nghĩa vụ thanh toán?,"Trong trường hợp quá hạn/vi phạm thanh toán, bộ phận thu hồi của NUST sẽ liên hệ với bạn, thông tin khoản vay của bạn sẽ được báo cáo cho Cục Tín dụng. Phí thanh toán chậm sẽ được áp dụng theo biểu phí hiện hành. Ngân hàng cũng có thể khởi động các thủ tục pháp lý."
NUST Sahar Finance có thể được sử dụng cho những mục đích nào?,"i. Mở rộng kinh doanh hiện có ii. Thành lập doanh nghiệp mới iii. Mua cổ phiếu/ Nhu cầu vốn lưu động, v.v."
Bancassurance được cung cấp bởi ba công ty cung cấp bảo hiểm sau:,· Công ty TNHH Bảo hiểm Nhân thọ NUST · Công ty TNHH Bảo hiểm Nhân thọ EFU · Công ty TNHH Bảo hiểm Nhân thọ Jubilee
Tỷ suất lợi nhuận cho Tài khoản Tiền gửi Đặc biệt NUST (ASDA) là bao nhiêu?,Chi trả lợi nhuận: Hàng tháng/Nửa năm. Tỷ suất lợi nhuận: 0.19.
Tôi có thể thế chấp tài sản sở hữu để vay vốn không?,"Có, mục đích vay vốn phải phù hợp với mục đích được cơ quan quản lý quy định, bao gồm: Vay để xây dựng nhà trên lô đất ở thuộc sở hữu, Dịch vụ Chuyển nhượng Dư nợ (BTF) thay thế khoản vay hiện có của khách hàng từ các ngân hàng/Tổ chức Tài chính Phát triển (DFIs) khác, Cải tạo nhà/căn hộ/chung cư/đơn vị nhà ở thuộc sở hữu, Mở rộng/Cải thiện đơn vị nhà ở."
Hạn mức cho vay của Chương trình Tài chính Xay xát Bột mì NUST là gì?,Mỗi bên (một thực thể duy nhất) có thể vay tối đa 75 triệu Rs cho Doanh nghiệp vừa và 25 triệu Rs cho Doanh nghiệp nhỏ.
Các tính năng nổi bật của Tài khoản NUST Waqaar là gì?,"• Tiết kiệm: Độ tuổi tối thiểu để đủ điều kiện: 55 tuổi, Cách tính lợi nhuận: Theo số dư trung bình hàng tháng, Tần suất trả lợi nhuận: Hàng tháng, Phát hành Thẻ ghi nợ & Sổ séc theo SOC hiện hành (đối với tài khoản được liên kết), Loại tiền: PKR. • Tiền gửi có kỳ hạn: Thời hạn: 1 Năm, Lãi suất: 0.1675, Tần suất trả lãi: Hàng tháng, Phát hành Thẻ ghi nợ & Sổ séc theo SOC hiện hành."
Phí xử lý cho Đơn đăng ký Tài chính NUST Ujala là bao nhiêu?,"SE/ME/Nhà cung cấp/Nhà thầu: 6000 Rs hoặc 0.5% khoản vay, tùy theo mức nào cao hơn. Người vay trong nước: 5000 Rs. Nhân viên NUST: Miễn phí xử lý."
Khoản vay có thể được cấp dưới danh nghĩa Tài chính NUST Ujala là bao nhiêu?,i. Doanh nghiệp nhỏ – lên đến 15 triệu Rupees. ii. Doanh nghiệp vừa – lên đến 25 triệu Rupees. iii. Người dùng trong nước – từ 0.5 triệu đến 3.0 triệu Rupees. iv. Nhân viên NUST: lên đến 3.00 triệu Rupees. v. Nhà cung cấp: Từ 5 triệu đến 25 triệu Rupees – (Một nhà cung cấp duy nhất)
Có thời gian ân hạn nào được cho phép trong bất kỳ hình thức tài trợ nào không?,Thời gian ân hạn 3 tháng được cho phép cho AFBF-2 (Chỉ Cho vay có kỳ hạn).
Có bất kỳ loại thuế nào áp dụng cho tài khoản này không?,Zakat và các loại thuế khác được áp dụng theo quy định của pháp luật.
Bản chất của khoản vay được cho phép tại Quỹ Tài chính NUST Hunarmand?,• Khoản vay dài hạn / Khoản vay phát triển • Khoản vay vốn lưu động / Khoản vay sản xuất.
Các khoản phí dịch vụ/tài liệu/pháp lý trong PMYB & ALS là gì?,Theo thực tế
Tỷ lệ lợi nhuận cho Tài khoản Kỹ thuật số Roshan là bao nhiêu?,"Thanh toán lợi nhuận: Hàng tháng. Tỷ lệ lợi nhuận: 0,19."
Có thể sử dụng dịch vụ Thẻ tín dụng ở khu vực nào của đất nước?,Thẻ tín dụng có thể được sử dụng ở tất cả các thành phố / khu vực mà không có sự phân biệt.
Tài khoản Chuyển tiền Kỹ thuật số Asaan của NUST là gì?,"Tài khoản Chuyển tiền Kỹ thuật số Asaan của NUST là một tài khoản chuyên biệt được thiết kế để hỗ trợ việc tiếp nhận và chuyển tiền kỹ thuật số một cách thuận tiện, mang lại các giao dịch liền mạch và truy cập dễ dàng."
Hạn mức cho vay của Quỹ Tín dụng NUST Hunarmand là gì?,"Bậc 2: Trên 0,5 triệu Rupee và lên đến 1,5 triệu Rupee. Bậc 3: Trên 1,5 triệu Rupee và lên đến 7,5 triệu Rupee."
Các khoản phí dịch vụ/tài liệu/pháp lý tại NUST Sahar Finance là bao nhiêu?,Theo thực tế.
PRI có tuân theo luật của Ngân hàng Nhà nước hoặc Chính phủ không?,"Đây là một sáng kiến chung của Ngân hàng Nhà nước Pakistan, Bộ Người Pakistan ở nước ngoài và Bộ Tài chính."
Loại Tài khoản của Tài khoản Kỹ thuật số NUST Freelancer là gì? Là tài khoản Vãng lai hay Tiết kiệm?,"Tài khoản Kỹ thuật số NUST Freelancer cung cấp Tài khoản Vãng lai bằng PKR & FCY (USD, GBP, EUR, AED)."
Tỷ lệ lợi nhuận cho Tài khoản Tiết kiệm NUST là bao nhiêu?,"Thanh toán lợi nhuận: Hàng tháng. Tỷ lệ lợi nhuận: 0,19."
Đối tượng mục tiêu của Tài khoản Doanh nghiệp Value Plus là gì?,"Hộ kinh doanh cá thể, Công ty hợp danh, Doanh nghiệp nhỏ."
Các lợi ích miễn phí của Tài khoản Chuyển tiền Kỹ thuật số NUST Asaan là gì?,"Một số lợi ích miễn phí của Tài khoản Chuyển tiền Kỹ thuật số NUST Asaan bao gồm: Phát hành miễn phí sổ séc đầu tiên (25 tờ), Phát hành thẻ ghi nợ PayPak đầu tiên miễn phí, Giao sổ séc và thẻ ghi nợ đầu tiên miễn phí, Dịch vụ cảnh báo SMS miễn phí (Giao dịch kỹ thuật số), Bản sao kê điện tử và Ngân hàng trực tuyến miễn phí, Gửi/Rút tiền mặt trực tuyến liên chi nhánh miễn phí, Chuyển khoản nội bộ miễn phí trong NUST qua chi nhánh, Phát hành séc ngân hàng miễn phí và Bảo hiểm/Takaful tử vong và thương tật do tai nạn miễn phí lên đến 2,5 triệu PKR với số dư trung bình hàng tháng là 100,000 PKR."
Mục đích của chương trình Tài chính Hunarmand NUST là gì?,• Để bắt đầu một doanh nghiệp mới • Để mở rộng một doanh nghiệp hiện có.
Bảo hiểm xe có bắt buộc không?,"Có. Bảo hiểm toàn diện cho xe là bắt buộc trong suốt thời hạn vay với chi phí do người vay chịu, thông qua bất kỳ công ty bảo hiểm nào trong danh sách được chấp thuận bởi Ngân hàng NUST."
Tỷ lệ Mark-up hiện tại của Tài chính Nhà máy Bột mì NUST là bao nhiêu?,Tài chính Tiền mặt: KIBOR trung bình 3 tháng + 3% mỗi năm. Tài chính Hoạt động: KIBOR trung bình 3 tháng + 3.5% mỗi năm (Được xem xét/điều chỉnh hàng quý).
Công suất cho phép theo Tài chính NUST Ujala?,"i. Doanh nghiệp: Doanh nghiệp siêu nhỏ (SE) từ 10 KW đến 200KW, Doanh nghiệp nhỏ (ME) từ 30 KW đến 500KW. ii. Người vay trong nước: từ 5 KW đến 30KW. iii. Nhân viên NUST: tối đa 30 KW. iv. Nhà cung cấp/Nhà cung cấp: từ 30 KW đến 500KW."
Tôi có thể thực hiện trả nợ lớn cuối kỳ hoặc chấm dứt khoản vay trước hạn không?,"Có, phương thức trả nợ lớn cuối kỳ hoặc chấm dứt khoản vay trước hạn được áp dụng cho tất cả khách hàng. Phí sẽ được tính theo biểu phí hiện hành của Ngân hàng / Theo thỏa thuận với doanh nghiệp."
Tôi có thể được hưởng khấu trừ thuế thu nhập đối với Tài trợ Nhà ở không?,"Có, bạn có thể yêu cầu khấu trừ thuế đối với khoản phí đánh dấu Tài chính Nhà ở đã thanh toán trong năm, hoặc theo luật thuế hiện hành của quốc gia."
Có thể gửi kiều hối từ bất kỳ đâu đến Pakistan không?,"Có, kiều hối có thể được gửi từ khắp nơi trên thế giới đến Pakistan thông qua các đối tác đại lý của chúng tôi như Western Union, Mastercard, Dandelion Payments (RIA), v.v. Để biết thêm thông tin, vui lòng truy cập liên kết sau: https://NUSTbank.com/services-home-remittance-our-partners/"
Tài khoản Số Kỹ thuật NUST Asaan thuộc loại nào? Là Tài khoản Vãng lai hay Tài khoản Tiết kiệm?,Tài khoản Số Kỹ thuật NUST Asaan là Tài khoản Vãng lai bằng đồng tiền PKR.
Có độ tuổi tối thiểu nào để được hỗ trợ tài chính tại Quỹ Tài chính NUST Ujala không?,Tài trợ SE/ME: Từ 25-55 tuổi tại thời điểm nộp đơn. (Một trong các đối tác/giám đốc phải đáp ứng tiêu chí về độ tuổi). Nhà cung cấp/Nhà bán lẻ: Từ 25-55 tuổi tại thời điểm nộp đơn. (Một trong các đối tác/giám đốc phải đáp ứng tiêu chí về độ tuổi). Tài trợ cho Nhân viên NUST: Không giới hạn độ tuổi. Tài trợ cho Ứng viên Nội địa: Từ 25-55 tuổi tại thời điểm nộp đơn. (Một trong những người vay hoặc người đồng vay phải đáp ứng tiêu chí)
Khoản vay có thể được phê duyệt trong bao nhiêu ngày tại Ask Fauri Business Finance?,Thời gian xử lý (TAT) để hoàn tất việc phê duyệt được ấn định là 03 ngày làm việc kể từ ngày hoàn tất hồ sơ tiền phê duyệt.
Thời hạn tài trợ là bao lâu?,Thẻ tín dụng NUST là một tiện ích thường trực và có thể gia hạn sau khi thẻ tín dụng hết hạn.
Phí xử lý cho NUST Mortgage Finance là bao nhiêu?,Phí xử lý sẽ được tính theo Biểu phí hiện hành của Ngân hàng (SOC).
Tần suất trả nợ tại NUST Hunarmand Finance là như thế nào?,Khoản vay AHF sẽ được hoàn trả dưới hình thức trả góp hàng tháng hoặc hàng quý (hoặc theo chỉ đạo của Ngân hàng Nhà nước Pakistan - SBP).
Cơ cấu pháp lý của doanh nghiệp nên như thế nào để được hưởng Tài chính NUST Imarat?,"Chủ sở hữu duy nhất, Công ty Hợp danh (đã đăng ký), Công ty Trách nhiệm hữu hạn Tư nhân, Công ty Đại chúng."
Có yêu cầu về doanh số tài khoản nào cho Tài chính Lúa gạo NUST không?,Tối thiểu 50% doanh số của người nộp đơn phải được chứng minh thông qua doanh số tài khoản tại ngân hàng.
Các dịch vụ miễn phí đi kèm với tài khoản chuyển tiền PakWatan là gì?,Các dịch vụ miễn phí bao gồm: Sổ séc đầu tiên 25 tờ (Chỉ dành cho tài khoản vãng lai). Phát hành thẻ ghi nợ NUST Visa (phí phát hành thường niên và phí thay thế sẽ được áp dụng). Phát hành séc ngân hàng. Rút/gửi tiền mặt liên chi nhánh trực tuyến (Online). Chuyển khoản nội bộ trong NUST qua chi nhánh (Chuyển khoản trực tuyến). Ngân hàng internet. SMS cho giao dịch kỹ thuật số. Bảng sao kê điện tử.
Tài khoản NUST Sahar thuộc loại tài khoản nào?,"Bộ sản phẩm Tiền gửi NUST Sahar bao gồm các loại sau: 1- Tài khoản Vãng lai NUST Sahar, 2- Tài khoản Tiết kiệm NUST Sahar, 3- Tiền gửi Có kỳ hạn NUST Sahar, 4- Tài khoản Vãng lai Dễ dàng NUST Sahar."
Yêu cầu về doanh số tài khoản cho Tài chính Lúa gạo NUST có không?,Tối thiểu 50% doanh số của người nộp đơn phải được chứng minh thông qua doanh số tài khoản tại ngân hàng.
Phí phạt rút tiền trước hạn đối với Tiền gửi có kỳ hạn NUST Sahar là gì?,"Việc rút tiền Tiền gửi có kỳ hạn NUST Sahar trước ngày đáo hạn sẽ chịu phí phạt rút trước hạn như sau: Số tiền gốc x 1,5% mỗi năm tính trên thời gian còn lại của Tiền gửi có kỳ hạn. Mức phí tối thiểu là 1,5% số tiền gốc. Số tiền phạt sẽ chỉ trong phạm vi lợi nhuận đã trả/ có thể trả."
Phí Xử lý Hồ sơ là bao nhiêu?,Phí xử lý sẽ được tính theo Biểu phí (SOC) hiện hành của Ngân hàng.
Tài khoản NUST Sahar thuộc loại tài khoản nào?,"Bộ sản phẩm Tiền gửi NUST Sahar bao gồm các loại sau: 1- Tài khoản Vãng lai NUST Sahar, 2- Tài khoản Tiết kiệm NUST Sahar, 3- Tiền gửi có kỳ hạn NUST Sahar, 4- Tài khoản Vãng lai Dễ dàng NUST Sahar."
Độ tuổi tối thiểu để đủ điều kiện mở Tài khoản NUST Waqaar & Yêu cầu số tiền gửi tối thiểu là gì?,"Độ tuổi tối thiểu để đủ điều kiện là 55 tuổi. Đối với tài khoản chung, chủ tài khoản chính phải đáp ứng tiêu chí về độ tuổi."
Việc khai báo mục đích gửi tiền đến Pakistan có quan trọng không?,"Có, việc cung cấp mục đích gửi tiền đến Pakistan là bắt buộc."
Có độ tuổi tối thiểu nào để được hỗ trợ tài chính trong PMYB & ALS và có yêu cầu trình độ/kinh nghiệm bắt buộc nào không?,"Tất cả công dân Pakistan từ 21 đến 45 tuổi đều đủ điều kiện nộp đơn, tuy nhiên đối với các doanh nghiệp liên quan đến CNTT/Thương mại điện tử, độ tuổi tối thiểu sẽ là 18 tuổi (yêu cầu ít nhất phải tốt nghiệp trung học cơ sở hoặc có trình độ học vấn tương đương)."
Dịch vụ Chuyển tiền Kiều hối của NUST có tính phí không?,Dịch vụ Chuyển tiền Kiều hối của NUST là miễn phí.
Hạn mức cho vay của Ask Fauri Business Finance là gì?,Tối đa 200 triệu Rs (Cho tất cả sản phẩm).
Phí bảo hiểm là bao nhiêu?,Tính theo thực tế.
Có thời gian ân hạn nào được cho phép trong bất kỳ hình thức tài trợ nào không?,Thời gian ân hạn 3 tháng được áp dụng cho AFBF-2 (Chỉ cho Khoản vay Trung và Dài hạn).
Ngân hàng NUST có cung cấp tài khoản nào cho Người Pakistan không định cư (NRP) không?,"Có, Tài khoản Kỹ thuật số Roshan. Được thiết kế đặc biệt cho các cá nhân Người Pakistan không định cư (NRP) muốn thực hiện các hoạt động ngân hàng, thanh toán và đầu tư tại Pakistan."
Các lợi ích miễn phí của Tài khoản Số Asaan NUST là gì?,"Một số lợi ích miễn phí của Tài khoản Số Asaan NUST bao gồm: Phát hành miễn phí sổ séc đầu tiên (25 tờ), Phát hành thẻ ghi nợ PayPak đầu tiên miễn phí, Giao sổ séc và thẻ ghi nợ đầu tiên miễn phí, Dịch vụ cảnh báo SMS miễn phí (Giao dịch số), Sao kê điện tử & Ngân hàng trực tuyến I-Net miễn phí, Gửi/Rút tiền mặt trực tuyến liên chi nhánh miễn phí, Chuyển khoản nội bộ miễn phí trong NUST qua chi nhánh và Phát hành séc ngân hàng miễn phí."
Tiêu chí về độ tuổi để đăng ký Tài chính Cá nhân NUST là gì?,"Tối thiểu: Người hưởng lương: 21 tuổi (18 tuổi đối với Lực lượng Vũ trang), SEB/SEP: 23 tuổi, Khách hàng Prime: 25 tuổi. Tối đa: Nhân viên chính thức: 60 tuổi, Theo hợp đồng: 65 tuổi, Người hưởng lương hưu: 65 tuổi (70 tuổi đối với Lực lượng Vũ trang), SEB/SEP: 65 tuổi tại thời điểm Khoản vay Đáo hạn."
Các khoản phí dịch vụ/tài liệu/pháp lý tại NUST Imarat Finance là bao nhiêu?,Theo thực tế.
Tỷ lệ Mark-up hiện tại của Tài chính Nhà máy Bột mì NUST là bao nhiêu?,"Tài chính Tiền mặt: KIBOR trung bình 3 tháng + 3% mỗi năm. Tài chính Hoạt động: KIBOR trung bình 3 tháng + 3,5% mỗi năm (được xem xét/điều chỉnh hàng quý)."
Có điều kiện nào liên quan đến việc duy trì tài khoản ngân hàng để được sử dụng Tài chính NUST Imarat không?,Bảng sao kê tài khoản ngân hàng tối thiểu 1 năm với NUST hoặc Bảng sao kê ngân hàng tối thiểu 2 năm với bất kỳ ngân hàng nào khác.
Ai có thể đăng ký Tài chính NUST Ujala?,1. Tài trợ SE/ME 2. Tài trợ cho Nhà cung cấp/Nhà phân phối 3. Tài trợ cho Nhân viên NUST 4. Tài trợ cho Ứng viên trong nước (dành riêng cho nhân viên thuộc khu vực doanh nghiệp/chính phủ)
Thị trường mục tiêu của Tài khoản Số Asaan của NUST là gì?,Tài khoản Số Asaan của NUST được thiết kế đặc biệt cho các phân khúc khách hàng không có tài khoản ngân hàng/ít sử dụng ngân hàng. Tài khoản này phù hợp nhất nhưng không giới hạn cho lực lượng lao động có tay nghề/không có tay nghề.
Nơi nào không được phép tài trợ?,"Việc tài trợ sẽ không được phép cho: Bất động sản Thương mại, Xây dựng hoặc sở hữu đất trên khu vực lấn chiếm Đất Công/Đất của Chính phủ, Các bất động sản xây dựng trái với Quy định của Cơ quan Nhà ở."
Yêu cầu bảo đảm để được cấp tài chính NUST Imarat là gì?,"i. Thế chấp hiệu lực (Công bằng/hoặc đã đăng ký biên nhận) phải được tạo trên chính tài sản Thương mại/Công nghiệp đô thị được tài trợ. ii. 03 séc có kỳ hạn với tổng số tiền khoản vay cộng lãi. iii. Bảo lãnh cá nhân từ người vay, tất cả các đối tác và giám đốc của công ty cùng với 'Bản kê khai tài sản ròng cá nhân'. iv. Tài sản dựa trên Fard phải được đăng ký tương đương với tổng số tiền vay."
Bancassurance được cung cấp bởi ba công ty cung cấp bảo hiểm sau:,· Công ty TNHH Bảo hiểm Nhân thọ NUST · Công ty TNHH Bảo hiểm Nhân thọ EFU · Công ty TNHH Bảo hiểm Nhân thọ Jubilee
Các khoản phí dịch vụ/tài liệu/pháp lý trong Tài chính Xay xát Bột mì NUST là bao nhiêu?,Theo thực tế.
Ai có thể mở Tài khoản Chuyển tiền Pak Wattan?,Người nhận chuyển tiền hợp pháp (PRI) có thể mở tài khoản này.
Bancassurance được cung cấp bởi ba công ty cung cấp bảo hiểm sau:,"• Công ty TNHH Bảo hiểm Nhân thọ NUST
• Công ty TNHH Bảo hiểm Nhân thọ EFU
• Công ty TNHH Bảo hiểm Nhân thọ Jubilee."
Bancassurance được cung cấp bởi ba công ty cung cấp bảo hiểm sau:,"• Công ty TNHH Bảo hiểm Nhân thọ NUST
• Công ty TNHH Bảo hiểm Nhân thọ EFU
• Công ty TNHH Bảo hiểm Nhân thọ Jubilee"
NUST4Car – Cơ sở Tài chính Ô tô của Ngân hàng NUST là gì?,"NUST4Car là một cơ sở tài chính ô tô do Ngân hàng NUST cung cấp, hỗ trợ các cá nhân tài trợ cho việc mua xe ô tô thông qua các kế hoạch trả góp dễ dàng và lãi suất cạnh tranh."
Tỷ lệ Mark-up hiện tại của Tài chính Gạo NUST là bao nhiêu?,"Tài chính Tiền mặt: KIBOR 3 tháng + Lên đến 3,00% mỗi năm, Tài chính Hoạt động: KIBOR 3 tháng + Lên đến 3,50% mỗi năm (được xem xét/điều chỉnh hàng quý)."
Tiêu chí về độ tuổi để đăng ký Tài chính Cá nhân NUST là gì?,"Tối thiểu: Người hưởng lương: 21 tuổi (18 tuổi đối với Lực lượng Vũ trang), SEB/SEP: 23 tuổi, Khách hàng Prime: 25 tuổi. Tối đa: Nhân viên chính thức: 60 tuổi, Theo hợp đồng: 65 tuổi, Người hưởng lương hưu: 65 tuổi (70 tuổi đối với Lực lượng Vũ trang), SEB/SEP: 65 tuổi tại thời điểm Khoản vay Đáo hạn."
Tôi muốn tìm hiểu về việc mở tài khoản vãng lai cho mục đích kinh doanh tại Ngân hàng của Quý vị. Xin vui lòng cho tôi biết những lựa chọn mà tôi có?,"Tài khoản Doanh nghiệp NUST Value Premium phù hợp nhất cho các doanh nghiệp vừa và lớn, các công ty hợp danh và các tổ chức doanh nghiệp."
Tôi có thể trả khoản vay trước khi đáo hạn không?,"Có. Bạn có thể trả khoản vay trước khi đáo hạn. Tuy nhiên, các khoản phí sẽ được áp dụng theo Quy chế phí (SOC) hiện hành."
Tài khoản này có được bảo hiểm không?,"• Bảo hiểm Rút tiền mặt tại ATM lên đến hạn mức rút tiền mặt hàng ngày của thẻ ghi nợ từ các máy ATM của Ngân hàng NUST. • Bảo hiểm 'Tử vong do Tai nạn & Thương tật Vĩnh viễn' 24 giờ trên toàn thế giới cho chủ thẻ ghi nợ. 500.000 Rs và 700.000 Rs tương ứng cho Thẻ ghi nợ Classic và Gold. • Bảo hiểm 'Tử vong do Tai nạn & Thương tật Vĩnh viễn' 24 giờ trên toàn thế giới. Số tiền bảo hiểm cho mỗi chủ tài khoản sẽ tương đương với bốn lần số dư trung bình hoàn thành trong sáu tháng qua – tối đa lên đến 2,5 triệu Rs."
Tài khoản Kỹ thuật số Asaan của NUST là gì?,"Tài khoản Kỹ thuật số Asaan của NUST là một sản phẩm ngân hàng số cung cấp một nền tảng đơn giản, dễ sử dụng để khách hàng quản lý tài chính của mình một cách thuận tiện trực tuyến."
Các tính năng chính của Tiền gửi có kỳ hạn NUST Sahar là gì?,"Linh hoạt lựa chọn nhiều kỳ hạn: 1, 3 hoặc 5 Năm. Khoản đầu tư bắt đầu từ mức thấp chỉ 50.000 Rs. Thanh toán lợi nhuận hàng tháng vào Tài khoản vãng lai NUST Sahar của bạn. Có tùy chọn tái tục. Các giao dịch chỉ được đặt từ Tài khoản vãng lai NUST Sahar."
Ngân hàng có chịu trách nhiệm về việc chậm trễ trong đặt chỗ hoặc giao xe không?,"Không. Ngân hàng không chịu bất kỳ trách nhiệm nào trong vấn đề này, vì điều đó nằm ngoài tầm kiểm soát của ngân hàng."
Tài khoản Tiền gửi Đặc biệt NUST (NSDA) là gì?,"Tài khoản Tiền gửi Đặc biệt NUST (NSDA) là một tài khoản tiết kiệm cung cấp các lợi ích đặc biệt, với lãi suất cạnh tranh và kỳ hạn linh hoạt được thiết kế để đáp ứng các mục tiêu tài chính cụ thể của khách hàng."
Các khoản phí ngân hàng cho tài khoản này là gì?,Tất cả các khoản phí ngân hàng được áp dụng theo Biểu phí hiện hành.
Có lợi ích nào khác khi mở Tài khoản Chuyển tiền PakWatan không?,"• Miễn thuế khấu trừ tại nguồn (WHT) khi rút tiền mặt từ các khoản chuyển tiền về nước từ nước ngoài. • Khách hàng cũng có thể đủ điều kiện nhận Tài chính Cá nhân, Thẻ Tín dụng và Tài chính Ô tô sau sáu tháng duy trì Tài khoản Chuyển tiền PakWatan, tùy thuộc vào các tiêu chí đủ điều kiện của ngân hàng."
Lãi suất cho Tài khoản Tiết kiệm NUST Maximiser là bao nhiêu?,Chi trả lợi nhuận: Hàng tháng. Lãi suất: 0.19.
Có giới hạn nào đối với chi tiêu quốc tế không?,"Theo chỉ thị của Ngân hàng Nhà nước (SBP) có hiệu lực từ ngày 1 tháng 11 năm 2022, giới hạn tối đa hàng năm trên toàn ngành là 30.000 USD/người đối với các giao dịch xuyên biên giới qua thẻ (thẻ ghi nợ/thẻ tín dụng và thẻ ảo). Trách nhiệm chính thuộc về khách hàng trong việc đảm bảo rằng giới hạn hàng năm của mình không bị vượt quá bất cứ lúc nào. Để tránh mọi bất tiện, Quý khách được đề nghị vui lòng hạn chế chi tiêu quốc tế trong giới hạn đã quy định. Các khoản thanh toán thương mại xuyên biên giới qua thẻ phát hành cho cá nhân là không được phép. Lưu ý: Ngân hàng NUST có quyền từ chối bất kỳ đơn đăng ký nào theo tiêu chí của Ngân hàng."
Ngân hàng NUST cung cấp những loại sản phẩm Chuyển tiền trong nước nào?,"NUST cung cấp các Sản phẩm Chuyển tiền sau đây để đáp ứng nhu cầu của nhiều đối tượng thụ hưởng chuyển tiền trong nước tại Pakistan:
• Thanh toán Tiền mặt tại quầy (CoC) cho khách hàng vãng lai
• Chuyển khoản vào Tài khoản NUST
• Chuyển khoản vào Tài khoản Ngân hàng Khác thông qua Chuyển tiền Liên ngân hàng (IBFT) & Thanh toán bù trừ gộp thời gian thực (RTGS)"
Mục đích nào mà Tài chính Xay xát Bột mì NUST được cung cấp?,"Tài trợ Tiền mặt (CF) để đáp ứng nhu cầu vốn lưu động của hoạt động kinh doanh xay xát bột mì cho việc mua sắm lúa mì theo công suất xay xát. Tài trợ Linh hoạt (RF) để đáp ứng các nhu cầu vốn lưu động như vận chuyển, lương & tiền lương, tiện ích và các chi phí hành chính khác (Việc mua sắm lúa mì bằng nguồn vốn RF bị hạn chế)."
Làm thế nào để đăng ký Tài khoản Roshan Digital?,"Khách hàng có thể truy cập trang web của Ngân hàng NUST và nhấp vào 'Đăng ký Tài khoản Roshan Digital' để mở tài khoản. Khách hàng sẽ hoàn thành mẫu đơn mở tài khoản và gửi các tài liệu cần thiết. Yêu cầu mở Tài khoản Roshan Digital của khách hàng sẽ được xử lý trong vòng 48 giờ làm việc. Trong trường hợp có bất kỳ sai lệch nào hoặc yêu cầu bổ sung thông tin, ngân hàng sẽ liên hệ với khách hàng theo các chi tiết liên hệ đã cung cấp."
Tài khoản Chia sẻ Lợi nhuận và Thua lỗ (PLS) là gì?,"Tài khoản Chia sẻ Lợi nhuận và Thua lỗ (PLS) là một loại tài khoản ngân hàng Hồi giáo, trong đó lợi nhuận và thua lỗ được chia sẻ giữa ngân hàng và chủ tài khoản dựa trên thỏa thuận đã thiết lập."
Có phí thanh toán trễ không?,Phí thanh toán trễ 1.000 PKR cộng FED sẽ được tính sau ngày thứ 30 kể từ khi khoản trả góp quá hạn.
Tiêu chí tuổi tối đa để đăng ký Tài chính Thế chấp NUST là gì?,"Nhân viên biên chế: 60 tuổi tại thời điểm đáo hạn khoản vay, Nhân viên hợp đồng: 65 tuổi tại thời điểm đáo hạn khoản vay, Người hưởng lương hưu: 65 tuổi tại thời điểm đáo hạn khoản vay, Tự kinh doanh/Tự hành nghề (SEB/SEP): 65 tuổi tại thời điểm đáo hạn khoản vay."
Thời hạn tối đa của Tài chính Nhà máy Bột mì NUST là bao lâu?,Tối đa 1 năm theo hành lang dọn dẹp.
NUST Home Remittance là gì?,"NUST Home Remittance là một dịch vụ do Ngân hàng NUST cung cấp, cho phép cá nhân gửi và nhận kiều hối từ nước ngoài, mang lại một phương thức an toàn và thuận tiện thông qua các kênh ngân hàng."
Hạn mức cho vay của NUST Rice Finance là gì?,"Doanh nghiệp vừa và lớn: Lên đến 200 triệu Rupees (Tối đa), Doanh nghiệp siêu nhỏ và nhỏ: Lên đến 25 triệu Rupees (Tối đa)."
Có thể sử dụng Dịch vụ Tài chính Cá nhân từ NUST ở khu vực nào của quốc gia?,Dịch vụ Tài chính Cá nhân có thể được sử dụng tại tất cả các thành phố có chi nhánh của NUST.
"Tôi muốn hỏi về việc mở Tài khoản Chuyển tiền Kỹ thuật số, vui lòng cho tôi biết có những lựa chọn nào?","Tài khoản Chuyển tiền Kỹ thuật số NUST Asaan được thiết kế đặc biệt cho Cá nhân Cư trú Pakistan, những người muốn nhận kiều hối từ gia đình và bạn bè đang sinh sống ở nước ngoài, trực tiếp vào tài khoản ngân hàng mà không cần phải đến chi nhánh."
Ngân hàng NUST có cung cấp Tài khoản Ngân hàng Kỹ thuật số đơn giản không?,"Có, Tài khoản Kỹ thuật số Asaan của NUST đang được cung cấp."
Số tiền tài trợ tối thiểu và tối đa là bao nhiêu?,"Số tiền tài trợ tối thiểu là Rs. 500,000. Hạn mức tài trợ tối đa sẽ lên đến Rs.100,000,000/- và phụ thuộc vào Tỷ lệ Gánh nặng Nợ (DBR) 50% theo Quy định Ưu tiên Nhà ở (PRs) của Ngân hàng Nhà nước Pakistan (SBP)."
Tôi có thể vay vốn nếu có nợ xấu từ các khoản vay trước đây không?,Không. Bạn cần phải thanh toán đều đặn các khoản vay trước đó.
Khoản vay có thể được cấp dưới danh nghĩa Tài chính NUST Ujala là bao nhiêu?,i. Doanh nghiệp nhỏ – lên đến 15 triệu Rupees ii. Doanh nghiệp vừa – lên đến 25 triệu Rupees iii. Người dùng trong nước – từ 0.5 triệu đến 3.0 triệu Rupees iv. Nhân viên NUST: lên đến 3.00 triệu Rupees v. Nhà cung cấp: Từ 5 triệu đến 25 triệu Rupees – (Một nhà cung cấp duy nhất)
Thời hạn tối đa trong PMYB & ALS là bao lâu?,Khoản vay dài hạn: Tối đa 8 năm (Thời gian ân hạn tối đa 1 năm). Khoản vay vốn lưu động: Tối đa 05 năm (Thời gian ân hạn tối đa 2 năm). Lãi suất sẽ được thu trong thời gian ân hạn.
Phí xử lý cho Ứng dụng Tài chính Ask Fauri là bao nhiêu?,Phí cố định 3.000 Rs. tại thời điểm bắt đầu và cho mỗi lần gia hạn.
Số tiền tài trợ tối thiểu và tối đa là bao nhiêu?,"Hạn mức tín dụng sạch, Tối thiểu 30.000 Rs và tối đa lên đến 3.0 Triệu hoặc theo tỷ lệ nợ trên thu nhập 40% tuân thủ theo các quy định bắt buộc của Ngân hàng Nhà nước Pakistan (SBP PRs)."
Tài khoản này cung cấp tỷ lệ lợi nhuận là bao nhiêu và khi nào thì được ghi có?,"Thanh toán lợi nhuận hàng tháng dựa trên số dư trung bình hàng tháng. Tỷ lệ lợi nhuận: 0.19%, được ghi có hàng tháng."
Mức lãi suất hiện tại của Ngân hàng NUST Ujala Finance là bao nhiêu?,6% mỗi năm cho tất cả mọi người. Lãi suất tính theo Kibor 12 tháng + 4% mỗi năm sẽ được áp dụng cho đến khi khoản tái cấp vốn được Ngân hàng Nhà nước Pakistan (SBP) hoàn trả.
Độ tuổi tối thiểu để đăng ký Tài chính Thế chấp NUST là bao nhiêu?,"Người hưởng lương: 21 tuổi, Tự kinh doanh/Tự hành nghề (SEB/SEP): 23 tuổi."
Tần suất trả nợ trong chương trình Tài chính NUST Ujala là gì?,Người vay Doanh nghiệp Nhỏ/Vừa (SE/ME): Hàng tháng / Hàng quý. Người vay trong nước: Hàng tháng. Nhân viên NUST: Hàng tháng. Nhà cung cấp/Nhà bán: Hàng quý/Nửa năm (theo dòng tiền của người vay).
Thị trường mục tiêu là gì?,Thị trường mục tiêu cho Tài khoản Chuyển tiền Kỹ thuật số NUST Asaan bao gồm các cá nhân - người thụ hưởng (gia đình) của những người Pakistan đang làm việc ở nước ngoài.
Thị trường mục tiêu là gì?,"Cá nhân có giá trị ròng cao (đơn lẻ hoặc chung), Doanh nghiệp Tư nhân, Công ty Hợp danh, Công ty Trách nhiệm Hữu hạn Đại chúng và Tư nhân, Tổ chức Chính phủ, Tập đoàn, Câu lạc bộ, Hội, Hiệp hội, Tổ chức Phi chính phủ."
Ai có thể đăng ký Tài chính NUST Ujala?,1. Tài trợ SE/ME 2. Tài trợ cho Nhà cung cấp/Nhà phân phối 3. Tài trợ cho Nhân viên NUST 4. Tài trợ cho Ứng viên trong nước (dành riêng cho nhân viên thuộc khu vực doanh nghiệp/chính phủ)
Tỷ lệ Mark-up hiện tại của Quỹ Tài chính NUST Hunarmand là bao nhiêu?,"Bậc 2: 4,5% mỗi năm. Bậc 3: 6,5% mỗi năm."
Có yêu cầu nào về độ tuổi kinh doanh không?,Không.
Các dịch vụ miễn phí đi kèm với Tài khoản Tiền gửi Hiện tại là gì?,Dịch vụ cảnh báo SMS miễn phí cho Giao dịch Kỹ thuật số; Bảng sao kê điện tử & Ngân hàng trực tuyến miễn phí; Gửi/Rút tiền mặt trực tuyến miễn phí giữa các chi nhánh (Trực tuyến); Chuyển khoản nội bộ miễn phí trong NUST qua chi nhánh (Chuyển khoản trực tuyến); Phát hành Séc ngân hàng miễn phí
Các tính năng chính của Tài khoản Kỹ thuật số Roshan là gì?,"Được cung cấp bằng PKR và USD/GBP/EUR. Cảnh báo SMS trên số điện thoại đã đăng ký trong nước và quốc tế. Thanh toán hóa đơn & chuyển tiền trong Pakistan thông qua ATM địa phương và ngân hàng trực tuyến. Đầu tư vào Chứng chỉ Naya Pakistan, Bất động sản, Giấy gửi tiền có kỳ hạn NUST và Thị trường Chứng khoán. Lưu ý: Không được phép gửi tiền nội địa vào RDA."
Tần suất trả nợ tại NUST Imarat Finance là gì?,Hàng tháng/Hàng quý.
Tỷ suất lợi nhuận cho Chứng chỉ Tiền gửi Có kỳ hạn Thông báo Rút tiền Trước hạn (SNDR) là bao nhiêu?,Kỳ hạn: 7 ngày. Hình thức chi trả: Đến hạn. Tỷ suất lợi nhuận: 0.165.
Tỷ lệ đánh dấu hiện tại của Tài chính NUST Imarat là bao nhiêu?,Doanh nghiệp vừa và nhỏ (SME) thông thường: Tỷ lệ cho người dùng cuối: 12MK+4% mỗi năm (được xem xét lại hàng năm). Doanh nghiệp vừa và nhỏ (SME) được Lực lượng Vũ trang Hỗ trợ: Tỷ lệ cho người dùng cuối: 12MK+2.5% mỗi năm (được xem xét lại hàng năm).
Tôi có thể được giảm thuế thu nhập đối với Tài trợ Nhà ở không?,"Có, bạn có thể yêu cầu giảm thuế đối với khoản phí đánh dấu Tài chính Nhà ở đã thanh toán trong năm, hoặc theo luật thuế hiện hành của quốc gia."
Các khoản phí dịch vụ/tài liệu/pháp lý tại NUST Imarat Finance là bao nhiêu?,Theo thực tế.
Có bất kỳ khoản phí thanh lý hợp đồng trước hạn / phí trả trước không?,Không.
Tôi nhận được những lợi ích nào khác khi sử dụng VPBA?,Xử lý Tài trợ nhanh chóng. Giải pháp Xử lý Lương & Quản lý Tiền mặt được Tùy chỉnh (ACMS). Bảo hiểm Rút Tiền Mặt ATM.
Các lợi ích miễn phí của Tài khoản Số Asaan NUST là gì?,"Một số lợi ích miễn phí của Tài khoản Số Asaan NUST bao gồm: Phát hành miễn phí sổ séc đầu tiên (25 tờ), Phát hành thẻ ghi nợ PayPak đầu tiên miễn phí, Giao sổ séc và thẻ ghi nợ đầu tiên miễn phí, Dịch vụ cảnh báo SMS miễn phí (Giao dịch số), Sao kê điện tử & Ngân hàng trực tuyến miễn phí, Gửi/Rút tiền mặt trực tuyến liên chi nhánh miễn phí, Chuyển khoản nội bộ miễn phí trong NUST qua chi nhánh và Phát hành séc ngân hàng miễn phí."
Các lợi ích miễn phí của Tài khoản Số NUST Freelancer là gì?,"Phát hành miễn phí sổ séc đầu tiên (25 tờ)
Phát hành miễn phí lần đầu Thẻ Visa Debit
Giao hàng miễn phí Sổ séc & Thẻ Debit đầu tiên
Dịch vụ thông báo SMS miễn phí (Giao dịch số)
Bảo hiểm/Takaful tử vong và thương tật do tai nạn miễn phí lên đến 2,5 triệu PKR với số dư trung bình hàng tháng là 100,000 PKR"
Có hình phạt rút tiền trước hạn trong Tiền gửi có kỳ hạn NUST Maximiser không?,"Việc rút tiền Tiền gửi có kỳ hạn NUST Maximiser trước ngày đáo hạn sẽ chịu mức phạt rút trước hạn như sau: Số tiền gốc x 1,5% mỗi năm trên thời gian còn lại của Tiền gửi có kỳ hạn. (Ví dụ: nếu một giao dịch được đặt cho 5 năm nhưng rút sau 2 năm – mức phạt/phí sẽ là 4,5% x Số tiền Gốc). Mức phạt/phí tối thiểu là 1,5% số tiền gốc. Số tiền phạt sẽ chỉ trong phạm vi lợi nhuận đã trả/ có thể trả."
Phí ngân hàng cho tài khoản này là bao nhiêu?,Tất cả các khoản phí ngân hàng được áp dụng theo Biểu phí hiện hành.
Tài khoản Kỹ thuật số Freelancer của NUST có giới hạn Tín dụng và Ghi nợ nào không?,"Các giới hạn Giao dịch sau được áp dụng:
Giới hạn Số dư Tín dụng tối đa: 5.000 USD hoặc giá trị tương đương
Giới hạn Ghi nợ Hàng tháng: 5.000 USD hoặc giá trị tương đương
Giới hạn Rút tiền Mặt: 500.000 PKR hoặc giá trị tương đương mỗi ngày"
Tôi có thể vay bao nhiêu?,"Tối đa 3 triệu Rupee từ tất cả các ngân hàng/Tổ chức Tài chính Phát triển (DFIs) tính tổng, với điều kiện không vượt quá 40% yêu cầu Gánh nặng Nợ."
Các tiện ích miễn phí được cung cấp kèm theo Tài khoản Vãng lai NUST Value Plus là gì?,Sổ Séc (không giới hạn). Thẻ Ghi nợ (Chiếc đầu tiên được miễn phí). 2 Thẻ Ghi nợ Bổ sung. Sao kê Tài khoản trùng lặp. Tiện ích Chuyển tiền Trực tuyến. Tiện ích cảnh báo SMS miễn phí cho Giao dịch Kỹ thuật số. Sao kê Điện tử & Ngân hàng Trực tuyến I-Net miễn phí. Gửi/Rút tiền mặt Trực tuyến Liên chi nhánh miễn phí (Chuyển khoản Trực tuyến). Chuyển khoản Nội bộ miễn phí trong NUST qua chi nhánh (Chuyển khoản Trực tuyến). Phát hành Séc Ngân hàng miễn phí.
Ngân hàng có yêu cầu Vốn chủ sở hữu cho chương trình này không?,AIF 1 & AIF 2: Tối thiểu 30% (Doanh nghiệp hiện hữu) & Tối thiểu 40% (Doanh nghiệp mới). AIF 3 & AIF 4: Không yêu cầu đối với Doanh nghiệp hiện hữu & Tối thiểu 25% (Doanh nghiệp mới).
Các lợi ích miễn phí của Tài khoản Số Asaan NUST là gì?,"Một số lợi ích miễn phí của Tài khoản Số Asaan NUST bao gồm: Phát hành miễn phí sổ séc đầu tiên (25 tờ), Phát hành miễn phí thẻ ghi nợ PayPak lần đầu, Giao miễn phí sổ séc và thẻ ghi nợ lần đầu, Dịch vụ cảnh báo SMS miễn phí (Giao dịch kỹ thuật số), Sao kê điện tử & Ngân hàng trực tuyến miễn phí, Gửi/Rút tiền mặt trực tuyến liên chi nhánh miễn phí, Chuyển khoản nội bộ miễn phí trong NUST qua chi nhánh và Phát hành séc ngân hàng miễn phí."
Phí bảo hiểm hàng tháng cho một chiếc xe trị giá 3 triệu Rupees là bao nhiêu?,"Với mức phí bảo hiểm hiện tại là 1,75% mỗi năm, số tiền sẽ là 4.375 Rupees mỗi tháng. Mức phí bảo hiểm một khi đã được ấn định sẽ giữ nguyên trong suốt thời hạn tài trợ."
Hạn mức cho vay của NUST Imarat Finance là gì?,"AIF 1: Tối thiểu 5,00 triệu Rs & Tối đa 100 triệu Rs. AIF 2: Tối thiểu 5,00 triệu Rs & Tối đa 50 triệu Rs. AIF 3: Tối đa 30 triệu Rs hoặc lên đến 30% giá trị thị trường hợp lý (FSV) của tài sản thế chấp, tùy theo giá trị nào thấp hơn. AIF 4: Tối đa 5 triệu Rs hoặc lên đến 25% giá trị thị trường hợp lý (FSV) của tài sản thế chấp, tùy theo giá trị nào thấp hơn."
Vui lòng cho tôi biết về số dư tối thiểu hàng tháng được yêu cầu?,Không yêu cầu tiền gửi ban đầu. 25.000 Rs/- (Số dư trung bình hàng tháng).
Vui lòng cho tôi biết về các tiện ích miễn phí được cung cấp trên Tài khoản Vãng lai Value Plus cho Doanh nghiệp khi duy trì số dư trung bình tối thiểu hàng tháng?,Phát hành sổ séc. Sao kê tài khoản bản sao. Phát hành Thẻ ghi nợ (Phí phát sinh/Phí thường niên sẽ theo SOC hiện hành). Tiện ích Ngân hàng trực tuyến. Cảnh báo SMS cho Giao dịch Kỹ thuật số. Sao kê điện tử. Gửi tiền/Rút tiền mặt trực tuyến liên chi nhánh (Trực tuyến). Chuyển khoản nội bộ trong NUST qua chi nhánh (Chuyển khoản trực tuyến). Phát hành Séc của Ngân hàng.
Tài khoản NUST Sahar là gì?,Tài khoản NUST Sahar là các tài khoản được thiết kế đặc biệt để cung cấp các lợi ích và dịch vụ cho khách hàng đang tìm kiếm các giải pháp ngân hàng linh hoạt dưới hình thức tài khoản tiết kiệm và tài khoản vãng lai.
Tỷ lệ đánh dấu hiện tại của Tài chính NUST Imarat là bao nhiêu?,Doanh nghiệp vừa và nhỏ (SME) thông thường: Tỷ lệ cho người dùng cuối: 12MK+4% mỗi năm (được xem xét hàng năm). Doanh nghiệp vừa và nhỏ (SME) được Lực lượng Vũ trang hỗ trợ: Tỷ lệ cho người dùng cuối: 12MK+2.5% mỗi năm (được xem xét hàng năm).
Ngân hàng NUST có cung cấp Tài khoản Ngân hàng Kỹ thuật số cho Freelancer không?,"Tài khoản Kỹ thuật số NUST Freelancer được thiết kế dành riêng cho Freelancer, giúp họ có thể nhận thanh toán trực tiếp vào tài khoản ngân hàng và đồng thời tận hưởng các dịch vụ ngân hàng phong cách sống khác."
Tài khoản Little Champs có những tính năng gia tăng giá trị nào khác?,"• Lợi nhuận hấp dẫn trên tài khoản tiết kiệm
• Dịch vụ cảnh báo SMS cho giao dịch kỹ thuật số
• Dịch vụ ngân hàng trực tuyến
• Kế hoạch bảo hiểm giáo dục miễn phí – 5.000 Rs mỗi tháng trong 5 năm đối với tài khoản tiết kiệm & 10.000 Rs mỗi tháng trong 5 năm đối với tài khoản vãng lai trong trường hợp người giám hộ qua đời."
Cần những tài liệu gì để mở Tài khoản Little Champs?,"• Bản sao Giấy khai sinh (Form-B), Giấy khai sinh, hoặc Thẻ học sinh (tùy theo trường hợp) của trẻ vị thành niên
• Bản sao của một trong các giấy tờ tùy thân hợp lệ sau đây của người giám hộ:
  1. Thẻ Căn cước Công dân (CNIC) do NADRA cấp
  2. Thẻ Căn cước Quốc gia cho Người Pakistan ở nước ngoài (NICOP) do NADRA cấp
  3. Thẻ Nguồn gốc Pakistan (POC) do NADRA cấp
  4. Thẻ Đăng ký Người nước ngoài (ARC) do Cục Đăng ký Người nước ngoài Quốc gia (NARA), Bộ Nội vụ cấp (chỉ dành cho tài khoản nội tệ)
  5. Hộ chiếu có thị thực hợp lệ, hoặc bất kỳ giấy tờ chứng minh cư trú hợp pháp nào khác kèm theo hộ chiếu (chỉ dành cho cá nhân người nước ngoài)
  6. Nguồn thu nhập của người giám hộ."
Thị trường mục tiêu là gì?,Các cá nhân điều hành doanh nghiệp dịch vụ tự do.
Tài khoản Vãng lai NUST Sahar Asaan có bất kỳ giới hạn giao dịch nào không?,"Giới hạn rút tiền hàng tháng lên đến 1.000.000 Rs, Tổng giới hạn số dư tín dụng lên đến 1.000.000 Rs, Các giao dịch xuyên biên giới (ra nước ngoài) sẽ không được phép trừ trường hợp giao dịch quốc tế được thực hiện qua thẻ ghi nợ."
Tôi có thể mua hợp đồng Bancassurance từ tài khoản của mình được duy trì tại Ngân hàng NUST không?,"Có, mọi khách hàng đủ 18 tuổi và có tài khoản tại Ngân hàng NUST đều đủ điều kiện để mua hợp đồng Bancassurance từ tài khoản của họ."
Đối tượng mục tiêu của Tài khoản Tiền gửi Không kỳ hạn là gì?,"Cá nhân (đơn lẻ hoặc chung); Hộ kinh doanh cá thể, Chủ doanh nghiệp; Công ty hợp danh; Công ty Trách nhiệm hữu hạn Công khai và Tư nhân; Tổ chức Chính phủ; Tập đoàn, Câu lạc bộ, Hội, Tổ chức phi chính phủ (NGO), v.v."
Ngân hàng NUST có cung cấp tài khoản nào dành riêng cho Phụ nữ không?,"Có! Ngân hàng NUST cung cấp Tài khoản NUST Sahar. Công dân Pakistan là nữ, cá nhân và thường trú có thể mở tài khoản được cung cấp theo Dịch vụ Ngân hàng NUST Sahar."
Các tính năng chính của các Gói Bảo hiểm EFU này là gì?,"- Thời gian xem xét miễn phí 14 ngày bắt đầu từ ngày khách hàng nhận được Tài liệu Chính sách.
- Hệ thống tăng trưởng Liên kết đơn vị (EFU phân bổ các đơn vị quỹ tương hỗ cho khách hàng, sự tăng trưởng của chính sách phụ thuộc vào mức tăng trưởng giá trị đơn vị giống như thị trường chứng khoán).
- Ngân hàng NUST chỉ đóng vai trò là Đại lý Kinh doanh Doanh nghiệp. Đây là một kế hoạch bảo hiểm, không được coi là bất kỳ Tài khoản hoặc Tiền gửi có kỳ hạn nào có Lợi nhuận Cố định hàng năm.
- Trong trường hợp chấm dứt hợp đồng sớm, chỉ Giá trị Tiền mặt của chính sách sẽ được thanh toán cho khách hàng (giá thị trường hiện tại của các đơn vị quỹ tương hỗ sẽ được hoàn trả).
- Việc hủy bỏ chính sách và tùy chọn hoàn tiền đầy đủ có sẵn nếu tài liệu chính sách được trả lại trong Thời gian xem xét miễn phí, tức là trong vòng 14 ngày kể từ khi nhận được tài liệu.
- Giá trị Tiền mặt của chính sách có thể khác với lợi nhuận dự kiến được cung cấp trong tài liệu minh họa (tài liệu minh họa chỉ mang tính chất tham khảo)."
Tỷ lệ lợi nhuận cho Tài khoản Tiết kiệm NUST là bao nhiêu?,"Thanh toán lợi nhuận: Hàng tháng. Tỷ lệ lợi nhuận: 0,19."
Tôi có thể sử dụng dịch vụ vay mua ô tô nếu không phải là Người làm công ăn lương/Doanh nhân/Chuyên gia không?,"Có. Cá nhân có kiều hối, được hỗ trợ bởi sao kê ngân hàng và biên lai chuyển tiền có thể sử dụng Dịch vụ Vay Mua Ô tô."
Home Remittance là gì?,"Dịch vụ Home Remittance cho phép người gửi tiền chuyển tiền từ nước ngoài về Pakistan một cách nhanh chóng, thuận tiện và an toàn thông qua kênh ngân hàng hợp pháp."
Tài khoản Doanh nghiệp Cao cấp Value Premium (VPBA) là gì?,Tài khoản Doanh nghiệp Cao cấp Value Premium (VPBA) là một tài khoản doanh nghiệp cao cấp được thiết kế cho các doanh nghiệp tìm kiếm các dịch vụ và tính năng ngân hàng cao cấp để đáp ứng nhu cầu hoạt động của họ.
Bancassurance được cung cấp bởi ba công ty cung cấp bảo hiểm sau:,· Công ty TNHH Bảo hiểm Nhân thọ NUST · Công ty TNHH Bảo hiểm Nhân thọ EFU · Công ty TNHH Bảo hiểm Nhân thọ Jubilee
Thời gian xử lý hồ sơ là bao lâu?,Thời gian xử lý hồ sơ Tài chính Cá nhân là 10 ngày làm việc kể từ khi đăng nhập cho đến khi được phê duyệt (phụ thuộc vào việc hồ sơ đầy đủ với các tài liệu yêu cầu).
Có yêu cầu về doanh số tài khoản nào cho Tài chính Lúa gạo NUST không?,Tối thiểu 50% doanh số của người nộp đơn phải được chứng minh thông qua doanh số tài khoản tại ngân hàng.
Thời hạn tối đa của Tài chính Nhà máy Bột mì NUST là bao lâu?,Tối đa 1 năm theo hành lang dọn dẹp.
Tỷ lệ Mark-up hiện tại của Ngân hàng Tài chính NUST Sahar là bao nhiêu?,Tỷ lệ Mark-up @5% mỗi năm. Mark-up tại Kibor 12 tháng + 4% mỗi năm sẽ được tính cho đến khi khoản yêu cầu tái tài trợ được Ngân hàng Nhà nước Pakistan (SBP) hoàn trả.
Thị trường mục tiêu cho Tài khoản Doanh nghiệp Value Plus là gì?,"Doanh nghiệp Tư nhân, Công ty Hợp danh, Doanh nghiệp Nhỏ."
Tần suất trả nợ trong PMYB & ALS là gì?,Việc trả nợ các khoản vay PMYB&ALS sẽ được thực hiện dưới hình thức 'Trả góp hàng tháng hoặc hàng quý (hoặc theo chỉ đạo của SBP).
Thời hạn tài trợ là bao lâu?,Thẻ tín dụng NUST là một dịch vụ thường trực và có thể gia hạn sau khi thẻ tín dụng hết hạn.
NUST cung cấp những loại sản phẩm Tài chính Nhà ở nào?,"Mua Nhà/ Căn hộ/ Chung cư/ Đơn vị Nhà ở, Mua Lô đất (+) cộng với Xây dựng, Xây dựng Nhà/ Đơn vị Nhà ở trên lô đất nhà ở đã sở hữu, Cải tạo Nhà/ Căn hộ/ Chung cư/ Đơn vị Nhà ở, Mở rộng/ Cải thiện, Tiện ích Chuyển nhượng Số dư (BTF) đối với cơ sở tài chính hiện có của người vay từ các ngân hàng/Tổ chức Tài chính Phát triển (DFIs) khác. Lưu ý: Tài chính nhà ở sẽ không được cho phép chỉ để mua đất/ lô đất."
Trẻ vị thành niên có thể vận hành tài khoản này như thế nào?,"Tài khoản này được mở dưới tên của trẻ vị thành niên. Tuy nhiên, trẻ vị thành niên cần sự trợ giúp của người giám hộ để sử dụng các tiện ích của tài khoản. Trẻ vị thành niên có thể sử dụng tài khoản bất cứ lúc nào, nghĩa là các em có thể gửi tiền hoặc rút tiền bất cứ lúc nào với sự trợ giúp của người giám hộ."
Tài khoản Tiết kiệm Đặc biệt NUST (NSDA) là gì?,"Tài khoản Tiết kiệm Đặc biệt NUST (NSDA) là một loại tài khoản tiết kiệm cung cấp các lợi ích đặc biệt, với lãi suất cạnh tranh và các kỳ hạn linh hoạt được thiết kế để đáp ứng các mục tiêu tài chính cụ thể của khách hàng."
Các tính năng chính của các Gói Bảo hiểm Nhân thọ NUST này là gì?,"• Thời gian xem xét miễn phí 14 ngày bắt đầu từ ngày khách hàng nhận được Tài liệu Chính sách. • Các kế hoạch tăng trưởng theo hệ thống Đầu tư Trực tiếp (NUST Life trực tiếp đầu tư quỹ vào quỹ tương hỗ Universal Life). • NUST Bank chỉ đóng vai trò là Đại lý Bán hàng Doanh nghiệp. Đây là một kế hoạch bảo hiểm, không được coi là Tài khoản Ngân hàng hoặc Tiền gửi có kỳ hạn với Lợi nhuận Cố định hàng năm. • Trong trường hợp chấm dứt hợp đồng sớm, chỉ Giá trị Tiền mặt của hợp đồng sẽ được thanh toán cho khách hàng. • Có thể hủy bỏ hợp đồng và hoàn tiền đầy đủ nếu trả lại tài liệu hợp đồng trong Thời gian xem xét miễn phí (14 ngày kể từ khi nhận tài liệu). • Giá trị Tiền mặt của hợp đồng có thể khác với lợi nhuận dự kiến được cung cấp trong tài liệu minh họa (tài liệu minh họa chỉ mang tính chất tham khảo)."
Tỷ lệ lợi nhuận cho Tài khoản NUST Waqaar - Công dân Cao tuổi là bao nhiêu?,"Thanh toán lợi nhuận: Hàng tháng. Tỷ lệ lợi nhuận: 0,19."
Giờ làm việc ngân hàng của NUST để sử dụng dịch vụ chuyển tiền kiều hối tại các Chi nhánh NUST là khi nào?,"Khách hàng có thể sử dụng dịch vụ chuyển tiền kiều hối tại các chi nhánh nội địa của NUST trong giờ làm việc thông thường:
• Thứ Hai đến Thứ Năm: 09:00 sáng đến 05:00 chiều
• Thứ Sáu: 09:00 sáng đến 05:30 chiều
• Thứ Bảy: 09:00 sáng đến 01:30 chiều (thông qua các chi nhánh được chọn)"
Tài khoản Little Champs có những tính năng gia tăng giá trị nào khác?,"• Lợi nhuận hấp dẫn trên tài khoản tiết kiệm
• Dịch vụ cảnh báo SMS cho giao dịch kỹ thuật số
• Dịch vụ ngân hàng trực tuyến
• Kế hoạch bảo hiểm giáo dục miễn phí – 5.000 Rs mỗi tháng trong 5 năm đối với tài khoản tiết kiệm & 10.000 Rs mỗi tháng trong 5 năm đối với tài khoản vãng lai trong trường hợp người giám hộ qua đời."
Tài khoản NUST Sahar thuộc loại tài khoản nào?,"Bộ sản phẩm Tiền gửi NUST Sahar bao gồm các loại sau: 1- Tài khoản Vãng lai NUST Sahar, 2- Tài khoản Tiết kiệm NUST Sahar, 3- Tiền gửi có kỳ hạn NUST Sahar, 4- Tài khoản Vãng lai Dễ dàng NUST Sahar."
Thời hạn tối đa trong PMYB & ALS là bao lâu?,Khoản vay dài hạn: Tối đa 8 năm (Thời gian ân hạn tối đa 1 năm). Khoản vay vốn lưu động: Tối đa 05 năm (Thời gian ân hạn tối đa 2 năm). Lãi suất sẽ được thu trong thời gian ân hạn.
Ngân hàng có yêu cầu vốn chủ sở hữu cho chương trình này không?,AIF 1 & AIF 2: Tối thiểu 30% (Doanh nghiệp hiện hữu) & Tối thiểu 40% (Doanh nghiệp mới). AIF 3 & AIF 4: Không yêu cầu đối với Doanh nghiệp hiện hữu & Tối thiểu 25% (Doanh nghiệp mới).
Làm thế nào để tôi có thể đăng ký vay vốn?,Bạn có thể đăng ký bằng cách đến bất kỳ Chi nhánh nào của chúng tôi hoặc gọi cho chúng tôi tại Trung tâm Dịch vụ Khách hàng 24 giờ theo số 111-000-787. Nhân viên tận tâm của chúng tôi sẽ hỗ trợ bạn hoàn thành đơn đăng ký vay và các thủ tục khác.
Tỷ lệ Mark-up hiện tại của Tài chính Nhà máy Bột mì NUST là bao nhiêu?,Tài chính Tiền mặt: KIBOR trung bình 3 tháng + 3% mỗi năm. Tài chính Hoạt động: KIBOR trung bình 3 tháng + 3.5% mỗi năm (được xem xét/điều chỉnh hàng quý).
Có danh sách chi nhánh nào tôi có thể truy cập để lấy thông tin không?,Danh sách các chi nhánh trong nước của NUST có thể được xem từ công cụ Định vị Chi nhánh có trên trang web doanh nghiệp của chúng tôi www.nustbank.com. https://NUSTbank.com/find-us/
Phí bảo hiểm là bao nhiêu?,Tính theo thực tế.
Các tiện ích miễn phí đi kèm với Tài khoản Kỹ thuật số Roshan là gì?,Phát hành thẻ ghi nợ miễn phí lần đầu (phí thường niên theo Biểu phí hiện hành). Dịch vụ ngân hàng trực tuyến I-Net miễn phí. Bản sao kê điện tử miễn phí.
Các tính năng miễn phí có sẵn với Tài khoản Chia sẻ Lợi nhuận và Thua lỗ (PLS) Tiết kiệm NUST là gì?,Bảng sao kê điện tử & Ngân hàng trực tuyến miễn phí. Gửi/Rút tiền mặt trực tuyến liên chi nhánh miễn phí (Trực tuyến). Chuyển khoản nội bộ miễn phí trong NUST qua chi nhánh (Chuyển khoản trực tuyến). Phát hành Séc ngân hàng miễn phí. Cảnh báo SMS miễn phí về Giao dịch Kỹ thuật số.
Người Pakistan ở nước ngoài có thể sử dụng dịch vụ Thẻ tín dụng từ NUST không?,"Có. Cá nhân duy trì tài khoản FC với NUST, người nhận kiều hối/ chủ tài khoản Roshan Digital, chủ sở hữu Chứng chỉ Naya Pakistan có thể đăng ký Thẻ tín dụng NUST MasterCard trên cơ sở thế chấp. Lưu ý: Dịch vụ chỉ được cung cấp trong trường hợp có tài khoản chung FC duy trì với NUST (một người phải cư trú tại Pakistan)."
Tài khoản Số Asaan của NUST là gì?,"Tài khoản Số Asaan của NUST là một sản phẩm ngân hàng số cung cấp một nền tảng đơn giản, dễ sử dụng để khách hàng quản lý tài chính của mình một cách thuận tiện trực tuyến."
Tôi muốn tìm hiểu về việc mở tài khoản vãng lai cho mục đích kinh doanh tại Ngân hàng của Quý vị. Xin vui lòng cho tôi biết những lựa chọn mà tôi có?,"Tài khoản Doanh nghiệp NUST Value Premium phù hợp nhất cho các doanh nghiệp vừa và lớn, các công ty hợp danh và các tổ chức doanh nghiệp."
Tần suất hoàn trả phí đánh dấu trong Ask Fauri Business Finance là gì?,"AFBF-1: Hàng tháng / Hàng quý, AFBF-2: Hàng tháng / Hàng quý, AFBF-3: Trả trước, AFBF-4: Trả trước."
Tôi có thể vay nhiều hơn một khoản vay mua nhà không?,Có. Một người có thể vay hai Khoản vay Thế chấp cùng một lúc từ Ngân hàng NUST trong tỷ lệ Nợ trên Thu nhập (DBR) theo Quy định Hiện hành của Ngân hàng Nhà nước (SBP) về Tài chính Nhà ở.
Ngân hàng có chịu trách nhiệm về việc chậm trễ trong đặt chỗ hoặc giao xe không?,"Không. Ngân hàng không chịu bất kỳ trách nhiệm nào trong vấn đề này, vì điều đó nằm ngoài tầm kiểm soát của ngân hàng."
Tài khoản Số Kỹ thuật NUST Asaan thuộc loại nào? Là Tài khoản Vãng lai hay Tài khoản Tiết kiệm?,Tài khoản Số Kỹ thuật NUST Asaan là Tài khoản Vãng lai bằng đồng tiền PKR.
Hệ thống chi trả lợi nhuận cho Tài khoản Tiết kiệm NUST Sahar là gì?,"Chi trả lợi nhuận hàng tháng, tính lợi nhuận dựa trên số dư trung bình hàng tháng."
Cơ cấu pháp lý của doanh nghiệp để được hưởng Tài chính NUST Sahar là gì?,"Chủ sở hữu duy nhất, Công ty hợp danh, Công ty trách nhiệm hữu hạn tư nhân, Công ty một thành viên (SMC), Cá nhân kinh doanh (Do phụ nữ làm chủ). Đối với Công ty hợp danh/ Công ty trách nhiệm hữu hạn tư nhân, có 02 đối tác hoặc giám đốc, tối thiểu 51% cổ đông/ Giám đốc điều hành phải là nữ và người này cũng phải là người nộp đơn. Nếu có nhiều hơn 02 đối tác hoặc giám đốc, cổ đông lớn phải là phụ nữ, người này cũng phải là Giám đốc điều hành và là người nộp đơn."
Yêu cầu số dư mở tài khoản và số dư tối thiểu cho VPCA là gì?,Không yêu cầu số dư mở tài khoản. Không yêu cầu số dư trung bình tối thiểu hàng tháng. Phân bổ tủ gửi đồ (khi có sẵn) khi duy trì số dư trung bình tối thiểu hàng tháng là 50.000 Rs.
Ngân hàng NUST có đang cung cấp sản phẩm tài chính nào liên quan đến các giải pháp năng lượng tái tạo/thay thế không?,"Ngân hàng NUST đã xây dựng một sản phẩm tài chính mới với tên gọi 'Tài chính NUST Ujala' theo chương trình tái cấp vốn của Ngân hàng Nhà nước Pakistan (SBP), trong phạm vi dành cho Doanh nghiệp vừa và nhỏ (SME). Chương trình sản phẩm này được phát triển để cung cấp tài chính cho việc lắp đặt thiết bị năng lượng mặt trời như một nguồn năng lượng thay thế."
Có lợi ích nào khác khi mở Tài khoản Chuyển tiền PakWatan không?,"• Miễn thuế WHT (thuế khấu trừ tại nguồn) khi rút tiền mặt từ các khoản kiều hối nhận được từ nước ngoài. • Khách hàng cũng có thể đủ điều kiện nhận Tài chính Cá nhân, Thẻ Tín dụng và Tài chính Ô tô sau sáu tháng duy trì Tài khoản Chuyển tiền PakWatan, tùy thuộc vào các tiêu chí đủ điều kiện của ngân hàng."
Tỷ lệ lợi nhuận trên tài khoản tiết kiệm NAA là bao nhiêu?,"Tỷ lệ lợi nhuận hiện tại là 20,50% và được trả nửa năm một lần."
Thời hạn tối đa của Ask Fauri Business Finance là bao lâu?,"AFBF-1: Lên đến 1 Năm, AFBF-2: Lên đến 3 Năm, AFBF-3: Lên đến 30 Tháng, AFBF-4: Theo yêu cầu / Kỳ hạn Usance 120 ngày."
Vui lòng cho tôi biết về số dư tối thiểu hàng tháng được yêu cầu?,Không yêu cầu tiền gửi ban đầu. 25.000 Rs/- (Số dư trung bình hàng tháng).
Thị trường mục tiêu của Tài khoản Số Asaan của NUST là gì?,Tài khoản Số Asaan của NUST được thiết kế đặc biệt cho các phân khúc khách hàng không có tài khoản ngân hàng/ít sử dụng ngân hàng. Tài khoản này phù hợp nhất nhưng không giới hạn cho lực lượng lao động có tay nghề/không có tay nghề.
Có tài khoản nào mang lại lợi nhuận hấp dẫn cho khoản tiết kiệm dài hạn của tôi không?,"Có, Tài khoản NUST Maximiser được thiết kế để đáp ứng các nhu cầu ngân hàng cơ bản của bạn và mang lại lợi nhuận hấp dẫn trên khoản tiết kiệm."
Các tiện ích miễn phí đi kèm với Tài khoản Kỹ thuật số Roshan là gì?,Phát hành thẻ ghi nợ miễn phí lần đầu (phí thường niên theo Biểu phí hiện hành - SOC). Dịch vụ ngân hàng trực tuyến I-Net miễn phí. Bản sao kê điện tử miễn phí.
Phí xử lý cho NUST Mortgage Finance là bao nhiêu?,Phí xử lý sẽ được tính theo Biểu phí hiện hành của Ngân hàng (SOC).
Ngân hàng có yêu cầu vốn chủ sở hữu cho chương trình này không?,Hạng 2: 10% (Kinh doanh mới). Hạng 3: 20% (Kinh doanh mới). Kinh doanh hiện tại: Không.
Thời gian xử lý hồ sơ là bao lâu?,"Thời gian xử lý hồ sơ Thẻ tín dụng là 10 ngày làm việc kể từ khi đăng nhập cho đến khi được phê duyệt, với điều kiện hồ sơ đầy đủ và kèm theo các tài liệu cần thiết."
Có danh sách chi nhánh nào tôi có thể truy cập để lấy thông tin không?,Danh sách các chi nhánh trong nước của NUST có thể được xem từ công cụ Định vị Chi nhánh có trên trang web doanh nghiệp của chúng tôi www.nustbank.com. https://NUSTbank.com/find-us/
Có bất kỳ khoản phí phạt nào liên quan đến việc chấm dứt hợp đồng trước hạn/phạt trả trước một phần lớn (balloon payment) không?,"Phương thức Chấm dứt Trước hạn: Danh mục Chung: i. Trường hợp toàn bộ khoản vay còn nợ được thanh toán trong vòng 3 năm kể từ lần giải ngân đầu tiên: Phí 3% trên tổng số dư nợ. ii. Trường hợp toàn bộ khoản vay còn nợ được thanh toán sau 3 năm: Phí 2% trên tổng số dư nợ. Danh mục Lực lượng Vũ trang: i. Trường hợp toàn bộ khoản vay còn nợ được thanh toán trong vòng 3 năm: Phí 2% trên tổng số dư nợ. ii. Trường hợp toàn bộ khoản vay còn nợ được thanh toán sau 3 năm: Phí 1% trên tổng số dư nợ. Trả trước Một phần Lớn (Balloon Payment): Cho phép trả trước một phần lớn lên đến 20% số dư nợ mỗi năm một lần mà không bị phạt. Việc thanh toán vượt quá 20% sẽ bị tính phí 2% trên số tiền trả trước. Đối với Lực lượng Vũ trang: Cho phép trả trước một phần lớn lên đến 30% số dư nợ mỗi năm một lần mà không bị phạt. Việc thanh toán vượt quá 30% sẽ bị tính phí 1% trên số tiền trả trước. Phí chấm dứt trước hạn sẽ không áp dụng trong trường hợp cải tạo, sửa chữa."
Các khoản phí áp dụng cho Chương trình Tài chính Hunarmand của NUST là gì?,Được áp dụng theo quy định của PMYB & ALS.
Các tính năng chính của Tài khoản Vãng lai NUST Sahar Asaan là gì?,"Mở tài khoản đơn giản với mẫu đơn mở tài khoản một trang và CNIC, Phát hành sổ séc, Phát hành thẻ ghi nợ PayPak miễn phí."
Yêu cầu tiền gửi ban đầu của Tài khoản Vãng lai NUST Sahar Asaan là gì?,Chỉ 100 Rs.
Loại tài khoản của NAA là gì?,NAA có thể được mở cả dưới dạng Tài khoản Thanh toán và Tiết kiệm.
Tài khoản NUST Sahar là gì?,Tài khoản NUST Sahar là các tài khoản được thiết kế đặc biệt để cung cấp các lợi ích và dịch vụ cho khách hàng đang tìm kiếm các giải pháp ngân hàng linh hoạt dưới hình thức tài khoản tiết kiệm và tài khoản vãng lai.
NUST Home Remittance là gì?,"NUST Home Remittance là một dịch vụ do Ngân hàng NUST cung cấp, cho phép cá nhân gửi và nhận kiều hối từ nước ngoài, mang lại một phương thức an toàn và thuận tiện thông qua các kênh ngân hàng."
Người nộp đơn có thể vay tín dụng sạch tại Tài chính NUST Sahar không?,Có thể vay tối đa 0.70 triệu Rs với sự bảo lãnh của cá nhân và bên thứ ba.
Hạn mức cho vay của NUST Imarat Finance là gì?,"AIF 1: Tối thiểu 5,00 triệu Rs & Tối đa 100 triệu Rs. AIF 2: Tối thiểu 5,00 triệu Rs & Tối đa 50 triệu Rs. AIF 3: Tối đa 30 triệu Rs hoặc lên đến 30% giá trị thị trường hợp lý (FSV) của tài sản thế chấp, tùy theo giá trị nào thấp hơn. AIF 4: Tối đa 5 triệu Rs hoặc lên đến 25% giá trị thị trường hợp lý (FSV) của tài sản thế chấp, tùy theo giá trị nào thấp hơn."
Ngân hàng NUST có tham gia PMYB & ALS không?,"Ngân hàng NUST đang tích cực tham gia PMYB&ALS. Chương trình này được thiết kế đặc biệt để tạo cơ hội tự tạo việc làm cho thanh niên thất nghiệp trong nước có kỹ năng, kiến thức, kinh nghiệm hoặc mong muốn bắt đầu kinh doanh riêng với quy mô vừa và nhỏ hoặc mở rộng quy mô kinh doanh hiện có."
Ai đủ điều kiện mở tài khoản này?,"Đối tượng đủ điều kiện mở Tài khoản Số Asaan của NUST bao gồm: Lực lượng lao động có kỹ năng/không có kỹ năng, Người ít học/không biết chữ, Nông dân, Công nhân/Lao động theo ngày, Phụ nữ/Nội trợ, Cá nhân tự kinh doanh và Thanh niên."
Các dịch vụ miễn phí có sẵn tại ASDA là gì?,"Bảng sao kê điện tử & Ngân hàng trực tuyến miễn phí, Gửi/Rút tiền mặt trực tuyến miễn phí liên chi nhánh (Trực tuyến), Chuyển khoản nội bộ miễn phí trong NUST qua chi nhánh (Chuyển khoản trực tuyến), Phát hành Séc ngân hàng miễn phí, Cảnh báo SMS miễn phí cho Giao dịch Kỹ thuật số."
Tôi có thể vay bao nhiêu?,"Tối đa 3 triệu Rupee từ tất cả các ngân hàng/Tổ chức Tài chính Phát triển (DFIs) tính tổng, với điều kiện không vượt quá 40% yêu cầu Gánh nặng Nợ."
Mục đích của việc cung cấp Tài chính Xay xát Bột mì NUST là gì?,"Tài chính Tiền mặt (CF): Để đáp ứng nhu cầu vốn lưu động của hoạt động kinh doanh xay xát bột mì cho việc mua sắm lúa mì theo công suất xay xát. Tài chính Hoạt động (RF): Để đáp ứng các nhu cầu vốn lưu động như vận chuyển, lương & tiền công, tiện ích và các chi phí hành chính khác, v.v. (Việc mua sắm lúa mì bằng nguồn vốn RF bị hạn chế)."
Các lợi ích miễn phí của Tài khoản Chuyển tiền Kỹ thuật số NUST Asaan là gì?,"Một số lợi ích miễn phí của Tài khoản Chuyển tiền Kỹ thuật số NUST Asaan bao gồm: Phát hành miễn phí sổ séc đầu tiên (25 tờ), Phát hành thẻ ghi nợ PayPak đầu tiên miễn phí, Giao sổ séc và thẻ ghi nợ đầu tiên miễn phí, Dịch vụ cảnh báo SMS miễn phí (Giao dịch kỹ thuật số), Sao kê điện tử & Ngân hàng trực tuyến miễn phí, Gửi/Rút tiền mặt trực tuyến liên chi nhánh miễn phí, Chuyển khoản nội bộ miễn phí trong NUST qua chi nhánh, Phát hành séc ngân hàng miễn phí và Bảo hiểm/Takaful tử vong & thương tật do tai nạn miễn phí lên tới 2,5 triệu PKR với số dư trung bình hàng tháng là 100,000 PKR."
Các khoản phí dịch vụ/tài liệu/pháp lý trong Ask Fauri Business Finance là gì?,Theo thực tế.
Tiêu chí thu nhập tối thiểu hàng tháng là gì?,"Cơ quan Chính phủ / Bán Chính phủ / Tự trị, v.v.: Biên chế, 35.000 Rs/- Hợp đồng, 45.000 Rs/-; Công ty được phê duyệt: Biên chế, 40.000 Rs/- Hợp đồng, 60.000 Rs/-; Không được phê duyệt (Tài khoản lương với NUST): 70.000 Rs/- Hợp đồng, 80.000 Rs/-."
Liên kết Cổng thông tin Web Ngân hàng NUST dành cho RDA là gì?,https://secureportal.NUSTbank.com/rda/
Tôi có thể thế chấp tài sản sở hữu để vay vốn không?,"Có, mục đích vay vốn phải phù hợp với mục đích được cơ quan quản lý quy định, bao gồm: Vay để xây dựng nhà trên lô đất ở thuộc sở hữu, Dịch vụ Chuyển khoản Dư nợ (BTF) thay thế khoản vay hiện có của khách hàng từ các ngân hàng/Tổ chức Tài chính Phát triển (DFIs) khác, Cải tạo nhà/căn hộ/chung cư/đơn vị nhà ở thuộc sở hữu, Mở rộng/Cải thiện Đơn vị Nhà ở."
Các Thông Tin Quan Trọng Khác về Kế hoạch Bảo hiểm EFU,"- Chỉ có Kế hoạch Giáo dục và Hôn nhân là Kế hoạch thời hạn hạn chế với Quyền lợi Tiếp tục (trong trường hợp tử vong, khoản thanh toán sẽ được thực hiện khi đáo hạn)
- Kế hoạch Đóng Phí Một lần có thể chấm dứt bất cứ lúc nào, trong trường hợp tử vong, Giá trị Hoàn lại hoặc Số tiền Bảo đảm, tùy theo giá trị nào cao hơn, sẽ được chi trả
- Các phương thức Thanh toán Phí Bảo hiểm Hàng năm / Nửa năm / Quý có sẵn theo sự thuận tiện của khách hàng
- Kế hoạch Tăng trưởng Mạnh là kế hoạch rủi ro cao, phụ thuộc vào hồ sơ khách hàng
- Các Khiếu nại Tử vong sẽ được EFU xử lý với điều kiện hoàn tất các tài liệu theo yêu cầu và chỉ đủ điều kiện nếu tình trạng hợp đồng là Đang hoạt động, Đang hiệu lực/Đã phục hồi"
Làm thế nào để tôi nhận được cập nhật về Đơn đăng ký Thẻ Tín dụng của mình?,Bạn cũng có thể đến thăm trực tiếp/gọi điện hoặc gửi email đến trung tâm Dịch vụ Khách hàng của chúng tôi. Địa chỉ email: CustomerServices@NUSTbank.com.pk.
Thị trường mục tiêu là gì?,Các cá nhân điều hành doanh nghiệp dịch vụ tự do.
Có tài khoản nào mang lại lợi nhuận hấp dẫn cho khoản tiết kiệm dài hạn của tôi không?,"Có, Tài khoản NUST Maximiser được thiết kế để đáp ứng các nhu cầu ngân hàng cơ bản của bạn và mang lại lợi nhuận hấp dẫn trên khoản tiết kiệm."
Thời hạn tối đa của Tài chính NUST Sahar là bao lâu?,Tài chính Ngắn hạn/Vốn lưu động: Tối đa 3 năm không có thời gian ân hạn. Tài chính Dài hạn: Tối đa 5 năm (bao gồm thời gian ân hạn lên đến 6 tháng). Lãi suất sẽ được thu trong thời gian ân hạn.
Phí bảo hiểm là bao nhiêu?,Tính theo thực tế.
Việc khai báo mục đích gửi tiền đến Pakistan có quan trọng không?,"Có, việc cung cấp mục đích gửi tiền đến Pakistan là bắt buộc."
Thời gian xử lý hồ sơ là bao lâu?,"Thời gian xử lý của Mortgage Finance là 30 ngày kể từ khi đăng nhập cho đến khi được chấp thuận, với điều kiện hồ sơ đầy đủ và kèm theo các tài liệu cần thiết."
Ngân hàng NUST có cung cấp Tài khoản Ngân hàng Kỹ thuật số cho Freelancer không?,"Tài khoản Kỹ thuật số NUST Freelancer được thiết kế dành riêng cho Freelancer, giúp họ có thể nhận thanh toán trực tiếp vào tài khoản ngân hàng và đồng thời tận hưởng các dịch vụ ngân hàng phong cách sống khác."
Có phí thanh toán trễ không?,"Phí 1.000 Rs cho mỗi đợt thanh toán. Trong trường hợp trả trễ, lãi suất thương mại sẽ được áp dụng trên số tiền gốc còn nợ."
Loại tài khoản của Tài khoản Số Asaan NUST là gì? Là tài khoản Vãng lai hay Tiết kiệm?,Tài khoản Số Asaan NUST là một Tài khoản Vãng lai bằng đồng tiền PKR.
"Tôi muốn mở tài khoản cùng con trai, ngân hàng có sản phẩm nào dành cho trẻ em không?","Có, sản phẩm của chúng tôi là Tài Khoản Little Champs. Tài khoản này được thiết kế đặc biệt dành cho trẻ vị thành niên (dưới 18 tuổi). Trẻ em cần sự hỗ trợ của cha mẹ hoặc người giám hộ hợp pháp để mở tài khoản này và sử dụng các tiện ích đi kèm. Little Champs sẽ được nhận Thẻ Ghi nợ và sổ séc, miễn phí cho lần đầu tiên."
Tôi có thể nhận kiều hối tại Pakistan nếu không có tài khoản ngân hàng ở bất kỳ ngân hàng nào không?,Bạn có thể nhận kiều hối từ bất kỳ chi nhánh nào trong số 600+ chi nhánh trong nước của NUST trên toàn quốc nếu bạn có CNIC hợp lệ và Mã số tham chiếu giao dịch duy nhất / Mã pin.
Các khoản phí dịch vụ/tài liệu/pháp lý tại NUST Rice Finance là bao nhiêu?,Theo thực tế.
Tôi sẽ nhận tiền kiều hối bằng loại tiền tệ nào?,Tất cả các khoản thanh toán kiều hối trong nước đều được giải ngân bằng Rupee Pakistan.
Ngân hàng NUST có cung cấp tài khoản nào cho Người Pakistan không định cư (NRP) không?,"Có, Tài khoản Kỹ thuật số Roshan. Được thiết kế đặc biệt cho các cá nhân Người Pakistan không định cư (NRP) muốn thực hiện các hoạt động ngân hàng, thanh toán và đầu tư tại Pakistan."
Tôi muốn tìm hiểu về việc mở tài khoản vãng lai cho cá nhân tại Ngân hàng của Quý vị. Xin vui lòng cho tôi biết các lựa chọn mà tôi có?,Tài khoản Vãng lai NUST Value Plus được thiết kế đặc biệt cho cá nhân để đáp ứng các nhu cầu tài chính của họ.
Phí bảo hiểm là bao nhiêu?,Tính theo thực tế.
Ngân hàng của bạn có cung cấp tài khoản Tiền gửi Thanh toán không?,Tài khoản Tiền gửi Thanh toán được thiết kế đặc biệt cho những khách hàng có nhu cầu giao dịch ngân hàng thường xuyên và không cần hưởng Lợi nhuận.
"Tài khoản Little Champs là loại tài khoản gì, tiết kiệm hay tài khoản vãng lai?",Tài khoản này được cung cấp ở cả hai loại: tài khoản vãng lai và tài khoản tiết kiệm.
Tần suất hoàn trả phí đánh dấu trong Ask Fauri Business Finance là gì?,"AFBF-1: Hàng tháng / Hàng quý, AFBF-2: Hàng tháng / Hàng quý, AFBF-3: Trả trước, AFBF-4: Trả trước."
Phí xử lý cho Đơn đăng ký Tài chính Nhà máy Bột mì NUST là bao nhiêu?,"Phí xử lý sẽ được tính @ 0,15% tổng hạn mức đã xử lý/được phê duyệt hoặc 25.000 Rs, tùy theo mức nào cao hơn."
Thời hạn tối đa của Tài chính NUST Imarat là bao lâu?,AIF 1: Tối đa 10 năm (Thời gian ân hạn lên đến 6 tháng). AIF 2: Tối đa 10 năm (Thời gian ân hạn lên đến 9 tháng). AIF 3: Tối đa 8 năm (Thời gian ân hạn lên đến 6 tháng). AIF 4: Tối đa 3 năm (Thời gian ân hạn lên đến 3 tháng). (Lãi suất sẽ được thu trong thời gian ân hạn).
Người nộp đơn có thể vay tín dụng sạch tại Tài chính NUST Sahar không?,Có thể vay tối đa 0.70 triệu Rs với sự bảo lãnh của cá nhân và bên thứ ba.
Yêu cầu tiền gửi ban đầu của Tài khoản Vãng lai NUST Sahar Asaan là gì?,Chỉ 100 Rs.
Có thể sử dụng dịch vụ Thẻ tín dụng ở khu vực nào của đất nước?,Thẻ tín dụng có thể được sử dụng ở tất cả các thành phố / khu vực mà không có sự phân biệt.
Cần giấy tờ tùy thân nào để mở Tài khoản NUST Waqaar?,"Bản sao của một trong các giấy tờ tùy thân hợp lệ sau: Thẻ Căn cước (CNIC) do NADRA cấp, Thẻ Căn cước cho Người Pakistan ở nước ngoài (NICOP) do NADRA cấp, Thẻ Nguồn gốc Pakistan (POC) do NADRA cấp, Hộ chiếu có thị thực hợp lệ hoặc bất kỳ bằng chứng nào khác về việc lưu trú hợp pháp (chỉ dành cho cá nhân là người nước ngoài)."
Sản phẩm này có sẵn ở hai biến thể:,· Tài khoản Tiết kiệm NUST Maximiser · Tiền gửi Có kỳ hạn NUST Maximiser
Hình thức trả nợ là gì?,"Thanh toán Khoản trả góp Hàng tháng Cố định (EMI) bao gồm tiền gốc, phí đánh dấu và chi phí bảo hiểm, v.v. sẽ được thực hiện thông qua Ủy quyền Ghi nợ Trực tiếp (DDA) từ tài khoản của người vay được duy trì tại NUST."
Loại Tài khoản của Tài khoản Kỹ thuật số NUST Freelancer là gì? Là Tài khoản Vãng lai hay Tài khoản Tiết kiệm?,"Tài khoản Kỹ thuật số NUST Freelancer cung cấp Tài khoản Vãng lai bằng PKR và FCY (USD, GBP, EUR, AED)."
Tài trợ Lúa gạo NUST được cung cấp cho những mục đích nào?,"Tài trợ Tiền mặt (CF) Để đáp ứng nhu cầu vốn lưu động của các nhà máy xay xát lúa gạo cho việc thu mua lúa theo công suất xay xát. Tài trợ Linh hoạt (RF) Để đáp ứng nhu cầu vốn lưu động của các nhà máy xay xát lúa gạo như: vận chuyển, lương & tiền công, tiện ích và các chi phí hành chính khác, v.v. (Việc thu mua lúa bằng nguồn vốn RF bị hạn chế)."
Có yêu cầu về doanh số tài khoản cho Tài chính Lúa gạo NUST không?,Tối thiểu 50% doanh số của người nộp đơn phải được chứng minh thông qua doanh số tài khoản tại ngân hàng.
Ngân hàng NUST có tài khoản chuyển tiền chuyên biệt theo hướng dẫn của SBP không?,"Có, NUST có một tài khoản chuyển tiền có tên là Tài khoản Chuyển tiền Pak Wattan."
Lãi suất tiết kiệm của tài khoản NAA là bao nhiêu?,"Lãi suất hiện tại là 20,50% và được trả bán niên."
Ngân hàng NUST có tham gia PMYB & ALS không?,"Ngân hàng NUST đang tích cực tham gia PMYB&ALS. Chương trình này được thiết kế đặc biệt để tạo cơ hội tự tạo việc làm cho thanh niên thất nghiệp trong nước có kỹ năng, kiến thức, kinh nghiệm hoặc mong muốn bắt đầu kinh doanh riêng với quy mô nhỏ đến trung bình hoặc mở rộng quy mô kinh doanh hiện có."
Các loại phương tiện nào được cung cấp theo Tài chính Ô tô NUST?,• Xe lắp ráp/sản xuất trong nước. • Xe mới/Xe đã qua sử dụng. • Xe thương mại hoặc xe sử dụng cho mục đích thương mại không được tài trợ.
Ngân hàng NUST có cung cấp dịch vụ tài trợ thời vụ nào không?,Sản phẩm tài chính thời vụ 'Tài trợ Nhà máy Bột mì NUST' đã được thiết kế để cung cấp vốn nhanh chóng theo hình thức cho vay theo chương trình. Sản phẩm này được tạo ra để đáp ứng nhu cầu vốn lưu động cho các nhà máy bột mì. Tài trợ Nhà máy Bột mì NUST phục vụ nhu cầu tài chính thời vụ cho việc mua sắm lúa mì và các chi phí quản lý khác của nhà máy. Phạm vi của sản phẩm nhắm đến các nhà máy bột mì thuộc danh mục doanh nghiệp vừa và nhỏ (SME).
Thuế Zakat và WHT có áp dụng cho Tài khoản Kỹ thuật số Roshan không?,Thuế Zakat và WHT trên lợi nhuận không áp dụng cho tài khoản RDA.
Có điều kiện nào liên quan đến việc duy trì tài khoản ngân hàng để được sử dụng Tài chính NUST Imarat không?,Bảng sao kê tài khoản ngân hàng tối thiểu 1 năm với NUST hoặc Bảng sao kê ngân hàng tối thiểu 2 năm với bất kỳ ngân hàng nào khác.
Việc khai báo mục đích gửi tiền đến Pakistan có quan trọng không?,"Có, việc cung cấp mục đích gửi tiền đến Pakistan là bắt buộc."
Hạn mức cho vay của Quỹ Tài chính NUST Hunarmand là gì?,"Bậc 2: Trên 0,5 triệu Rupee và lên đến 1,5 triệu Rupee. Bậc 3: Trên 1,5 triệu Rupee và lên đến 7,5 triệu Rupee."
Phí định giá/BOQ là gì?,Tính theo thực tế.
Tôi có thể mua hợp đồng Bancassurance từ tài khoản của mình tại Ngân hàng NUST không?,"Có, mọi khách hàng đủ 18 tuổi và có tài khoản tại Ngân hàng NUST đều đủ điều kiện mua hợp đồng Bancassurance từ tài khoản của họ."
Ngân hàng của bạn có cung cấp tài khoản nào cho người cao tuổi không?,"Tài khoản NUST Waqaar được phát triển dành riêng cho người cao tuổi, cho phép họ thực hiện các giao dịch ngân hàng đồng thời tận dụng các cơ hội đầu tư."
Phí xử lý cho Ứng dụng Tài chính Ask Fauri là bao nhiêu?,Phí cố định 3.000 Rs. tại thời điểm bắt đầu và cho mỗi lần gia hạn.
Công suất cho phép theo Tài chính NUST Ujala?,"i. Doanh nghiệp: Doanh nghiệp siêu nhỏ (SE) từ 10 KW đến 200KW, Doanh nghiệp nhỏ (ME) từ 30 KW đến 500KW. ii. Người vay trong nước: từ 5 KW đến 30KW. iii. Nhân viên NUST: tối đa 30 KW. iv. Nhà cung cấp/Nhà bán: từ 30 KW đến 500KW."
Phí xử lý hồ sơ là bao nhiêu?,Phí sẽ được tính theo Biểu phí hiện hành (SOC) hoặc theo thỏa thuận với doanh nghiệp.
Ngân hàng có yêu cầu vốn chủ sở hữu cho chương trình này không?,AIF 1 & AIF 2: Tối thiểu 30% (Doanh nghiệp hiện hữu) & Tối thiểu 40% (Doanh nghiệp mới). AIF 3 & AIF 4: Không yêu cầu đối với Doanh nghiệp hiện hữu & Tối thiểu 25% (Doanh nghiệp mới).
Người Pakistan ở nước ngoài có thể sử dụng dịch vụ Thẻ tín dụng từ NUST không?,"Có. Cá nhân duy trì tài khoản FC với NUST, người nhận kiều hối/ chủ tài khoản Roshan Digital, chủ sở hữu Chứng chỉ Naya Pakistan có thể đăng ký Thẻ tín dụng NUST MasterCard trên cơ sở thế chấp. Lưu ý: Dịch vụ chỉ được cung cấp trong trường hợp có tài khoản chung FC duy trì với NUST (một người phải cư trú tại Pakistan)."
Ngân hàng NUST có cung cấp Tài khoản Ngân hàng Kỹ thuật số đơn giản không?,"Có, Tài khoản Kỹ thuật số Asaan của NUST đang được cung cấp."
Có phí thanh toán trễ không?,"Trong trường hợp chậm thanh toán khoản trả góp, lãi suất thương mại sẽ được tính trên số ngày quá hạn."
VPCA có đi kèm bất kỳ quyền lợi bảo hiểm nào không?,Bảo hiểm Rút tiền mặt tại ATM. Bảo hiểm “Tử vong do Tai nạn & Thương tật Vĩnh viễn” 24 Giờ trên Toàn cầu.
Ngân hàng NUST có cung cấp hình thức tài trợ thời vụ nào không?,Sản phẩm tài chính thời vụ “Tài trợ Nhà máy Bột mì NUST” đã được cấu trúc thông qua để tài trợ nhanh chóng theo hình thức cho vay theo chương trình. Sản phẩm được thiết kế dành riêng cho các nhà máy bột mì nhằm đáp ứng nhu cầu vốn lưu động của họ. Tài trợ Nhà máy Bột mì NUST nhằm đáp ứng nhu cầu tài chính thời vụ cho việc mua sắm lúa mì và các chi phí quản lý khác của các nhà máy bột mì. Phạm vi của sản phẩm nhắm đến các nhà máy bột mì thuộc danh mục Doanh nghiệp vừa và nhỏ (SME).
Mục đích nào mà Tài chính Xay xát Bột mì NUST được cung cấp?,"Tài chính Tiền mặt (CF) để đáp ứng nhu cầu vốn lưu động của hoạt động kinh doanh xay xát bột mì cho việc mua sắm lúa mì theo công suất xay xát. Tài chính Hoạt động (RF) để đáp ứng nhu cầu vốn lưu động như vận chuyển, lương & tiền công, tiện ích và các chi phí hành chính khác (Việc mua sắm lúa mì bằng nguồn vốn RF bị hạn chế)."
Ngân hàng NUST có cung cấp Tài khoản Ngân hàng Số cho Freelancer không?,"Tài khoản Số Freelancer của NUST được thiết kế dành riêng cho Freelancer, giúp họ có thể nhận thanh toán trực tiếp vào tài khoản ngân hàng và đồng thời tận hưởng các dịch vụ ngân hàng phong cách sống khác."
NUST Ujala Finance được cung cấp cho những mục đích nào?,"Doanh nghiệp vừa và nhỏ (SME), Nhân viên NUST và Hộ gia đình: Phát điện để tự sử dụng hoặc cung cấp cho công ty phân phối / NEPRA. Nhà cung cấp/Nhà bán lẻ: Cho thuê tiếp thiết bị năng lượng tái tạo / bán hàng trả chậm / cho thuê hoặc bán điện cho người dùng cuối."
Phí bảo hiểm là bao nhiêu?,Tính theo thực tế.
"Tôi là người nước ngoài, tôi có thể gửi tiền sang Pakistan không?","Có, bạn có thể."
Tài khoản này cung cấp tỷ lệ lợi nhuận là bao nhiêu và khi nào thì được ghi có?,"Thanh toán lợi nhuận hàng tháng dựa trên số dư trung bình hàng tháng. Tỷ lệ lợi nhuận: 0.19%, được ghi có hàng tháng."
Tần suất trả nợ trong PMYB & ALS là gì?,Việc trả nợ các khoản vay PMYB&ALS sẽ được thực hiện dưới hình thức 'Trả góp Hàng tháng hoặc Hàng quý (hoặc theo chỉ đạo của SBP).
Có độ tuổi tối thiểu nào để được hỗ trợ tài chính tại Quỹ Tài chính NUST Ujala không?,Tài trợ cho Doanh nhân Xã hội/Doanh nhân Vi mô: Từ 25-55 tuổi tại thời điểm nộp đơn. (Ít nhất một thành viên hợp danh/giám đốc phải đáp ứng tiêu chí về tuổi). Nhà cung cấp/Người bán: Từ 25-55 tuổi tại thời điểm nộp đơn. (Ít nhất một thành viên hợp danh/giám đốc phải đáp ứng tiêu chí về tuổi). Tài trợ cho Nhân viên NUST: Không giới hạn độ tuổi. Tài trợ cho Ứng viên Nội địa: Từ 25-55 tuổi tại thời điểm nộp đơn. (Ít nhất một người vay hoặc người đồng vay phải đáp ứng tiêu chí)
Tỷ lệ lợi nhuận cho tài khoản tiết kiệm ngoại tệ là bao nhiêu?,"Tỷ lệ Lợi nhuận cho USD: 0,0025, GBP: 0,0025, EUR: 0."
Các dịch vụ miễn phí có sẵn với Tài khoản Tiết kiệm NUST Maximiser là gì?,o Phát hành Séc Ngân hàng o Phát hành CDR o Rút tiền mặt/Gửi tiền trực tuyến liên chi nhánh (Trực tuyến) o Chuyển khoản nội bộ trong NUST qua chi nhánh (Chuyển khoản trực tuyến) o Ngân hàng Internet o SMS về giao dịch kỹ thuật số o Bảng sao kê điện tử
Phí ngân hàng cho tài khoản này là bao nhiêu?,Tất cả các khoản phí ngân hàng được áp dụng theo Biểu phí hiện hành.
Việc khai báo mục đích gửi tiền đến Pakistan có quan trọng không?,"Có, việc cung cấp mục đích gửi tiền đến Pakistan là bắt buộc."
Hạn mức cho vay của Chương trình Tài chính Xay xát Bột mì NUST là gì?,Mỗi bên (một thực thể duy nhất) có thể vay tối đa 75 triệu Rs cho Doanh nghiệp vừa và 25 triệu Rs cho Doanh nghiệp nhỏ.
NUST Sahar Finance có thể được sử dụng cho những mục đích nào?,"i. Mở rộng kinh doanh hiện có ii. Thành lập doanh nghiệp mới iii. Mua cổ phiếu/ Nhu cầu vốn lưu động, v.v."
Bảo hiểm tài sản có bắt buộc không?,Có. Bảo hiểm tài sản là bắt buộc; Phí bảo hiểm do bên vay chịu. Bảo hiểm này chi trả chi phí xây dựng của ngôi nhà được tài trợ và giá trị tài sản trong trường hợp căn hộ chung cư.
Cơ cấu pháp lý của doanh nghiệp nên như thế nào để được hưởng Tài chính NUST Imarat?,"Chủ sở hữu duy nhất, Công ty hợp danh (đã đăng ký), Công ty trách nhiệm hữu hạn tư nhân, Công ty đại chúng."
Các khoản phí dịch vụ/tài liệu/pháp lý trong Tài chính Xay xát Bột mì NUST là gì?,Tính theo thực tế.
Các tính năng chính của tài khoản là gì?,Tài khoản không dựa trên lãi suất; Giao dịch thường xuyên và khả năng tiếp cận quỹ
Thời hạn tối đa cho Khoản vay NUST Ujala là bao lâu?,"i. Người vay SE/ME: 05 năm, bao gồm thời gian ân hạn 03 tháng. ii. Trong nước: 05 năm bao gồm thời gian ân hạn 03 tháng. iii. Nhân viên NUST: 10 năm hoặc theo thời gian công tác còn lại (tùy theo mức nào thấp hơn), bao gồm thời gian ân hạn 03 tháng. iv. Nhà cung cấp/Nhà cung ứng: 05 năm bao gồm thời gian ân hạn 06 tháng."
Các tính năng chính của tài khoản là gì?,Tài khoản không dựa trên lãi suất; Giao dịch thường xuyên và khả năng tiếp cận quỹ
Có hình phạt rút tiền trước hạn trong Tiền gửi có kỳ hạn NUST Maximiser không?,"Việc rút tiền Tiền gửi có kỳ hạn NUST Maximiser trước ngày đáo hạn sẽ chịu hình phạt rút tiền trước hạn như sau: Số tiền gốc x 1,5% mỗi năm cho thời gian còn lại của Tiền gửi có kỳ hạn. (Ví dụ: nếu một giao dịch được đặt cho 5 năm nhưng rút sau 2 năm – hình phạt/phí sẽ là 4,5% x Số tiền gốc). Mức phạt/phí tối thiểu là 1,5% số tiền gốc. Số tiền phạt sẽ chỉ trong phạm vi lợi nhuận đã trả/ có thể trả."
Làm thế nào để đăng ký Tài khoản Roshan Digital?,"Khách hàng có thể truy cập trang web của Ngân hàng NUST và nhấp vào 'Đăng ký Tài khoản Roshan Digital' để mở tài khoản. Khách hàng sẽ điền vào mẫu đơn mở tài khoản và nộp các tài liệu cần thiết. Yêu cầu mở Tài khoản Roshan Digital của khách hàng sẽ được xử lý trong vòng 48 giờ làm việc. Trong trường hợp có bất kỳ sai sót nào hoặc cần thêm thông tin, ngân hàng sẽ liên hệ với khách hàng theo các chi tiết liên lạc đã cung cấp."
Tỷ lệ lợi nhuận cho tài khoản tiết kiệm ngoại tệ là bao nhiêu?,"Tỷ lệ lợi nhuận cho USD: 0,0025, GBP: 0,0025, EUR: 0."
Ai đủ điều kiện mở tài khoản này?,"Đối tượng đủ điều kiện mở Tài khoản Số Asaan của NUST bao gồm: Lực lượng lao động có kỹ năng/không có kỹ năng, Người ít học/không biết chữ, Nông dân, Công nhân/Lao động theo ngày, Phụ nữ/Nội trợ, Cá nhân tự kinh doanh và Thanh niên."
Ai có thể mở Tài khoản Chuyển tiền Pak Wattan?,Người nhận chuyển tiền hợp pháp (PRI) có thể mở tài khoản này.
Ngân hàng của bạn có cung cấp tài khoản nào cho người cao tuổi không?,"Tài khoản NUST Waqaar được phát triển dành riêng cho người cao tuổi, cho phép họ thực hiện các giao dịch ngân hàng đồng thời tận dụng các cơ hội đầu tư."
NUST có cung cấp sản phẩm cho vay kinh doanh nào dành cho gia đình quân nhân và sĩ quan đã nghỉ hưu của lực lượng vũ trang không?,"NUST Hunarmand Finance là một sản phẩm phụ của PMYB&ALS, được xây dựng với mục tiêu tạo cơ hội kinh doanh cho các thị trường mục tiêu cụ thể. Sản phẩm được cung cấp cho: • Các sĩ quan ủy nhiệm, sĩ quan cấp dưới, hạ sĩ quan đã nghỉ hưu của lực lượng vũ trang và thành viên gia đình của họ (vợ/chồng và con cái). • Vợ/chồng và con cái của các sĩ quan ủy nhiệm, sĩ quan cấp dưới, hạ sĩ quan đang tại ngũ trong lực lượng vũ trang."
Hạn mức cho vay của NUST Rice Finance là gì?,"Doanh nghiệp vừa và lớn (ME): Lên đến 200 triệu Rupees (Tối đa), Doanh nghiệp siêu nhỏ và nhỏ (SE): Lên đến 25 triệu Rupees (Tối đa)."
Yêu cầu số tiền gửi tối thiểu để mở Tài khoản Tiết kiệm NUST Waqaar & Tiền gửi Có kỳ hạn NUST Waqaar là bao nhiêu?,• Tiền gửi tối thiểu để mở Tài khoản Tiết kiệm NUST Waqaar là 1.000 Rs. • Tiền gửi tối thiểu để mở Tài khoản Tiền gửi Có kỳ hạn NUST Waqaar là 25.000 Rs. Lưu ý: Khách hàng phải là chủ tài khoản của NUST để đặt tiền vào Tiền gửi Có kỳ hạn NUST Waqaar.
Ai đủ điều kiện mở tài khoản này?,"Đối tượng đủ điều kiện mở Tài khoản Số Asaan của NUST bao gồm: Lực lượng lao động có tay nghề/không có tay nghề, người ít học/không biết chữ, nông dân, công nhân/lao động theo ngày, phụ nữ/nội trợ, cá nhân tự kinh doanh và thanh niên."
Ai đủ điều kiện mở tài khoản này?,"Đối tượng đủ điều kiện mở Tài khoản Số Asaan của NUST bao gồm: Lực lượng lao động có kỹ năng/không có kỹ năng, Người ít học/không biết chữ, Nông dân, Công nhân/Lao động theo ngày, Phụ nữ/Nội trợ, Cá nhân tự kinh doanh và Thanh niên."
Tài khoản Kỹ thuật số Asaan của NUST là gì?,"Tài khoản Kỹ thuật số Asaan của NUST là một sản phẩm ngân hàng kỹ thuật số cung cấp một nền tảng đơn giản, dễ sử dụng để khách hàng quản lý tài chính của mình một cách thuận tiện trực tuyến."
Cơ cấu pháp lý của doanh nghiệp để được hưởng Tài chính NUST Sahar là gì?,"Chủ sở hữu duy nhất, Công ty hợp danh, Công ty trách nhiệm hữu hạn tư nhân, Công ty một thành viên (SMC), Cá nhân kinh doanh (Do phụ nữ làm chủ). Đối với Công ty hợp danh/ Công ty trách nhiệm hữu hạn tư nhân, có 02 thành viên hợp danh hoặc giám đốc, tối thiểu 51% cổ đông/ Giám đốc điều hành phải là nữ và người này cũng phải là người nộp đơn. Nếu có nhiều hơn 02 thành viên hợp danh hoặc giám đốc, cổ đông đa số phải là phụ nữ, người này cũng phải là Giám đốc điều hành và là người nộp đơn."
Các tính năng chính của Tài khoản Little Champs là gì?,"• Số tiền gửi ban đầu tối thiểu: 100 Rs
• Tài khoản Tiết kiệm Little Champs
• Miễn phí sổ séc đầu tiên* (Chỉ dành cho Tài khoản Vãng lai)
• Miễn phí thẻ ghi nợ* (áp dụng phí thường niên/phí thay thế)
• Chi trả lợi nhuận: Nửa năm một lần
• Tỷ suất lợi nhuận: 0.19
• Hạn mức chuyển tiền hàng ngày: 100.000 Rs
• Hạn mức rút tiền ATM hàng ngày: 25.000 Rs
• Hạn mức POS hàng ngày: 50.000 Rs"
Tần suất hoàn trả markup trong Ask Fauri Business Finance là gì?,"AFBF-1: Hàng tháng / Hàng quý, AFBF-2: Hàng tháng / Hàng quý, AFBF-3: Trả trước, AFBF-4: Trả trước."
Các tính năng chính của Tài khoản Kỹ thuật số Roshan là gì?,"Được cung cấp bằng PKR và USD/GBP/EUR. Cảnh báo SMS trên các số điện thoại đã đăng ký trong nước và quốc tế. Thanh toán hóa đơn & chuyển tiền trong Pakistan thông qua ATM địa phương và ngân hàng trực tuyến. Đầu tư vào Chứng chỉ Naya Pakistan, Bất động sản, Giấy gửi tiền có kỳ hạn NUST và Thị trường Chứng khoán. Lưu ý: Không được phép gửi tiền nội địa vào RDA."
Ngân hàng của bạn có cung cấp tài khoản Tiền gửi Thanh toán không?,Tài khoản Tiền gửi Thanh toán được thiết kế đặc biệt cho những khách hàng có nhu cầu giao dịch ngân hàng thường xuyên và không cần hưởng Lợi nhuận.
Có danh sách chi nhánh nào tôi có thể truy cập để lấy thông tin không?,Danh sách các chi nhánh trong nước của NUST có thể được xem từ công cụ Định vị Chi nhánh có trên trang web doanh nghiệp của chúng tôi www.nustbank.com. https://NUSTbank.com/find-us/
Vui lòng cho tôi biết về các tiện ích miễn phí được cung cấp trên Tài khoản Vãng lai Giá trị Cộng cho Doanh nghiệp khi duy trì số dư trung bình hàng tháng tối thiểu?,Phát hành sổ séc. Sao kê tài khoản bản sao. Phát hành Thẻ ghi nợ (Phí phát sinh/Phí thường niên sẽ theo Biểu phí hiện hành - SOC). Tiện ích Ngân hàng trực tuyến. Cảnh báo SMS cho Giao dịch Kỹ thuật số. Sao kê điện tử. Gửi tiền mặt/Rút tiền mặt trực tuyến liên chi nhánh (Trực tuyến). Chuyển khoản nội bộ trong NUST qua chi nhánh (Chuyển khoản trực tuyến). Phát hành Séc của Ngân hàng.
Chính sách Bancassurance của Jubilee Life là gì?,"Chính sách Bancassurance của Jubilee Life là sản phẩm bảo hiểm nhân thọ do Ngân hàng NUST cung cấp với sự hợp tác của Công ty Bảo hiểm Nhân thọ Jubilee, mang đến nhiều gói bảo hiểm nhân thọ đa dạng."
Tỷ lệ Mark-up hiện tại của Ask Fauri Business Finance là bao nhiêu?,"AFBF-1: 3MK /COD +1.50%, AFBF-2: 12 MK /COD +2.0%, AFBF-3: Theo SOC, AFBF-4: Theo SOC."
Có bất kỳ khoản phí ẩn nào không?,Không có bất kỳ khoản phí ẩn nào. Tất cả các khoản phí đều được đề cập trong Biểu phí của chúng tôi có sẵn trên trang web và tại tất cả các chi nhánh của Ngân hàng NUST.
Có khoản khấu trừ thuế nào đối với Dịch vụ Chuyển tiền về nước không?,Dịch vụ Chuyển tiền về nước được miễn thuế.
Tỷ lệ lợi nhuận cho Tài khoản Little Champs là bao nhiêu?,"Chi trả lợi nhuận: Nửa năm một lần. Tỷ lệ lợi nhuận: 0,19."
Thị trường mục tiêu là gì?,Các cá nhân điều hành doanh nghiệp dịch vụ tự do.
Phí xử lý cho Đơn xin Tài chính của NUST Sahar là bao nhiêu?,Lên đến 0.70 triệu Rupee: 2000 Rupee (Không hoàn lại). Trên 0.70 triệu và lên đến 5 triệu Rupee: 3000 Rupee (Không hoàn lại).
Cần bao nhiêu vốn chủ sở hữu/tiền đặt cọc?,Yêu cầu tối thiểu 30% vốn chủ sở hữu + (Bảo hiểm năm đầu tiên + phí tài liệu) là số tiền đặt cọc cần thiết.
"Tôi muốn hỏi về việc mở Tài khoản Chuyển tiền Kỹ thuật số, vui lòng cho tôi biết có những lựa chọn nào?","Tài khoản Chuyển tiền Kỹ thuật số NUST Asaan được thiết kế đặc biệt cho Cá nhân Cư trú Pakistan muốn nhận kiều hối từ gia đình và bạn bè đang sống ở nước ngoài, trực tiếp vào tài khoản ngân hàng mà không cần phải đến chi nhánh."
Trẻ vị thành niên có thể vận hành tài khoản này như thế nào?,"Tài khoản này được mở dưới tên của trẻ vị thành niên. Tuy nhiên, trẻ vị thành niên cần sự trợ giúp của người giám hộ để sử dụng các tiện ích của tài khoản. Trẻ vị thành niên có thể sử dụng tài khoản bất cứ lúc nào, nghĩa là các em có thể gửi tiền hoặc rút tiền bất cứ lúc nào với sự trợ giúp của người giám hộ."
Tôi có thể thực hiện trả trước một phần hoặc tất cả khoản vay trước hạn không?,"Có, khách hàng được quyền trả trước một phần hoặc toàn bộ khoản vay trước hạn. Phí sẽ được áp dụng theo biểu phí hiện hành của Ngân hàng."
Khoản thanh toán Freelance có thể được thực hiện thông qua PRI không?,"Có, khoản thanh toán Freelance được cho phép theo những thỏa thuận cụ thể với các đối tác liên kết với mục đích được cho phép theo hướng dẫn của SBP."
Ngân hàng NUST có cung cấp tài khoản nào cho Người Pakistan không định cư (NRP) không?,"Có, Tài khoản Kỹ thuật số Roshan. Được thiết kế đặc biệt cho các cá nhân Người Pakistan không định cư (NRP) muốn thực hiện các hoạt động ngân hàng, thanh toán và đầu tư tại Pakistan."
Tỷ lệ đánh dấu hiện tại của Tài chính NUST Imarat là bao nhiêu?,Doanh nghiệp vừa và nhỏ (SME) thông thường: Tỷ lệ cho người dùng cuối: 12MK+4% mỗi năm (được xem xét lại hàng năm). Doanh nghiệp vừa và nhỏ (SME) được Hỗ trợ bởi Lực lượng Vũ trang: Tỷ lệ cho người dùng cuối: 12MK+2.5% mỗi năm (được xem xét lại hàng năm).
Điều gì xảy ra nếu tôi không thực hiện được nghĩa vụ thanh toán?,"Trong trường hợp quá hạn/vi phạm thanh toán, bộ phận thu hồi nợ của NUST sẽ liên hệ với bạn, thông tin khoản vay của bạn sẽ được báo cáo cho Cục Tín dụng. Các khoản phí thanh toán chậm và phí trả lại séc cũng có thể được áp dụng theo biểu phí hiện hành. Ngân hàng cũng có thể khởi động các thủ tục pháp lý."
Các tính năng chính của Tài khoản Vãng lai NUST Sahar Asaan là gì?,"Mở tài khoản đơn giản với mẫu đơn mở tài khoản một trang và CNIC, Phát hành sổ séc, Phát hành thẻ ghi nợ PayPak miễn phí."
Thời hạn tối đa trong PMYB & ALS là bao lâu?,Khoản vay dài hạn: Tối đa 8 năm (Thời gian ân hạn tối đa 1 năm). Khoản vay vốn lưu động: Tối đa 05 năm (Thời gian ân hạn tối đa 2 năm). Lãi suất sẽ được thu trong thời gian ân hạn.
Hạn mức cho vay của PMYB & ALS là gì?,"Bậc 2: Trên 0,5 triệu Rupee và lên đến 1,5 triệu Rupee. Bậc 3: Trên 1,5 triệu Rupee và lên đến 7,5 triệu Rupee."
Thời hạn tối đa của Tài chính Lúa gạo NUST là bao lâu?,"Tài chính Tiền mặt: Tối đa 270 ngày hoặc theo hành lang dọn dẹp tùy theo điều kiện nào đến trước, Tài chính Hoạt động: Một năm."
Có độ tuổi tối thiểu nào để được hỗ trợ tài chính tại NUST Rice Finance không?,"Tối thiểu 20 tuổi (trong trường hợp doanh nghiệp tư nhân), tối đa 65 tuổi tại thời điểm nộp đơn. Tiêu chí này không áp dụng nếu doanh nghiệp là công ty hợp danh hoặc công ty trách nhiệm hữu hạn. Độ tuổi này có thể được linh hoạt trong trường hợp có kế hoạch kế thừa hiệu quả."
Các khoản phí dịch vụ/tài liệu/pháp lý tại NUST Ujala Finance là bao nhiêu?,Theo thực tế.
Các lợi ích miễn phí của Tài khoản Số NUST Freelancer là gì?,"Phát hành miễn phí sổ séc đầu tiên (10 tờ), Phát hành miễn phí lần đầu Thẻ Ghi nợ UnionPay, Giao miễn phí Sổ séc & Thẻ Ghi nợ đầu tiên, Dịch vụ cảnh báo SMS miễn phí (Giao dịch số), Bảo hiểm/Takaful tử vong và thương tật do tai nạn miễn phí lên đến 2,5 triệu PKR với số dư trung bình hàng tháng là 100,000 PKR."
Ngân hàng NUST có cung cấp tài khoản nào dành riêng cho phụ nữ không?,"Có! Ngân hàng NUST cung cấp Tài khoản NUST Sahar. Công dân Pakistan là nữ, cá nhân và thường trú có thể mở tài khoản được cung cấp theo Dịch vụ Ngân hàng NUST Sahar."
Phí bảo hiểm hàng tháng cho một chiếc xe trị giá 3 triệu Rupees là bao nhiêu?,"Với mức phí bảo hiểm hiện tại là 1,75% mỗi năm, phí hàng tháng sẽ là 4.375 Rupees. Mức phí bảo hiểm một khi đã được ấn định sẽ giữ nguyên trong suốt thời hạn tài trợ."
Tài khoản Kỹ thuật số Asaan của NUST là gì?,"Tài khoản Kỹ thuật số Asaan của NUST là một sản phẩm ngân hàng số cung cấp một nền tảng đơn giản, dễ sử dụng để khách hàng quản lý tài chính của mình một cách thuận tiện trực tuyến."
Tài khoản Chia sẻ Lợi nhuận và Thua lỗ (PLS) là gì?,"Tài khoản Chia sẻ Lợi nhuận và Thua lỗ (PLS) là một loại tài khoản ngân hàng Hồi giáo, trong đó lợi nhuận và thua lỗ được chia sẻ giữa ngân hàng và chủ tài khoản dựa trên thỏa thuận đã thiết lập."
Có bất kỳ khoản phí phạt nào liên quan đến việc chấm dứt trước hạn/phạt trả trọn gói không?,"Phương thức Chấm dứt Trước hạn: Danh mục Chung: i. Trường hợp toàn bộ khoản vay còn lại được thanh toán trong vòng 3 năm kể từ lần giải ngân đầu tiên: Phí 3% trên tổng số dư nợ. ii. Trường hợp toàn bộ khoản vay còn lại được thanh toán sau 3 năm: Phí 2% trên tổng số dư nợ. Danh mục Lực lượng Vũ trang: i. Trường hợp toàn bộ khoản vay còn lại được thanh toán trong vòng 3 năm: Phí 2% trên tổng số dư nợ. ii. Trường hợp toàn bộ khoản vay còn lại được thanh toán sau 3 năm: Phí 1% trên tổng số dư nợ. Trả trọn gói: Cho phép trả trọn gói lên đến 20% số dư nợ mỗi năm một lần mà không bị phạt. Việc thanh toán vượt quá 20% sẽ bị tính phí 2% trên số tiền trả trọn gói. Đối với Lực lượng Vũ trang: Cho phép trả trọn gói lên đến 30% số dư nợ mỗi năm một lần mà không bị phạt. Việc thanh toán vượt quá 30% sẽ bị tính phí 1% trên số tiền trả trọn gói. Phí chấm dứt trước hạn sẽ không áp dụng trong trường hợp cải tạo, sửa chữa."
Người nộp đơn có thể vay tín dụng sạch tại Tài chính NUST Sahar không?,Có thể vay tối đa 0.70 triệu Rs với sự bảo lãnh của cá nhân và bên thứ ba.
Ai có thể đăng ký Dịch vụ Thẻ Tín dụng NUST?,"Cá nhân hưởng lương, Doanh nhân Tự làm chủ (SEB), Chuyên gia Tự làm chủ (SEP), Người Khuyết tật/Người Khiếm thị/Người Khuyết tật (PWD), Phụ nữ. Các cá nhân có nguồn thu nhập có thể xác minh được đều có thể đăng ký Thẻ Tín dụng NUST Mastercard."
Thời hạn tối đa của Tài chính Nhà máy Bột mì NUST là bao lâu?,Tối đa 1 năm theo hành lang dọn dẹp nợ.
Các tính năng chính của Chính sách Bảo hiểm Nhân thọ NUST Life Bancassurance là gì?,"• Bảo vệ Gia đình ngắn hạn và Tiết kiệm dài hạn. • Số tiền Bảo hiểm Tối thiểu = 18.000, Không giới hạn tối đa số tiền bảo hiểm cho Kế hoạch Munafa Mehfooz, Phí bảo hiểm tối thiểu = 50.000. • Kế hoạch NUST Life Munafa Mehfooz có Thời hạn Tối thiểu & Tối đa = 5 Năm. • Kế hoạch NUST Life Value có Thời hạn Bảo hiểm Tối thiểu = 10 Năm. • Các quyền lợi bổ sung cũng có sẵn với chi phí (Bảo hiểm bổ sung và bảo hiểm định kỳ bổ sung). • NUST Life cung cấp các kế hoạch khác nhau cho khách hàng theo nhu cầu và yêu cầu."
Các dịch vụ miễn phí được cung cấp trên Tài khoản Tiết kiệm NUST Sahar là gì?,"Phát hành Thẻ Ghi nợ đầu tiên, Cảnh báo SMS cho Giao dịch Kỹ thuật số, Ngân hàng trực tuyến I-Net, Chuyển khoản nội bộ trong NUST qua chi nhánh (Chuyển khoản Trực tuyến), Rút tiền mặt/Gửi tiền Trực tuyến liên chi nhánh (Trực tuyến), Dịch vụ Sao kê Điện tử, Giao thẻ ghi nợ và séc đến địa chỉ khách hàng & kích hoạt qua Trung tâm Liên hệ. Các khoản phí phát sinh/Phí hàng năm sau đó sẽ theo Biểu phí hiện hành."
Tỷ suất lợi nhuận cho Tài khoản Tiền gửi Đặc biệt NUST (ASDA) là bao nhiêu?,"Thanh toán lợi nhuận: Hàng tháng/Nửa năm. Tỷ suất lợi nhuận: 0,19."
Tài khoản Chuyển Tiền Kỹ Thuật Số NUST Asaan có giới hạn giao dịch nào không?,"Có, các giới hạn giao dịch sau áp dụng cho Tài khoản Chuyển Tiền Kỹ Thuật Số NUST Asaan: Hạn mức Số dư Có tối đa là 3.000.000 PKR, Hạn mức Rút Tiền Mặt là 500.000 PKR mỗi ngày, Hạn mức Chuyển Khoản là 500.000 PKR mỗi ngày và Hạn mức Tín dụng Nội địa là 1.000.000 PKR mỗi ngày."
Người Pakistan ở nước ngoài có thể nhận được khoản Tài chính Cá nhân từ NUST không?,"Không, việc ứng viên và người sử dụng lao động của họ phải có mặt tại Pakistan là bắt buộc để có thể đăng ký khoản Tài chính Cá nhân không thế chấp."
Các dịch vụ miễn phí có sẵn tại ASDA là gì?,"Bảng sao kê điện tử & Ngân hàng trực tuyến miễn phí, Gửi tiền/Rút tiền mặt trực tuyến miễn phí liên chi nhánh (Trực tuyến), Chuyển khoản nội bộ miễn phí trong NUST qua chi nhánh (Chuyển khoản trực tuyến), Phát hành Séc ngân hàng miễn phí, Cảnh báo SMS miễn phí về Giao dịch Kỹ thuật số."
Tỷ lệ lợi nhuận cho Tài khoản NUST Asaan là bao nhiêu?,"Chi trả lợi nhuận: Nửa năm một lần. Tỷ lệ lợi nhuận: 0,19."
Số tiền tài trợ tối thiểu và tối đa là bao nhiêu?,"Số tiền tài trợ tối thiểu là Rs. 500,000. Hạn mức tài trợ tối đa sẽ lên đến Rs.100,000,000/- và tuân theo Tỷ lệ Gánh nặng Nợ (DBR) 50% theo Quy định Ưu tiên Nhà ở (PRs) của Ngân hàng Nhà nước Pakistan (SBP)."
Tôi có thể vay bao nhiêu?,"Tối đa 3 triệu Rupee từ tất cả các ngân hàng/Tổ chức Tài chính Phát triển tính gộp, với điều kiện không vượt quá 40% yêu cầu Gánh nặng Nợ."
Ngân hàng NUST có cung cấp bất kỳ hình thức tài trợ nào đặc biệt cho việc sở hữu và nâng cao năng lực cơ sở kinh doanh không?,Ngân hàng NUST đã xây dựng một sản phẩm tài chính mới 'NUST Imarat Finance' thuộc phân khúc SME. Sản phẩm được phát triển nhằm ổn định hoạt động kinh doanh của các doanh nghiệp SME thông qua việc giúp họ sở hữu cơ sở kinh doanh (theo hình thức tài trợ thế chấp các tòa nhà thương mại/công nghiệp đô thị) để nâng cao năng lực cho các SME. Sản phẩm được thiết kế cho các SME thuộc sở hữu của công chúng cũng như các sĩ quan quân đội đã nghỉ hưu và gia đình của các sĩ quan đang tại ngũ.
Hạn mức cho vay của Chương trình Tài trợ Nhà máy Bột mì NUST là gì?,Mỗi bên (một thực thể duy nhất) có thể vay tối đa 75 triệu Rs cho Doanh nghiệp vừa và 25 triệu Rs cho Doanh nghiệp nhỏ.
Tỷ lệ lợi nhuận cho Tài khoản Chuyển tiền PakWatan là bao nhiêu?,Thanh toán lợi nhuận: Hàng tháng. Tỷ lệ lợi nhuận: 0.19.
Các tính năng chính của Tài khoản Chia sẻ Lợi nhuận và Thua lỗ (PLS) của NUST là gì?,"Được cung cấp bằng nội tệ (PKR) và ngoại tệ (USD, GBP, EUR, JPY & AED). Tiền gửi mở tài khoản là 100 Rs. cho nội tệ, 500 USD hoặc tương đương cho ngoại tệ. Phát hành thẻ ghi nợ đối với tài khoản nội tệ. Cách tính lợi nhuận: Theo số dư trung bình hàng tháng. Tần suất chi trả lợi nhuận: Nửa năm một lần. Tỷ lệ lợi nhuận: 0,19% cho nội tệ, 0,1925% cho Tài khoản Hưu trí PLS."
Có giới hạn nào cho chi tiêu quốc tế không?,"Theo chỉ thị của Ngân hàng Nhà nước Pakistan (SBP) có hiệu lực từ ngày 1 tháng 11 năm 2022, giới hạn tối đa hàng năm trên toàn ngành là 30.000 USD/người đối với các giao dịch xuyên biên giới qua thẻ (thẻ ghi nợ/thẻ tín dụng và thẻ ảo). Trách nhiệm chính thuộc về khách hàng trong việc đảm bảo không vượt quá giới hạn hàng năm của mình vào bất kỳ thời điểm nào. Để tránh bất kỳ sự bất tiện nào, Quý khách được đề nghị hãy giữ chi tiêu quốc tế của mình trong giới hạn đã quy định. Các khoản thanh toán thương mại xuyên biên giới qua thẻ phát hành cho cá nhân là không được phép. Lưu ý: Ngân hàng NUST có quyền từ chối bất kỳ đơn đăng ký nào theo tiêu chí của Ngân hàng."
Bancassurance được cung cấp bởi ba công ty cung cấp bảo hiểm sau:,· Công ty TNHH Bảo hiểm Nhân thọ NUST · Công ty TNHH Bảo hiểm Nhân thọ EFU · Công ty TNHH Bảo hiểm Nhân thọ Jubilee
Các loại xe nào được cung cấp theo Tài chính Ô tô NUST?,• Xe lắp ráp/sản xuất trong nước. • Xe mới/xe đã qua sử dụng. • Xe thương mại hoặc xe sử dụng cho mục đích thương mại không được tài trợ.
Có thời gian ân hạn nào được cho phép trong bất kỳ hình thức tài trợ nào không?,Thời gian ân hạn 3 tháng được áp dụng cho AFBF-2 (Chỉ cho Khoản vay Trung và Dài hạn).
Tiêu chí tuổi tối đa để đăng ký Tài chính Thế chấp NUST là gì?,"Nhân viên biên chế: 60 tuổi tại thời điểm đáo hạn khoản vay, Nhân viên hợp đồng: 65 tuổi tại thời điểm đáo hạn khoản vay, Người hưởng lương hưu: 65 tuổi tại thời điểm đáo hạn khoản vay, Tự kinh doanh/Tự hành nghề (SEB/SEP): 65 tuổi tại thời điểm đáo hạn khoản vay."
Hạn mức cho vay của NUST Rice Finance là gì?,"Doanh nghiệp vừa và lớn (ME): Lên đến 200 triệu Rupees (Tối đa), Doanh nghiệp siêu nhỏ và nhỏ (SE): Lên đến 25 triệu Rupees (Tối đa)."
Vui lòng cho tôi biết về các tiện ích miễn phí được cung cấp cho Tài khoản Vãng lai Giá trị Cộng dành cho Doanh nghiệp Cao cấp khi duy trì số dư trung bình hàng tháng tối thiểu?,Phát hành sổ séc. Sao kê tài khoản bản sao. Phát hành Thẻ ghi nợ (Phí phát sinh/Phí thường niên sẽ theo SOC hiện hành). Tiện ích Ngân hàng Internet. Cảnh báo SMS cho Giao dịch Kỹ thuật số. Gửi tiền bằng séc trong ngày và liên tỉnh. Sao kê điện tử. Gửi tiền/Rút tiền mặt trực tuyến liên chi nhánh (Trực tuyến). Chuyển khoản nội bộ trong NUST qua chi nhánh (Chuyển khoản trực tuyến). Phát hành séc của ngân hàng. Phát hành LC/LG miễn phí (được bảo đảm bằng tiền mặt hoặc dựa trên lien tài khoản).
NUST Life Bancassurance Policy là gì?,"NUST Life Bancassurance Policy là sản phẩm bảo hiểm được cung cấp thông qua Ngân hàng NUST, cung cấp quyền lợi bảo hiểm nhân thọ cho cá nhân thông qua sự hợp tác với các nhà cung cấp bảo hiểm."
Các loại phương tiện nào được cung cấp theo Tài chính Ô tô NUST?,• Xe lắp ráp/sản xuất trong nước. • Xe mới/xe đã qua sử dụng. • Xe thương mại hoặc xe sử dụng cho mục đích thương mại không được tài trợ.
Tỷ lệ lợi nhuận cho Tài khoản NUST Waqaar - Công dân Cao tuổi là bao nhiêu?,"Thanh toán lợi nhuận: Hàng tháng. Tỷ lệ lợi nhuận: 0,19."
Tài khoản Little Champs có những tính năng gia tăng giá trị nào khác?,"• Lợi nhuận hấp dẫn trên tài khoản tiết kiệm
• Dịch vụ cảnh báo SMS cho giao dịch kỹ thuật số
• Dịch vụ ngân hàng trực tuyến
• Kế hoạch bảo hiểm giáo dục miễn phí – 5.000 Rs mỗi tháng trong 5 năm đối với tài khoản tiết kiệm & 10.000 Rs mỗi tháng trong 5 năm đối với tài khoản vãng lai trong trường hợp người giám hộ qua đời."
Độ tuổi tối thiểu để đăng ký Thẻ tín dụng NUST Mastercard là bao nhiêu?,"Tối thiểu 21 tuổi và là cư dân Pakistan, có thể đăng ký Thẻ tín dụng NUST MasterCard."
Tôi có thể gộp thu nhập của Người vay đồng vay không?,Có. Việc gộp thu nhập của Người vay đồng vay có thể được chấp nhận trong trường hợp là vợ/chồng/con cái/cha mẹ/con gái chưa lập gia đình/anh chị em ruột.
Có phí trả chậm không?,"Phí 1.000 PKR cộng FED cho mỗi lần trả chậm mỗi kỳ trả góp, đã bao gồm thời gian gia hạn. Phí trả chậm sẽ được áp dụng sau 15 ngày kể từ khi đến hạn thanh toán tức là vào ngày thứ 16."
Có bất kỳ khoản phí ẩn nào không?,"Không có bất kỳ khoản phí ẩn nào. Tất cả các khoản phí đều được nêu rõ trong Biểu phí của chúng tôi, có sẵn trên trang web và tại tất cả các chi nhánh của Ngân hàng NUST."
Chuyển tiền kiều hối là gì?,"Dịch vụ Chuyển tiền kiều hối cho phép người gửi tiền chuyển tiền từ nước ngoài về Pakistan ngay lập tức, thuận tiện và an toàn thông qua kênh ngân hàng hợp pháp."
NUST Life Bancassurance Policy là gì?,"NUST Life Bancassurance Policy là sản phẩm bảo hiểm được cung cấp thông qua Ngân hàng NUST, cung cấp bảo hiểm nhân thọ cho cá nhân theo mô hình hợp tác với các nhà cung cấp bảo hiểm."
Ngân hàng có chịu trách nhiệm về việc chậm trễ trong đặt chỗ hoặc giao xe không?,"Không. Ngân hàng không chịu bất kỳ trách nhiệm nào trong vấn đề này, vì điều đó nằm ngoài tầm kiểm soát của ngân hàng."
Tôi có thể thực hiện trả trước một phần hoặc chấm dứt khoản vay sớm không?,"Có, tùy chọn trả trước một phần hoặc chấm dứt khoản vay sớm có sẵn cho tất cả khách hàng. Phí sẽ được áp dụng theo biểu phí hiện hành của Ngân hàng / Theo thỏa thuận doanh nghiệp."
Công suất cho phép theo Tài chính NUST Ujala?,"i. Doanh nghiệp: Doanh nghiệp siêu nhỏ (SE) từ 10 KW đến 200KW, Doanh nghiệp nhỏ (ME) từ 30 KW đến 500KW. ii. Người vay trong nước: từ 5 KW đến 30KW. iii. Nhân viên NUST: tối đa 30 KW. iv. Nhà cung cấp/Nhà bán: từ 30 KW đến 500KW."
NUST4Car – Cơ sở Tài chính Ô tô của Ngân hàng NUST là gì?,"NUST4Car là một cơ sở tài chính ô tô do Ngân hàng NUST cung cấp, hỗ trợ các cá nhân tài trợ cho việc mua xe ô tô thông qua các kế hoạch trả góp dễ dàng và lãi suất cạnh tranh."
Công suất cho phép theo Tài chính NUST Ujala?,"i. Doanh nghiệp: Doanh nghiệp siêu nhỏ (SE) từ 10 KW đến 200KW, Doanh nghiệp nhỏ (ME) từ 30 KW đến 500KW. ii. Người vay trong nước: từ 5 KW đến 30KW. iii. Nhân viên NUST: tối đa 30 KW. iv. Nhà cung cấp/Nhà bán: từ 30 KW đến 500KW."
Có độ tuổi tối thiểu nào để được hỗ trợ tài chính trong Chương trình Tài chính Xay xát NUST không?,"Tuổi của người vay (trong trường hợp doanh nghiệp tư nhân) phải tối thiểu 20 tuổi, tuy nhiên không được vượt quá 65 tuổi tại thời điểm nộp đơn. Độ tuổi này có thể được linh hoạt trong trường hợp có kế hoạch kế thừa hiệu quả cho hoạt động kinh doanh. Tiêu chí này không áp dụng nếu doanh nghiệp là công ty hợp danh hoặc công ty trách nhiệm hữu hạn."
Có thể gửi kiều hối từ bất kỳ đâu đến Pakistan không?,"Có, kiều hối có thể được gửi từ khắp nơi trên thế giới đến Pakistan thông qua các đối tác đại lý của chúng tôi như Western Union, Mastercard, Dandelion Payments (RIA), v.v. Để biết thêm thông tin, vui lòng truy cập liên kết sau: https://NUSTbank.com/services-home-remittance-our-partners/"
Bản chất của các khoản vay được cho phép trong PMYB & ALS?,• Vay dài hạn / Vay phát triển • Vay vốn lưu động / Vay sản xuất
Phí bảo hiểm là bao nhiêu?,Tính theo thực tế.
Ngân hàng có chịu trách nhiệm về việc chậm trễ trong đặt hẹn hoặc giao xe không?,"Không. Ngân hàng không chịu bất kỳ trách nhiệm nào trong vấn đề này, vì điều đó nằm ngoài tầm kiểm soát của ngân hàng."
Có yêu cầu bằng cấp/kinh nghiệm bắt buộc nào không?,"Cụ thể cho Sự nghiệp Kinh doanh Mới: i) Chỉ các Chuyên gia (Kế toán viên Công chứng, Bác sĩ, Kỹ sư, Chuyên gia CNTT và Chuyên gia Tư vấn) có tối thiểu 2 năm kinh nghiệm chuyên môn. ii) Các chuyên gia đã nghỉ hưu từ lực lượng vũ trang và gia đình của các sĩ quan lực lượng vũ trang đang tại ngũ. Không yêu cầu bằng cấp chuyên môn đối với sự nghiệp kinh doanh hiện có."
