Question,Answer
Thông tin Quan trọng Khác về Các Gói Bảo Hiểm Nhân Thọ NUST,"• Gói Munafa Mehfooz là gói kỳ hạn 5 năm với mức Phân bổ Cao trong năm đầu tiên và thưởng trung thành trả trước 20% vào năm đầu tiên. • Trong trường hợp chấm dứt Gói Munafa Mehfooz sớm, giá trị khoản thưởng trung thành trả trước sẽ được khấu trừ khỏi giá trị tiền mặt của hợp đồng. • Trong trường hợp tử vong, Giá trị Tiền mặt hoặc Số tiền Bảo đảm (tùy theo giá trị nào cao hơn) sẽ được thanh toán cho người được chỉ định. • Các chế độ Thanh toán Phí Bảo hiểm Hàng năm / Nửa năm / Quý có sẵn theo sự thuận tiện của khách hàng. • Tăng trưởng Hợp đồng phụ thuộc vào tăng trưởng của Quỹ Tương Hỗ Liên kết. • Các Khiếu nại Tử vong sẽ được NUST Life xử lý, với điều kiện hoàn tất các tài liệu cần thiết và đủ điều kiện nếu trạng thái hợp đồng chỉ ở chế độ Đang hiệu lực/Đã phục hồi."
Thời hạn tối đa cho Khoản vay NUST Ujala là bao lâu?,"i. Người vay SE/ME: 05 năm, bao gồm thời gian ân hạn 03 tháng. ii. Nội trú: 05 năm bao gồm thời gian ân hạn 03 tháng. iii. Nhân viên NUST: 10 năm hoặc theo thời gian công tác còn lại (tùy theo điều kiện nào ngắn hơn), bao gồm thời gian ân hạn 03 tháng. iv. Nhà cung cấp/Nhà cung ứng: 05 năm bao gồm thời gian ân hạn 06 tháng."
Các tính năng chính của các Gói Bảo hiểm EFU này là gì?,"- Thời gian xem xét miễn phí 14 ngày bắt đầu từ ngày khách hàng nhận được Tài liệu Chính sách.
- Hệ thống tăng trưởng Liên kết đơn vị (EFU phân bổ các đơn vị quỹ tương hỗ cho khách hàng, sự tăng trưởng của chính sách phụ thuộc vào mức tăng trưởng giá trị đơn vị giống như thị trường chứng khoán).
- Ngân hàng NUST chỉ đóng vai trò là Đại lý Kinh doanh Doanh nghiệp. Đây là một kế hoạch bảo hiểm, không được coi là bất kỳ Tài khoản hay Tiền gửi có kỳ hạn nào có Lợi nhuận Cố định hàng năm.
- Trong trường hợp chấm dứt hợp đồng sớm, chỉ Giá trị Tiền mặt của chính sách sẽ được thanh toán cho khách hàng (giá thị trường hiện tại của các đơn vị quỹ tương hỗ sẽ được hoàn trả).
- Việc hủy bỏ chính sách và tùy chọn hoàn tiền đầy đủ có sẵn nếu tài liệu chính sách được trả lại trong Thời gian xem xét miễn phí, tức là trong vòng 14 ngày kể từ khi nhận được tài liệu.
- Giá trị Tiền mặt của chính sách có thể khác với lợi nhuận dự kiến được cung cấp trong tài liệu minh họa (tài liệu minh họa chỉ mang tính chất tham khảo)."
Độ tuổi tối thiểu để đăng ký Thẻ tín dụng NUST Mastercard là bao nhiêu?,"Tối thiểu 21 tuổi và là cư dân Pakistan, có thể đăng ký Thẻ tín dụng NUST MasterCard."
Các khoản phí dịch vụ/tài liệu/pháp lý tại NUST Ujala Finance là bao nhiêu?,Theo thực tế.
Tỷ suất lợi nhuận cho Chứng chỉ Tiền gửi Có kỳ hạn Rút trước (SNDR) là bao nhiêu?,Kỳ hạn: 7 ngày. Hình thức chi trả: Đến hạn. Tỷ suất lợi nhuận: 0.165.
Các tính năng chính của tài khoản là gì?,Tài khoản không dựa trên lãi suất; Giao dịch thường xuyên và khả năng tiếp cận quỹ
NUST Life Bancassurance Policy là gì?,"NUST Life Bancassurance Policy là sản phẩm bảo hiểm được cung cấp thông qua Ngân hàng NUST, cung cấp quyền lợi bảo hiểm nhân thọ cho cá nhân thông qua sự hợp tác với các nhà cung cấp bảo hiểm."
Các khoản phí dịch vụ/tài liệu/pháp lý trong Ask Fauri Business Finance là gì?,Theo thực tế.
Có bất kỳ loại thuế nào áp dụng cho tài khoản này không?,Zakat và các loại thuế sẽ được áp dụng theo quy định của pháp luật.
Tần suất hoàn trả phí đánh dấu trong Ask Fauri Business Finance là gì?,"AFBF-1: Hàng tháng / Hàng quý, AFBF-2: Hàng tháng / Hàng quý, AFBF-3: Trả trước, AFBF-4: Trả trước."
Có tiêu chí nào về độ tuổi để được hưởng Tài chính NUST Sahar không?,Kinh doanh Mới: Từ 20-50 tuổi tại thời điểm nộp đơn. Kinh doanh Hiện có: Từ 20-55 tuổi tại thời điểm nộp đơn.
Có yêu cầu về độ tuổi kinh doanh không?,Không.
Số tiền tài trợ tối thiểu và tối đa là bao nhiêu?,"Hạn mức tín dụng sạch, tối thiểu 30.000 Rs và tối đa lên đến 3.0 triệu Rs hoặc theo tỷ lệ nợ trên thu nhập 40% tuân thủ quy định của Ngân hàng Nhà nước Pakistan (SBP PRs)."
NUST Sahar Accounts là gì?,NUST Sahar Accounts là các tài khoản được thiết kế đặc biệt để cung cấp các lợi ích và dịch vụ cho khách hàng đang tìm kiếm các giải pháp ngân hàng linh hoạt dưới hình thức tài khoản tiết kiệm và tài khoản vãng lai.
Tài khoản NUST Sahar là gì?,Tài khoản NUST Sahar là các tài khoản được thiết kế đặc biệt để cung cấp các lợi ích và dịch vụ cho khách hàng đang tìm kiếm các giải pháp ngân hàng linh hoạt dưới hình thức tài khoản tiết kiệm và tài khoản vãng lai.
Phí xử lý cho Đơn xin Tài chính NUST Imarat là bao nhiêu?,"30.000 Rs hoặc 0,2% số tiền vay, tùy theo mức nào cao hơn (Không hoàn lại)."
Có phí thanh toán trễ không?,"Trong trường hợp trả chậm khoản trả góp, lãi suất thương mại sẽ được tính trên số ngày quá hạn."
Ngân hàng NUST có cung cấp dịch vụ tài trợ dựa trên tài sản đảm bảo thanh khoản không?,"Gói Tài trợ Kinh doanh NUST Fauri đã được triển khai nhằm cung cấp một giải pháp nhanh chóng để đáp ứng nhu cầu tài chính kinh doanh cho các khách hàng vay mới. Sản phẩm này được cung cấp để đáp ứng các nhu cầu ngắn hạn, trung hạn và dài hạn của doanh nghiệp, đồng thời có sẵn cho các Doanh nghiệp vừa và nhỏ (SME) & Thương mại thuộc mọi lĩnh vực đủ điều kiện theo sổ tay chính sách tín dụng của NUST."
"Đối với tất cả các sản phẩm Banca của Jubilee Life, có sẵn tờ rơi không?","Có, tờ rơi có sẵn cho tất cả các sản phẩm Banca của Jubilee Life."
Có hạn ngạch nào dành cho phụ nữ không?,25% khoản vay sẽ dành cho các con nợ là nữ giới.
Có bất kỳ loại thuế nào áp dụng cho tài khoản này không?,Zakat và các loại thuế được áp dụng theo quy định của pháp luật.
Phí bảo hiểm hàng tháng cho một chiếc xe trị giá 3 triệu Rupees là bao nhiêu?,"Với mức phí bảo hiểm hiện tại là 1,75% mỗi năm, phí hàng tháng sẽ là 4.375 Rupees. Mức phí bảo hiểm một khi đã được ấn định sẽ giữ nguyên trong suốt thời hạn tài trợ."
RDA Digital Customer Onboarding là gì?,"RDA Digital Customer Onboarding là một dịch vụ đổi mới của Ngân hàng NUST cho phép khách hàng mở và quản lý tài khoản của họ một cách kỹ thuật số, mang lại trải nghiệm liền mạch mà không cần phải đến trực tiếp chi nhánh."
Tôi có thể vay nhiều hơn một khoản vay mua nhà không?,Có. Một người có thể vay hai Khoản vay Thế chấp cùng một lúc từ Ngân hàng NUST trong tỷ lệ Nợ trên Thu nhập (DBR) theo Quy định Hiện hành của Ngân hàng Nhà nước về Tài chính Nhà ở.
Các Tính năng chính của Tiền gửi Có kỳ hạn NUST Maximiser là gì?,"- Thời hạn: 1, 2, 3 & 5 năm. - Khoản đầu tư tối thiểu: Rs. 100,000. - Có tùy chọn gia hạn. - Thanh toán lợi nhuận hấp dẫn hàng tháng."
Thời gian xử lý hồ sơ là bao lâu?,"Thời gian xử lý hồ sơ Tài chính Thế chấp là 30 ngày kể từ khi đăng nhập cho đến khi được chấp thuận, với điều kiện hồ sơ đầy đủ và kèm theo các tài liệu cần thiết."
Tài khoản Chuyển tiền Kỹ thuật số NUST Asaan là gì?,"Tài khoản Chuyển tiền Kỹ thuật số NUST Asaan là một tài khoản chuyên biệt được thiết kế để hỗ trợ việc tiếp nhận và chuyển tiền kỹ thuật số một cách dễ dàng, mang lại các giao dịch liền mạch và truy cập đơn giản."
Tỷ lệ đánh dấu hiện tại của Tài chính NUST Ujala là bao nhiêu?,6% mỗi năm cho tất cả mọi người. Tỷ lệ đánh dấu ở mức 12M Kibor + 4% mỗi năm sẽ được tính cho đến khi khoản yêu cầu tái tài trợ được Ngân hàng Nhà nước Pakistan (SBP) hoàn trả.
Ai đủ điều kiện mở tài khoản này?,"Đối tượng đủ điều kiện mở Tài khoản Số Asaan của NUST bao gồm: Lực lượng lao động có kỹ năng/không có kỹ năng, Người ít học/không biết chữ, Nông dân, Công nhân/Lao động theo ngày, Phụ nữ/Nội trợ, Cá nhân tự kinh doanh và Thanh niên."
Thời hạn tài trợ là bao lâu?,Thẻ tín dụng NUST là một tiện ích thường trực và có thể gia hạn sau khi thẻ tín dụng hết hạn.
Tỷ lệ lợi nhuận cho Tài khoản Little Champs là bao nhiêu?,Chi trả lợi nhuận: Nửa năm một lần. Tỷ lệ lợi nhuận: 0.19.
Ngân hàng NUST cung cấp những loại sản phẩm Chuyển tiền trong nước nào?,"NUST cung cấp các Sản phẩm Chuyển tiền sau đây để đáp ứng nhu cầu của nhiều đối tượng thụ hưởng chuyển tiền trong nước tại Pakistan:
• Thanh toán Tiền mặt tại quầy (CoC) cho khách hàng vãng lai
• Chuyển khoản Tài khoản NUST
• Chuyển khoản Tài khoản Ngân hàng Khác thông qua Chuyển tiền Liên ngân hàng (IBFT) & Thanh toán Bù trừ Liên ngân hàng Theo thời gian thực (RTGS)"
Phí xử lý cho Đơn xin Tài chính NUST Imarat là bao nhiêu?,"30.000 Rs hoặc 0,2% số tiền vay, tùy theo mức nào cao hơn (Không hoàn lại)."
Có thể sử dụng dịch vụ Thẻ tín dụng ở khu vực nào của đất nước?,Thẻ tín dụng có thể được sử dụng ở tất cả các thành phố / khu vực mà không có sự phân biệt.
Các lợi ích miễn phí của Tài khoản Chuyển tiền Kỹ thuật số NUST Asaan là gì?,"Một số lợi ích miễn phí của Tài khoản Chuyển tiền Kỹ thuật số NUST Asaan bao gồm: Phát hành miễn phí sổ séc đầu tiên (25 tờ), Phát hành thẻ ghi nợ PayPak đầu tiên miễn phí, Giao sổ séc và thẻ ghi nợ đầu tiên miễn phí, Dịch vụ cảnh báo SMS miễn phí (Giao dịch kỹ thuật số), Sao kê điện tử & Ngân hàng trực tuyến I-Net miễn phí, Gửi tiền/Rút tiền mặt trực tuyến liên chi nhánh miễn phí, Chuyển khoản nội bộ miễn phí trong NUST qua chi nhánh, Phát hành séc ngân hàng miễn phí và Bảo hiểm/Takaful tử vong và thương tật do tai nạn miễn phí lên tới 2,5 triệu PKR với số dư trung bình hàng tháng là 100,000 PKR."
"Tôi muốn mở tài khoản cùng con trai, ngân hàng có sản phẩm nào dành cho trẻ em không?","Có, sản phẩm của chúng tôi là Tài Khoản Little Champs. Tài khoản này được thiết kế đặc biệt dành cho trẻ vị thành niên (dưới 18 tuổi). Trẻ em cần sự hỗ trợ của cha mẹ hoặc người giám hộ hợp pháp để mở tài khoản này và sử dụng các tiện ích đi kèm. Little Champs sẽ được nhận Thẻ Ghi nợ và sổ séc, miễn phí cho lần đầu tiên."
Độ tuổi tối thiểu để đăng ký Thẻ tín dụng NUST Mastercard là bao nhiêu?,"Tối thiểu 21 tuổi và là cư dân Pakistan, có thể đăng ký Thẻ tín dụng NUST MasterCard."
Các Thông Tin Quan Trọng Khác về Kế hoạch Bảo hiểm Nhân thọ Jubilee,"- Chỉ có Kế hoạch Giáo dục và Hôn nhân là các kế hoạch Thời gian Giới hạn với Quyền lợi Tiếp tục (trong trường hợp tử vong, khoản thanh toán sẽ được thực hiện khi đáo hạn).
- Trong trường hợp tử vong, Giá trị Tiền mặt hoặc Số tiền Bảo đảm, tùy theo giá trị nào cao hơn, sẽ được thanh toán.
- Các chế độ Thanh toán Phí định kỳ Hàng năm / Nửa năm / Quý có sẵn theo sự thuận tiện của khách hàng.
- Sự tăng trưởng của hợp đồng phụ thuộc vào mức tăng trưởng tỷ giá thị trường của các đơn vị Quỹ tương hỗ liên kết (Nhiều lựa chọn quỹ có sẵn từ JLI).
- Các khiếu nại tử vong sẽ được Jubilee Life xử lý, với điều kiện hoàn tất các tài liệu yêu cầu và hợp đồng bảo hiểm phải ở trạng thái Đang hoạt động, Được duy trì hiệu lực, hoặc Đã phục hồi hiệu lực."
Đối tượng mục tiêu của Tài khoản Doanh nghiệp Value Plus là gì?,"Hộ kinh doanh cá thể, Công ty hợp danh, Doanh nghiệp nhỏ."
Tài chính Lúa gạo NUST được cung cấp cho những mục đích nào?,"Tài chính Tiền mặt (CF) Để đáp ứng nhu cầu vốn lưu động của các nhà máy xay xát lúa gạo cho việc thu mua lúa theo công suất xay xát. Tài chính Hoạt động (RF) Để đáp ứng nhu cầu vốn lưu động của các nhà máy xay xát lúa gạo như: vận chuyển, lương & tiền công, tiện ích và các chi phí hành chính khác, v.v. (Việc thu mua lúa bằng nguồn vốn RF bị hạn chế)."
Các tính năng chính của Tài khoản Tiền gửi Hiện tại là gì?,"Được cung cấp bằng nội tệ (PKR) và ngoại tệ (USD, GBP, EUR, JPY & AED); Số tiền gửi tối thiểu để mở tài khoản là 5.000 Rs. cho nội tệ, 500 USD hoặc số tiền tương đương cho ngoại tệ; Không yêu cầu số dư tối thiểu hàng tháng; Thẻ Ghi nợ cho tài khoản PKR; Không giới hạn số tiền ghi có và ghi nợ hàng tháng"
Có bất kỳ phạm vi bảo hiểm nào khả dụng không?,Bảo hiểm Rút Tiền Mặt Từ ATM. Xử lý nhanh chóng các khoản vay SBP Kamyab Jawan.
Thị trường mục tiêu là gì?,Cá nhân điều hành doanh nghiệp dịch vụ tự do
Yêu cầu số tiền gửi tối thiểu để mở Tài khoản Tiết kiệm NUST Waqaar & Tiền gửi Có kỳ hạn NUST Waqaar là bao nhiêu?,• Tiền gửi tối thiểu để mở Tài khoản Tiết kiệm NUST Waqaar là 1.000 Rs. • Tiền gửi tối thiểu để mở Tài khoản Tiền gửi Có kỳ hạn NUST Waqaar là 25.000 Rs. Lưu ý: Khách hàng phải là chủ tài khoản của NUST để đặt tiền vào Tiền gửi Có kỳ hạn NUST Waqaar.
Chúng tôi có thể mở tài khoản này trực tuyến không?,"Có, dịch vụ mở tài khoản kỹ thuật số có sẵn với thời gian mở tài khoản trong vòng 48 giờ."
Tài khoản Vãng lai Giá trị Cộng (Cá nhân) (VPCA) là gì?,"Tài khoản Vãng lai Giá trị Cộng (VPCA) là một sản phẩm tài khoản vãng lai dành cho cá nhân, cung cấp các tính năng gia tăng giá trị, giúp phù hợp cho nhu cầu ngân hàng cá nhân với nhiều lợi ích bổ sung dành cho chủ tài khoản."
Các khoản phí dịch vụ/tài liệu/pháp lý trong PMYB & ALS là gì?,Theo thực tế
Ngân hàng NUST có cung cấp dịch vụ tài trợ dựa trên chứng khoán thanh khoản không?,"Gói Tài trợ Kinh doanh NUST Fauri đã được triển khai nhằm cung cấp một giải pháp nhanh chóng để đáp ứng nhu cầu tài chính kinh doanh cho các khách hàng mới. Sản phẩm được cung cấp để đáp ứng các nhu cầu ngắn hạn, trung hạn và dài hạn của doanh nghiệp, đồng thời có sẵn cho khách hàng Doanh nghiệp vừa và nhỏ (SME) & Thương mại thuộc mọi ngành đủ điều kiện theo sổ tay chính sách tín dụng của NUST."
Thời hạn tối đa của Ask Fauri Business Finance là bao lâu?,"AFBF-1: Lên đến 1 Năm, AFBF-2: Lên đến 3 Năm, AFBF-3: Lên đến 30 Tháng, AFBF-4: Theo yêu cầu / Kỳ hạn Usance 120 ngày."
Có giới hạn nào về số tiền nhận được thông qua Dịch vụ Chuyển tiền về Nhà của NUST không?,"Dưới đây là các giới hạn áp dụng:
• Tài khoản NUST - Không giới hạn
• Tài khoản ngân hàng khác - Không giới hạn
• Giao dịch Rút tiền mặt tại quầy (CoC) - Tối đa 1.000.000 PKR/- mỗi giao dịch và không giới hạn số lượng giao dịch Western Union COC"
Các tính năng chính của tài khoản là gì?,Tài khoản không dựa trên lãi suất; Giao dịch thường xuyên và khả năng tiếp cận quỹ
Thời hạn tối đa tại NUST Hunarmand Finance là bao lâu?,Khoản vay dài hạn: Tối đa 8 năm (Thời gian ân hạn tối đa 1 năm). Khoản vay vốn lưu động: Tối đa 5 năm (Thời gian ân hạn tối đa 2 năm). Phần lãi suất sẽ được thu trong thời gian ân hạn.
NUST cung cấp những loại sản phẩm Tài chính Nhà ở nào?,"Mua Nhà/ Căn hộ/ Chung cư/ Đơn vị nhà ở, Mua Lô đất (+) cộng với Xây dựng, Xây dựng Nhà/ Đơn vị nhà ở trên lô đất nhà ở đã sở hữu, Cải tạo Nhà/ Căn hộ/ Chung cư/ Đơn vị nhà ở, Mở rộng/ Cải thiện, Dịch vụ Chuyển nhượng Số dư (BTF) đối với cơ sở tài chính hiện có của người vay từ các ngân hàng/Tổ chức Tài chính Phát triển (DFIs) khác. Lưu ý: Tài chính nhà ở sẽ không được cho phép chỉ để mua đất/ lô đất."
"Đối với tất cả các sản phẩm Banca của NUST Life, có tài liệu quảng cáo nào không?","Có, tài liệu quảng cáo cho tất cả các sản phẩm Banca của NUST Life đều có sẵn."
NUST4Car – Cơ sở Tài chính Ô tô của Ngân hàng NUST là gì?,"NUST4Car là một cơ sở tài chính ô tô do Ngân hàng NUST cung cấp, hỗ trợ các cá nhân tài trợ cho việc mua xe ô tô thông qua các kế hoạch trả góp dễ dàng và lãi suất cạnh tranh."
Người Pakistan ở nước ngoài có thể nhận được khoản Tài chính Cá nhân từ NUST không?,"Không, việc ứng viên và người sử dụng lao động của họ phải có mặt tại Pakistan là bắt buộc để có thể đăng ký khoản Tài chính Cá nhân không thế chấp."
Thời hạn tối đa của Ask Fauri Business Finance là bao lâu?,"AFBF-1: Tối đa 1 Năm, AFBF-2: Tối đa 3 Năm, AFBF-3: Tối đa 30 Tháng, AFBF-4: Theo yêu cầu / Kỳ hạn Usance 120 ngày."
PakWatan Remittance Account là gì?,"PakWatan Remittance Account là một tài khoản chuyên biệt được thiết kế để hỗ trợ việc nhận kiều hối gửi về Pakistan, mang lại cho người thụ hưởng khả năng tiếp cận nguồn tiền một cách dễ dàng và nhanh chóng."
Thời hạn tối đa của Tài chính Nhà máy Bột mì NUST là bao lâu?,Tối đa 1 năm theo hành lang dọn dẹp.
Tỷ lệ lợi nhuận trên tài khoản tiết kiệm NAA là bao nhiêu?,"Tỷ lệ lợi nhuận hiện tại là 20,50% và được trả bán niên."
Bảo hiểm tài sản có bắt buộc không?,Có. Bảo hiểm tài sản là bắt buộc; Phí bảo hiểm do bên vay chịu. Bảo hiểm này chi trả chi phí xây dựng của ngôi nhà được tài trợ và giá trị tài sản trong trường hợp căn hộ chung cư.
Các tính năng chính của Tài khoản Tiền gửi Hiện tại là gì?,"Được cung cấp bằng VNDĐ (PKR) & NNT (USD, GBP, EUR, JPY & AED); Số tiền gửi tối thiểu để mở tài khoản là Rs.5.000 đối với VNDĐ, US $500 hoặc tương đương đối với NNT; Không yêu cầu số dư tối thiểu hàng tháng; Thẻ Ghi nợ cho tài khoản PKR; Không giới hạn số tiền ghi có và ghi nợ hàng tháng"
Các khoản phí dịch vụ/tài liệu/pháp lý tại NUST Rice Finance là bao nhiêu?,Theo thực tế.
Các tính năng chính của Tài khoản Tiết kiệm NUST Maximiser là gì?,"- Chi trả lợi nhuận hấp dẫn theo cơ sở hàng tháng, hàng quý, nửa năm và hàng năm. - Yêu cầu số dư trung bình tối thiểu hàng tháng là 100.000 Rs. - Phát hành Thẻ Ghi nợ dạng chip và Sổ Séc theo Điều khoản và Điều kiện hiện hành (SOC)."
Các tính năng chính của Chính sách Bancassurance của JLI là gì?,"- Bảo vệ Gia đình ngắn hạn và Tiết kiệm Dài hạn
- Số tiền Bảo hiểm Tối thiểu = 18.000, Không giới hạn Tối đa
- Thời hạn Bảo hiểm Tối thiểu = 10 Năm
- Các quyền lợi bổ sung cũng có sẵn với chi phí (Quyền lợi bổ sung và bảo hiểm nhân thọ bổ sung)
- Jubilee Life cung cấp các kế hoạch khác nhau cho khách hàng theo nhu cầu và yêu cầu của họ."
Thông Tin Quan Trọng Khác về Các Gói Bảo Hiểm Nhân Thọ NUST,"• Gói Munafa Mehfooz là gói kỳ hạn 5 năm với mức phân bổ cao trong năm đầu tiên và thưởng trung thành trả trước 20% vào năm đầu tiên. • Trong trường hợp chấm dứt hợp đồng Gói Munafa Mehfooz sớm, giá trị khoản thưởng trung thành trả trước sẽ được khấu trừ khỏi giá trị tiền mặt của hợp đồng. • Trong trường hợp tử vong, Giá trị Tiền mặt hoặc Số tiền Bảo đảm (tùy theo giá trị nào cao hơn) sẽ được thanh toán cho người được chỉ định. • Các phương thức Thanh toán Phí Bảo hiểm Hàng năm / Nửa năm / Quý có sẵn tùy theo sự thuận tiện của khách hàng. • Sự Tăng trưởng của Hợp đồng phụ thuộc vào sự tăng trưởng của Quỹ Tương Hỗ Liên kết. • Các Khiếu nại Tử vong sẽ được NUST Life xử lý, với điều kiện hoàn tất các tài liệu cần thiết và đủ điều kiện nếu tình trạng hợp đồng chỉ ở trạng thái Đang hiệu lực/Đã phục hồi."
Thời hạn tối đa của Tài chính NUST Imarat là bao lâu?,AIF 1: Tối đa 10 năm (Thời gian ân hạn lên đến 6 tháng). AIF 2: Tối đa 10 năm (Thời gian ân hạn lên đến 9 tháng). AIF 3: Tối đa 8 năm (Thời gian ân hạn lên đến 6 tháng). AIF 4: Tối đa 3 năm (Thời gian ân hạn lên đến 3 tháng). (Lãi suất sẽ được thu trong thời gian ân hạn).
Làm thế nào để tôi có thể đăng ký vay vốn?,Quý khách có thể đăng ký bằng cách đến bất kỳ Chi nhánh nào của chúng tôi hoặc gọi điện cho chúng tôi tại Trung tâm Dịch vụ Khách hàng 24 giờ theo số 111-000-787. Đội ngũ nhân viên tận tâm của chúng tôi sẽ hỗ trợ quý khách hoàn thành hồ sơ vay vốn và các thủ tục liên quan.
Yêu cầu số dư tối thiểu cho Tài khoản Tiền gửi Đặc biệt của NUST là gì?,Không yêu cầu số dư trung bình tối thiểu hàng tháng. Không yêu cầu số dư mở tài khoản tối thiểu.
Các khoản phí dịch vụ/tài liệu/pháp lý trong PMYB & ALS là gì?,Theo thực tế
Các tính năng chính của Tài khoản Tiết kiệm NUST Maximiser là gì?,"- Chi trả lợi nhuận hấp dẫn theo tháng, quý, nửa năm và năm. - Yêu cầu số dư trung bình tối thiểu hàng tháng là 100.000 Rs. - Phát hành Thẻ Ghi nợ dạng chip và Sổ Séc theo Điều khoản và Điều kiện hiện hành (SOC)."
Ngân hàng NUST có đang cung cấp Tài khoản Ngân hàng Kỹ thuật số đơn giản không?,"Có, Tài khoản Kỹ thuật số Asaan của NUST đang được cung cấp."
Tần suất hoàn trả phí đánh dấu trong Ask Fauri Business Finance là gì?,"AFBF-1: Hàng tháng / Hàng quý, AFBF-2: Hàng tháng / Hàng quý, AFBF-3: Trả trước, AFBF-4: Trả trước."
Công suất cho phép theo Tài chính NUST Ujala?,"i. Doanh nghiệp: Doanh nghiệp siêu nhỏ (SE) từ 10 KW đến 200KW, Doanh nghiệp nhỏ (ME) từ 30 KW đến 500KW. ii. Người vay cá nhân: từ 5 KW đến 30KW. iii. Nhân viên NUST: tối đa 30 KW. iv. Nhà cung cấp/Nhà bán: từ 30 KW đến 500KW."
Có bao nhiêu Gói Bảo hiểm Nhân thọ Jubilee có sẵn?,"• Gói Tiết kiệm và Bảo vệ Trọn đời Jubilee Life - Kế hoạch Bảo vệ Trọn đời và Tiết kiệm
• Gói Giáo dục Jubilee Life - Kế hoạch Thời hạn Có hạn (Quyền lợi Tiếp tục)
• Gói Hôn nhân Jubilee Life - Kế hoạch Thời hạn Có hạn (Quyền lợi Tiếp tục)
• Gói Hưu trí Jubilee Life - Tiết kiệm & Bảo vệ"
Tỷ lệ lợi nhuận cho Tài khoản Chuyển tiền PakWatan là bao nhiêu?,Thanh toán lợi nhuận: Hàng tháng. Tỷ lệ lợi nhuận: 0.19.
Tôi sẽ nhận tiền kiều hối bằng loại tiền tệ nào?,Tất cả các khoản thanh toán kiều hối trong nước đều được giải ngân bằng Rupee Pakistan.
Tài khoản NUST Maximiser là gì?,"Tài khoản NUST Maximiser là một tài khoản tiền gửi mang lại lợi nhuận cao hơn với tính linh hoạt trong việc truy cập dễ dàng vào các khoản tiền, nhằm mục đích tối đa hóa khoản tiết kiệm cho chủ tài khoản."
Sản phẩm này có sẵn ở hai biến thể:,· Tài khoản Tiết kiệm NUST Maximiser · Tiền gửi Có kỳ hạn NUST Maximiser
Những tài liệu nào được yêu cầu để mở Tài khoản Little Champs?,"• Bản sao Giấy khai sinh (Form-B), Giấy khai sinh hoặc Thẻ học sinh (tùy theo trường hợp) của trẻ vị thành niên
• Bản sao của bất kỳ một trong các giấy tờ tùy thân hợp lệ sau đây của người giám hộ của trẻ vị thành niên:
  1. Thẻ Căn cước Công dân điện tử (CNIC) do NADRA cấp
  2. Thẻ Căn cước Quốc gia dành cho Người Pakistan ở nước ngoài (NICOP) do NADRA cấp
  3. Thẻ Người gốc Pakistan (POC) do NADRA cấp
  4. Thẻ Đăng ký Người nước ngoài (ARC) do Cơ quan Đăng ký Người nước ngoài Quốc gia (NARA), Bộ Nội vụ cấp (chỉ dành cho tài khoản nội tệ)
  5. Hộ chiếu, có thị thực hợp lệ, hoặc bất kỳ bằng chứng nào khác về việc lưu trú hợp pháp cùng với hộ chiếu (chỉ dành cho cá nhân người nước ngoài)
  6. Nguồn thu nhập của người giám hộ."
Tài sản đảm bảo cho khoản vay là gì?,Xe được tài trợ sẽ là tài sản đảm bảo cho khoản vay và sẽ được thế chấp cho Ngân hàng NUST.
Các tính năng chính của Chính sách Bảo hiểm Nhân thọ NUST Life Bancassurance là gì?,"• Bảo vệ Gia đình ngắn hạn và Tiết kiệm dài hạn. • Số tiền bảo hiểm tối thiểu = 18.000, Không có giới hạn tối đa đối với gói Munafa Mehfooz, Phí bảo hiểm tối thiểu = 50.000. • Thời hạn tối thiểu và tối đa của Gói NUST Life Munafa Mehfooz = 5 năm. • Thời hạn chính sách tối thiểu của Gói NUST Life Value = 10 năm. • Các quyền lợi bổ sung cũng có sẵn với chi phí (Sản phẩm bổ trợ và bảo hiểm tử kỳ bổ sung). • NUST Life cung cấp các gói khác nhau cho khách hàng theo nhu cầu và yêu cầu."
Tài khoản Kỹ thuật số Freelancer của NUST có giới hạn Tín dụng và Ghi nợ nào không?,"Các giới hạn Giao dịch sau được áp dụng: Giới hạn Số dư Tín dụng tối đa 5.000 USD hoặc tương đương, Giới hạn Ghi nợ Hàng tháng 5.000 USD hoặc tương đương, Giới hạn Rút tiền Mặt 500.000 PKR hoặc tương đương / mỗi ngày."
Có bất kỳ bảo hiểm nào được áp dụng không?,Bảo hiểm Rút Tiền Mặt Từ ATM. Xử lý nhanh chóng các khoản vay SBP Kamyab Jawan.
Tài khoản Vãng lai Giá trị Cộng (Cá nhân) (VPCA) là gì?,"Tài khoản Vãng lai Giá trị Cộng (VPCA) là một sản phẩm tài khoản vãng lai dành cho cá nhân, cung cấp các tính năng gia tăng giá trị, phù hợp cho nhu cầu ngân hàng cá nhân với nhiều lợi ích bổ sung dành cho chủ tài khoản."
Ai có thể đăng ký Dịch vụ Thẻ tín dụng NUST?,"Cá nhân hưởng lương, Doanh nhân/Tự kinh doanh (SEB), Chuyên gia Tự hành nghề (SEP), Người khuyết tật/Người khiếm thị/Người khuyết tật (PWD), Phụ nữ. Các cá nhân có nguồn thu nhập có thể xác minh được đều có thể đăng ký Thẻ tín dụng NUST Mastercard."
Khoản vay có thể được cấp dưới danh nghĩa Tài chính NUST Ujala là bao nhiêu?,i. Doanh nghiệp nhỏ – lên đến 15 triệu Rupees ii. Doanh nghiệp vừa – lên đến 25 triệu Rupees iii. Người dùng trong nước – từ 0.5 triệu đến 3.0 triệu Rupees iv. Nhân viên NUST: lên đến 3.00 triệu Rupees v. Nhà cung cấp: Từ 5 triệu đến 25 triệu Rupees – (Một nhà cung cấp duy nhất)
Tỷ lệ lợi nhuận cho Tài khoản NUST Asaan là bao nhiêu?,"Chi trả lợi nhuận: Nửa năm một lần. Tỷ lệ lợi nhuận: 0,19."
Các dịch vụ miễn phí nào có sẵn tại ASDA?,"Bảng sao kê điện tử & Ngân hàng trực tuyến miễn phí, Gửi tiền/Rút tiền mặt trực tuyến miễn phí giữa các chi nhánh (Trực tuyến), Chuyển khoản nội bộ miễn phí trong NUST qua chi nhánh (Chuyển khoản trực tuyến), Phát hành Séc ngân hàng miễn phí, Cảnh báo SMS miễn phí về Giao dịch Kỹ thuật số."
Yêu cầu bảo đảm an ninh để được hưởng PMYB & ALS là gì?,"Bậc 2: i. Sạch sẽ; bảo lãnh cá nhân của bên vay. ii. 02 séc ghi ngày sau cho số tiền trả góp. iii. 01 séc ghi ngày sau cho toàn bộ số tiền vay cộng với phần đánh dấu theo lịch trình khấu hao. Bậc 3: i. Thế chấp tài sản dân cư/thương mại/công nghiệp do bên vay hoặc bên thứ ba sở hữu. ii. HPA trên phương tiện mang tên bên vay hoặc thành viên gia đình ruột thịt. iii. Bảo đảm thanh khoản (quyền giữ tiền gửi, chứng chỉ tiết kiệm, TDR, v.v.)."
Đối tượng mục tiêu của Tài khoản Tiền gửi Thanh toán là gì?,"Cá nhân (đơn lẻ hoặc chung); Hộ kinh doanh cá thể, Chủ doanh nghiệp; Công ty hợp danh; Công ty Trách nhiệm hữu hạn và Cổ phần; Tổ chức Chính phủ; Tập đoàn, Câu lạc bộ, Hội, Tổ chức phi chính phủ (NGO), v.v."
Số tiền tài trợ tối thiểu và tối đa là bao nhiêu?,"Số tiền tài trợ tối thiểu là Rs. 50,000 (Rs. 35,000 đối với JCOs đã nghỉ hưu & Hạ tầng - Phụ thuộc vào lương hưu với NUST). Tài trợ tối đa lên đến Rs. 3,000,000 (Đối với khách hàng không phải prime) và lên đến Rs. 4,000,000 (Đối với khách hàng prime). Giới hạn tài trợ tối đa sẽ lên đến 40% Tỷ lệ Gánh nặng Nợ và theo quy định của SBP PR."
Tài khoản Doanh nghiệp Value Plus (VP-BA) là gì?,Tài khoản Doanh nghiệp Value Plus (VP-BA) là một tài khoản doanh nghiệp cung cấp một loạt lợi ích và giải pháp được thiết kế riêng để các doanh nghiệp quản lý giao dịch tài chính của họ một cách hiệu quả.
Khoản vay có thể được sử dụng cho mục đích khác không?,"Không, khoản vay chỉ có thể được sử dụng cho các mục đích cụ thể như: Mua nhà/căn hộ/chung cư/đơn vị nhà ở, Mua đất (+) cộng với Xây dựng, Xây dựng nhà/đơn vị nhà ở trên lô đất đã sở hữu, Cải tạo nhà/căn hộ/chung cư/đơn vị nhà ở, Mở rộng/Cải thiện, Chuyển nhượng số dư (BTF) đối với cơ sở tài chính hiện có của người vay từ các ngân hàng/Tổ chức tài chính phát triển (DFIs) khác."
Tôi có thể thực hiện thanh toán balloon hoặc chấm dứt hợp đồng trước hạn không?,"Có, tùy chọn thanh toán balloon hoặc chấm dứt hợp đồng trước hạn có sẵn cho tất cả khách hàng. Phí sẽ được áp dụng theo biểu phí hiện hành của Ngân hàng."
Các tính năng chính của Chính sách Bảo hiểm EFU Bancassurance là gì?,"- Bảo vệ gia đình và Tiết kiệm dài hạn
- Số tiền bảo hiểm tối thiểu = 18.000, Không giới hạn tối đa số tiền bảo hiểm
- Thời hạn bảo hiểm tối thiểu = 10 năm (Ngoại trừ Kế hoạch Đóng phí Một lần)
- Các quyền lợi bổ sung cũng có sẵn với chi phí (Sản phẩm bổ trợ và bảo hiểm tử kỳ bổ sung)
- EFU Life cung cấp các kế hoạch khác nhau cho khách hàng theo nhu cầu và yêu cầu của khách hàng"
Có phí thanh toán trễ không?,"1.000 PKR cộng FED cho mỗi lần phát sinh trên mỗi khoản trả góp, bao gồm thời gian gia hạn. Phí thanh toán trễ sẽ được áp dụng 15 ngày sau khi khoản trả góp đến hạn, tức là vào ngày thứ 16."
Có phí phạt trả chậm không?,3.000 Rs cho mỗi đợt thanh toán.
Tôi có thể nhận kiều hối tại Pakistan nếu không có tài khoản ngân hàng ở bất kỳ ngân hàng nào không?,Bạn có thể nhận kiều hối của mình tại bất kỳ chi nhánh nào trong số hơn 600 chi nhánh trong nước của NUST trên toàn quốc nếu bạn có CNIC hợp lệ và Mã số tham chiếu giao dịch duy nhất / Mã pin.
"Tôi muốn mở tài khoản cùng con trai, ngân hàng có sản phẩm nào dành cho trẻ em không?","Có, sản phẩm của chúng tôi là Tài Khoản Nhà Vô Địch Nhí. Tài khoản này được thiết kế dành riêng cho trẻ vị thành niên (dưới 18 tuổi). Trẻ em cần sự hỗ trợ của cha mẹ hoặc người giám hộ hợp pháp để mở tài khoản này và sử dụng các tiện ích đi kèm. Nhà Vô Địch Nhí sẽ được nhận Thẻ Ghi nợ và sổ séc, miễn phí lần đầu phát hành."
Ai có thể đăng ký Tài chính NUST Ujala?,1. Tài trợ SE/ME 2. Tài trợ Nhà cung cấp/Nhà phân phối 3. Tài trợ Nhân viên NUST 4. Tài trợ Ứng viên trong nước (dành riêng cho nhân viên khu vực doanh nghiệp/chính phủ)
Thời hạn tối đa của Tài chính NUST Imarat là bao lâu?,AIF 1: Tối đa 10 năm (Thời gian ân hạn lên đến 6 tháng). AIF 2: Tối đa 10 năm (Thời gian ân hạn lên đến 9 tháng). AIF 3: Tối đa 8 năm (Thời gian ân hạn lên đến 6 tháng). AIF 4: Tối đa 3 năm (Thời gian ân hạn lên đến 3 tháng). (Lãi suất sẽ được thu trong thời gian ân hạn).
Thời hạn tối đa cho Khoản vay NUST Ujala là bao lâu?,"i. Người vay SE/ME: 05 năm, bao gồm thời gian ân hạn 03 tháng. ii. Trong nước: 05 năm bao gồm thời gian ân hạn 03 tháng. iii. Nhân viên NUST: 10 năm hoặc theo thời gian công tác còn lại (tùy theo điều kiện nào ngắn hơn), bao gồm thời gian ân hạn 03 tháng. iv. Nhà cung cấp/Nhà cung ứng: 05 năm bao gồm thời gian ân hạn 06 tháng."
Các dịch vụ miễn phí đi kèm với Tài khoản Tiền gửi Hiện tại là gì?,Dịch vụ cảnh báo SMS miễn phí cho Giao dịch Kỹ thuật số; Sao kê điện tử & Ngân hàng trực tuyến miễn phí; Gửi/Rút tiền mặt trực tuyến miễn phí giữa các chi nhánh (Trực tuyến); Chuyển khoản nội bộ miễn phí trong NUST qua chi nhánh (Chuyển khoản trực tuyến); Phát hành Séc ngân hàng miễn phí
Thị trường mục tiêu cho Tài khoản Doanh nghiệp Hạng sang Value Plus là gì?,"Các Doanh nghiệp Vừa, Công ty Hợp danh, Công ty TNHH và Công ty Đại chúng, Tổ chức Doanh nghiệp & Thương mại, Tổ chức Phi chính phủ (NGOs) / Tổ chức Bất vụ lợi (NPOs) / Tổ chức Tín thác/ Tổ chức Từ thiện."
Có độ tuổi tối thiểu nào để được tài trợ trong Chương trình Tài chính Nhà máy Bột mì NUST không?,"Tuổi của người vay (trong trường hợp doanh nghiệp tư nhân) phải tối thiểu 20 tuổi, tuy nhiên không được vượt quá 65 tuổi tại thời điểm nộp đơn. Độ tuổi này có thể được nới lỏng trong trường hợp có kế hoạch kế thừa hiệu quả cho hoạt động kinh doanh. Tiêu chí này không áp dụng nếu doanh nghiệp là công ty hợp danh hoặc công ty trách nhiệm hữu hạn."
Mục đích của chương trình Tài chính Hunarmand NUST là gì?,• Để bắt đầu một doanh nghiệp mới • Để mở rộng một doanh nghiệp hiện có.
Tỷ suất lợi nhuận cho Tài khoản Tiền gửi Đặc biệt NUST (ASDA) là bao nhiêu?,Chi trả lợi nhuận: Hàng tháng/Nửa năm. Tỷ suất lợi nhuận: 0.19.
NUST Sahar Finance có thể được sử dụng cho những mục đích nào?,"i. Mở rộng kinh doanh hiện có ii. Thành lập doanh nghiệp mới iii. Mua cổ phiếu/ Nhu cầu vốn lưu động, v.v."
VPCA có đi kèm quyền lợi bảo hiểm nào không?,Bảo hiểm Rút tiền mặt tại ATM. Bảo hiểm “Tử vong do Tai nạn & Thương tật Vĩnh viễn” 24 Giờ trên Toàn cầu.
Chính sách Bảo hiểm Ngân hàng Jubilee Life là gì?,"Chính sách Bảo hiểm Ngân hàng Jubilee Life là sản phẩm bảo hiểm nhân thọ do Ngân hàng NUST cung cấp với sự hợp tác của Công ty Bảo hiểm Nhân thọ Jubilee, mang đến nhiều gói bảo hiểm nhân thọ đa dạng."
Có phạt rút tiền trước hạn trong Tiền gửi có kỳ hạn NUST Maximiser không?,"Việc rút tiền Tiền gửi có kỳ hạn NUST Maximiser trước ngày đáo hạn sẽ chịu mức phạt rút tiền trước hạn như sau: Số tiền gốc x 1,5% mỗi năm cho khoảng thời gian còn lại của Tiền gửi có kỳ hạn. (Ví dụ: nếu một giao dịch được đặt cho 5 năm nhưng rút sau 2 năm – mức phạt/phí sẽ là 4,5% x Số tiền Gốc). Mức phạt/phí tối thiểu là 1,5% số tiền gốc. Số tiền phạt sẽ chỉ trong phạm vi lợi nhuận đã trả/ có thể trả."
Ngân hàng NUST cung cấp những loại sản phẩm Chuyển tiền trong nước nào?,"NUST cung cấp các Sản phẩm Chuyển tiền sau đây để đáp ứng nhu cầu của nhiều đối tượng thụ hưởng chuyển tiền trong nước tại Pakistan:
• Thanh toán Tiền mặt tại Quầy (CoC) cho khách hàng vãng lai
• Chuyển khoản qua Tài khoản NUST
• Chuyển khoản qua Tài khoản Ngân hàng Khác thông qua Chuyển tiền Liên ngân hàng (IBFT) & Thanh toán Bù trừ Liên tục Theo thời gian Thực (RTGS)"
Yêu cầu số dư tối thiểu cho Tài khoản Tiền gửi Đặc biệt của NUST là gì?,Không yêu cầu số dư trung bình tối thiểu hàng tháng. Không yêu cầu số dư mở tài khoản tối thiểu.
Tỷ suất lợi nhuận cho Chứng chỉ Tiền gửi Có kỳ hạn Thông báo Rút tiền Ngắn (SNDR) là bao nhiêu?,Kỳ hạn: 7 Ngày. Hình thức chi trả: Đến hạn. Tỷ suất lợi nhuận: 0.165.
Thị trường mục tiêu là gì?,"Cá nhân (đơn lẻ hoặc chung). Hộ kinh doanh cá thể. Công ty hợp danh. Công ty trách nhiệm hữu hạn đại chúng và tư nhân. Tổ chức Chính phủ, Tập đoàn. Câu lạc bộ, Hội, Hiệp hội. Tổ chức phi chính phủ (NGO)/Tổ chức phi lợi nhuận (NPO)/Tổ chức từ thiện."
Tỷ lệ Mark-up hiện tại của Quỹ Tài chính NUST Hunarmand là bao nhiêu?,"Bậc 2: 4,5% mỗi năm. Bậc 3: 6,5% mỗi năm."
Đối tượng mục tiêu của Tài khoản Tiền gửi Thanh toán là gì?,"Cá nhân (đơn lẻ hoặc chung); Hộ kinh doanh cá thể, Chủ doanh nghiệp; Công ty hợp danh; Công ty Trách nhiệm hữu hạn và Cổ phần; Tổ chức Chính phủ; Tập đoàn, Câu lạc bộ, Hội, Tổ chức phi chính phủ, v.v."
Thời hạn vay tối đa là bao lâu?,• Đối với xe có dung tích xi-lanh lên đến 1000 CC: tối đa 5 năm. • Đối với xe có dung tích xi-lanh trên 1000 CC: tối đa 3 năm.
Tài khoản Chuyển tiền Kỹ thuật số NUST Asaan có bất kỳ giới hạn giao dịch nào không?,"Có, các giới hạn giao dịch sau áp dụng cho Tài khoản Chuyển tiền Kỹ thuật số NUST Asaan: Hạn mức Số dư Tín dụng Tối đa là 3.000.000 PKR, Hạn mức Rút tiền Mặt là 500.000 PKR mỗi ngày, Hạn mức Chuyển tiền là 500.000 PKR mỗi ngày và Hạn mức Tín dụng Nội địa là 1.000.000 PKR mỗi ngày."
Ngân hàng NUST có đang cung cấp hình thức tài trợ thời vụ nào không?,Sản phẩm tài chính thời vụ “Tài trợ Nhà máy Bột mì NUST” đã được cấu trúc để giải ngân nhanh chóng theo hình thức cho vay theo chương trình. Sản phẩm được thiết kế dành riêng cho các nhà máy bột mì nhằm đáp ứng nhu cầu vốn lưu động của họ. Tài trợ Nhà máy Bột mì NUST nhằm đáp ứng nhu cầu tài chính thời vụ cho việc mua sắm lúa mì và các chi phí quản lý khác của nhà máy. Phạm vi của sản phẩm hướng đến các nhà máy bột mì thuộc danh mục Doanh nghiệp vừa và nhỏ (SME).
Tiêu chí thu nhập tối thiểu hàng tháng là gì?,"Làm công ăn lương: Cố định 50.000 Rs/-, Hợp đồng 60.000 Rs/-, Nhân viên Chính phủ Hợp đồng 75.000 Rs/-; Lực lượng Vũ trang: 25.000 Rs/-."
Dịch vụ Chuyển tiền Kiều hối của NUST có tính phí không?,Dịch vụ Chuyển tiền Kiều hối của NUST là miễn phí.
Có phí thanh toán trễ không?,"1.000 PKR cộng FED cho mỗi lần và mỗi khoản trả góp, bao gồm thời gian gia hạn. Phí thanh toán trễ sẽ được áp dụng sau 15 ngày kể từ khi khoản trả góp đến hạn, tức là vào ngày thứ 16."
Các khoản phí áp dụng cho Chương trình Tài chính Hunarmand của NUST là gì?,Áp dụng theo quy định của PMYB & ALS.
Sản phẩm này có sẵn ở hai biến thể:,· Tài khoản Tiết kiệm NUST Maximiser · Tiền gửi có kỳ hạn NUST Maximiser
Điều gì xảy ra nếu tôi không thực hiện được nghĩa vụ thanh toán?,"Trong trường hợp quá hạn/vi phạm thanh toán, bộ phận thu hồi nợ của NUST sẽ liên hệ với bạn, thông tin khoản vay của bạn sẽ được báo cáo cho Cục Tín dụng. Phí thanh toán chậm sẽ được áp dụng theo biểu phí hiện hành. Ngân hàng cũng có thể khởi động các thủ tục pháp lý."
Có bất kỳ khoản phí ẩn nào không?,Không có bất kỳ khoản phí ẩn nào. Tất cả các khoản phí đều được đề cập trong Biểu phí của chúng tôi có sẵn trên trang web và tại tất cả các chi nhánh của Ngân hàng NUST.
Yêu cầu bảo đảm an ninh để được hưởng Chương trình Tài chính Hunarmand của NUST là gì?,"i. Bảo lãnh cá nhân của người vay đối với các khoản vay lên đến 1,5 triệu và ủy quyền ghi nợ trực tiếp của người vay/người hưởng lương hưu/người bảo lãnh phải được thực hiện. ii. Đối với các khoản vay trên 1,5 triệu, khoản vay phải được bảo đảm bằng tài sản động sản cũng như bất động sản của người vay theo quy định trong PMYB&ALs. iii. Bảo lãnh của sĩ quan đang tại ngũ trong lực lượng vũ trang trong trường hợp gia đình (vợ/chồng hoặc con cái) của họ vay vốn theo chương trình này."
Các dịch vụ miễn phí có sẵn với Tài khoản Tiết kiệm NUST Maximiser là gì?,o Phát hành Séc Ngân hàng o Phát hành CDR o Rút/Gửi tiền mặt Liên chi nhánh Trực tuyến (Online) o Chuyển khoản Nội bộ trong NUST qua chi nhánh (Chuyển khoản Trực tuyến) o Ngân hàng Internet o SMS cho giao dịch kỹ thuật số o Bản sao kê điện tử
Vui lòng cho tôi biết về các tiện ích miễn phí được cung cấp trên Tài khoản Vãng lai Value Plus cho Doanh nghiệp khi duy trì số dư trung bình tối thiểu hàng tháng?,Phát hành séc. Sao kê tài khoản trùng lặp. Phát hành Thẻ ghi nợ (Phí phát sinh/Phí hàng năm sẽ theo SOC hiện hành). Tiện ích Ngân hàng trực tuyến. Cảnh báo SMS về Giao dịch Kỹ thuật số. Sao kê điện tử. Gửi tiền mặt/Rút tiền trực tuyến tại Chi nhánh liên hệ (Trực tuyến). Chuyển khoản nội bộ trong NUST qua chi nhánh (Chuyển khoản trực tuyến). Phát hành Séc của Ngân hàng.
NUST Asaan Account (NAA) là gì?,"NUST Asaan Account (NAA) là một tài khoản ngân hàng thuận tiện và dễ dàng mở, được thiết kế để đáp ứng nhu cầu ngân hàng hàng ngày, mang lại trải nghiệm không phiền phức."
Ngân hàng của bạn có cung cấp tài khoản Lãi & Lỗ không?,"Có, Tài khoản Chia sẻ Lãi Lỗ được thiết kế đặc biệt để đáp ứng nhu cầu giao dịch và tiết kiệm của khách hàng."
Tài sản đảm bảo cho khoản vay là gì?,Xe ô tô được tài trợ sẽ là tài sản đảm bảo cho khoản vay và sẽ được thế chấp cho Ngân hàng NUST.
Các dịch vụ miễn phí đi kèm với tài khoản chuyển tiền PakWatan là gì?,Các dịch vụ miễn phí bao gồm: Sổ séc đầu tiên 25 tờ (Chỉ dành cho tài khoản vãng lai). Phát hành thẻ ghi nợ NUST Visa (phí thường niên và phí thay thế sẽ được áp dụng). Phát hành séc ngân hàng. Rút/gửi tiền mặt liên chi nhánh trực tuyến (Online). Chuyển khoản nội bộ trong NUST qua chi nhánh (Chuyển khoản trực tuyến). Ngân hàng Internet. SMS cho giao dịch kỹ thuật số. Bản sao kê điện tử.
Các tính năng chính của Tiền gửi có kỳ hạn NUST Sahar là gì?,"Linh hoạt lựa chọn nhiều kỳ hạn: 1, 3 hoặc 5 Năm. Khoản đầu tư bắt đầu từ mức thấp chỉ 50.000 Rs. Thanh toán lợi nhuận hàng tháng vào Tài khoản vãng lai NUST Sahar của bạn. Có tùy chọn tái tục. Các giao dịch chỉ được đặt từ Tài khoản vãng lai NUST Sahar."
Bản chất của khoản vay được cho phép tại Quỹ Tài chính NUST Hunarmand?,• Khoản vay dài hạn / Khoản vay phát triển • Khoản vay vốn lưu động / Khoản vay sản xuất.
Các khoản phí dịch vụ/tài liệu/pháp lý tại NUST Ujala Finance là bao nhiêu?,Theo thực tế.
Phí xử lý cho PMYB & ALS là bao nhiêu?,100 Rs
Yêu cầu tài sản đảm bảo cho Ask Fauri Business Finance là gì?,"NUST: Quyền cầm cố đối với tiền gửi NUST CA/SA/TDR, bao gồm bên thứ ba (LCY/FCY). Chứng chỉ Tiết kiệm Quốc gia (NSC): Quyền cầm cố đối với NSC bao gồm tên chung/chủ sở hữu."
Bảo hiểm tài sản có bắt buộc không?,Có. Bảo hiểm tài sản là bắt buộc; Phí bảo hiểm do bên vay chịu. Bảo hiểm này chi trả chi phí xây dựng của ngôi nhà được tài trợ và giá trị tài sản trong trường hợp căn hộ.
Có yêu cầu về doanh số tài khoản cho Tài chính Nhà máy Bột mì NUST không?,Tối thiểu 50% doanh số của người nộp đơn phải được chứng minh thông qua doanh số tài khoản tại ngân hàng.
Các khoản phí dịch vụ/tài liệu/pháp lý trong Ask Fauri Business Finance là gì?,Theo thực tế.
Lợi ích của Dịch vụ Tài chính Ô tô Ngân hàng NUST là gì?,"• Tỷ lệ Mark Up (lãi suất) Thả nổi & Cố định cạnh tranh. • Tùy chọn thanh toán một phần để giảm khoản trả góp hàng tháng. • Tỷ lệ bảo hiểm hấp dẫn ở mức 1,75% mỗi năm. • Xử lý nhanh chóng & Thủ tục giấy tờ tối thiểu. • Miễn phí thiết bị định vị và lắp đặt. • Không có phí ẩn. • Bảo hiểm nhân thọ tai nạn miễn phí lên tới 1.000.000 Rs."
Phí xử lý cho PMYB & ALS là bao nhiêu?,100 Rs
Tỷ suất lợi nhuận cho Chứng chỉ Tiền gửi Có kỳ hạn Thông báo Rút tiền Trước hạn (SNDR) là bao nhiêu?,Kỳ hạn: 7 Ngày. Hình thức chi trả: Khi đáo hạn. Tỷ suất lợi nhuận: 0.165.
Tôi có thể theo dõi tình trạng chuyển tiền trực tuyến không?,"Có, bạn có thể xem tình trạng chuyển tiền của mình trực tuyến thông qua Công cụ Theo dõi Chuyển tiền NUST bằng đường dẫn sau https://NUSTbank.com/services/alternate-delivery-channels/home-remittance-tracking/"
Thời hạn tối đa của Tài chính Doanh nghiệp Ask Fauri là bao lâu?,"AFBF-1: Tối đa 1 Năm, AFBF-2: Tối đa 3 Năm, AFBF-3: Tối đa 30 Tháng, AFBF-4: Theo yêu cầu / Kỳ hạn Usance 120 ngày."
Các tính năng chính của Tài khoản Little Champs là gì?,"• Số tiền gửi ban đầu tối thiểu: 100 Rs
• Tài khoản Tiết kiệm Little Champs
• Miễn phí sổ séc đầu tiên* (Chỉ dành cho Tài khoản Vãng lai)
• Miễn phí thẻ ghi nợ* (áp dụng phí thường niên/phí thay thế)
• Chi trả lợi nhuận: Nửa năm một lần
• Tỷ lệ lợi nhuận: 0.19
• Hạn mức chuyển tiền hàng ngày: 100.000 Rs
• Hạn mức rút tiền ATM hàng ngày: 25.000 Rs
• Hạn mức POS hàng ngày: 50.000 Rs"
Tần suất trả nợ tại Quỹ Tài chính NUST Hunarmand là như thế nào?,Khoản vay AHF sẽ được hoàn trả dưới hình thức trả góp hàng tháng hoặc hàng quý (hoặc theo chỉ đạo của Ngân hàng Nhà nước Pakistan - SBP).
Tài khoản NUST Maximiser là gì?,"Tài khoản NUST Maximiser là một tài khoản tiền gửi mang lại lợi nhuận cao hơn với tính linh hoạt trong việc truy cập dễ dàng vào tiền, nhằm mục đích tối đa hóa khoản tiết kiệm cho chủ tài khoản."
PRI có tuân theo luật của Ngân hàng Nhà nước hoặc Chính phủ không?,"Đây là một sáng kiến chung của Ngân hàng Nhà nước Pakistan, Bộ Người Pakistan ở nước ngoài và Bộ Tài chính."
Loại tài khoản của NAA là gì?,NAA có thể được mở cả dưới dạng Tài khoản Vãng lai và Tài khoản Tiết kiệm.
Thị trường mục tiêu là gì?,Thị trường mục tiêu cho Tài khoản Chuyển tiền Kỹ thuật số NUST Asaan bao gồm các cá nhân - người thụ hưởng (gia đình) của những người Pakistan đang làm việc ở nước ngoài.
Ngân hàng NUST có cung cấp sản phẩm tài chính nào liên quan đến các giải pháp năng lượng tái tạo/thay thế không?,"Ngân hàng NUST đã xây dựng một sản phẩm tài chính mới với tên gọi 'Tài chính NUST Ujala' theo chương trình tái cấp vốn của Ngân hàng Nhà nước Pakistan (SBP), trong phạm vi dành cho Doanh nghiệp vừa và nhỏ (SME). Chương trình Sản phẩm được phát triển nhằm cung cấp tài chính cho việc lắp đặt thiết bị năng lượng mặt trời như một nguồn năng lượng thay thế."
Vui lòng cho tôi biết về số dư tối thiểu hàng tháng được yêu cầu?,Không yêu cầu tiền gửi ban đầu. 25.000 Rs/- (Số dư trung bình hàng tháng).
Tôi có thể sử dụng dịch vụ vay mua ô tô nếu không phải là Người làm công ăn lương/Doanh nhân/Chuyên gia không?,"Có. Cá nhân có kiều hối, được hỗ trợ bởi sao kê ngân hàng và biên lai chuyển tiền có thể sử dụng Dịch vụ Vay Mua Ô tô."
Các tính năng chính của Tài khoản Tiết kiệm NUST Maximiser là gì?,"- Chi trả lợi nhuận hấp dẫn theo tháng, quý, nửa năm và năm. - Yêu cầu số dư trung bình tối thiểu hàng tháng là 100.000 Rs. - Phát hành Thẻ Ghi nợ dạng chip và Sổ Séc theo SOC hiện hành."
Bảo hiểm tài sản có bắt buộc không?,Có. Bảo hiểm tài sản là bắt buộc; Phí bảo hiểm do bên vay chịu. Bảo hiểm này chi trả chi phí xây dựng của ngôi nhà được tài trợ và giá trị tài sản trong trường hợp căn hộ chung cư.
Mục đích của Tài chính Xay xát Bột mì NUST được cung cấp cho những mục đích nào?,"Tài chính Tiền mặt (CF): Để đáp ứng nhu cầu vốn lưu động của hoạt động kinh doanh xay xát bột mì cho việc mua sắm lúa mì theo công suất xay xát. Tài chính Hoạt động (RF): Để đáp ứng nhu cầu vốn lưu động như vận chuyển, lương & tiền công, tiện ích và các chi phí hành chính khác, v.v. (Việc mua sắm lúa mì bằng nguồn vốn RF bị hạn chế)."
Có yêu cầu bằng cấp/kinh nghiệm bắt buộc nào không?,"Cụ thể cho Nghiệp vụ Mới: i) Chỉ các Chuyên gia (Kế toán viên Công chứng, Bác sĩ, Kỹ sư, Chuyên gia CNTT và Chuyên gia Tư vấn) có tối thiểu 2 năm kinh nghiệm chuyên môn. ii) Các chuyên gia đã nghỉ hưu từ lực lượng vũ trang và gia đình của sĩ quan lực lượng vũ trang đang tại ngũ. Không yêu cầu bằng cấp chuyên môn đối với nghiệp vụ hiện có."
Thị trường mục tiêu là gì?,"Cá nhân (đơn lẻ hoặc chung). Hộ kinh doanh cá thể. Công ty hợp danh. Công ty trách nhiệm hữu hạn công khai và tư nhân. Tổ chức chính phủ, tập đoàn. Câu lạc bộ, hội, hiệp hội. Tổ chức phi chính phủ (NGO)/Tổ chức phi lợi nhuận (NPO)/Tổ chức từ thiện."
Có phí thanh toán trễ không?,Phí thanh toán trễ 1.000 PKR cộng FED sẽ được tính sau ngày thứ 30 kể từ khi khoản trả góp quá hạn.
Tỷ lệ đánh dấu hiện tại của Tài chính NUST Imarat là bao nhiêu?,Doanh nghiệp vừa và nhỏ (SME) thông thường: Tỷ lệ cho người dùng cuối: 12MK+4% mỗi năm (được xem xét hàng năm). Doanh nghiệp vừa và nhỏ (SME) được Lực lượng Vũ trang hỗ trợ: Tỷ lệ cho người dùng cuối: 12MK+2.5% mỗi năm (được xem xét hàng năm).
Cơ cấu pháp lý của doanh nghiệp nên như thế nào để được hưởng Tài chính NUST Imarat?,"Chủ sở hữu duy nhất, Công ty hợp danh (đã đăng ký), Công ty trách nhiệm hữu hạn tư nhân, Công ty đại chúng."
Tỷ lệ lợi nhuận cho Tài khoản NUST Waqaar - Công dân Cao tuổi là bao nhiêu?,"Thanh toán lợi nhuận: Hàng tháng. Tỷ lệ lợi nhuận: 0,19."
Có giới hạn nào đối với chi tiêu quốc tế không?,"Theo chỉ thị của Ngân hàng Nhà nước (SBP) có hiệu lực từ ngày 1 tháng 11 năm 2022, giới hạn tối đa hàng năm trên toàn ngành là 30,000 USD/người đối với các giao dịch xuyên biên giới qua thẻ (thẻ ghi nợ/thẻ tín dụng và thẻ ảo). Khách hàng có trách nhiệm chính trong việc đảm bảo không vượt quá giới hạn hàng năm của mình bất cứ lúc nào. Để tránh mọi bất tiện, Quý khách được đề nghị hãy giữ mức chi tiêu quốc tế trong giới hạn quy định. Các khoản thanh toán thương mại xuyên biên giới qua thẻ phát hành cho cá nhân là không được phép. Lưu ý: Ngân hàng NUST có quyền từ chối bất kỳ đơn đăng ký nào theo tiêu chí của Ngân hàng."
Bản chất của khoản vay được cho phép tại Quỹ Tài chính NUST Hunarmand?,• Khoản vay dài hạn / Khoản vay phát triển • Khoản vay vốn lưu động / Khoản vay sản xuất.
Có danh sách chi nhánh nào tôi có thể truy cập để lấy thông tin không?,Danh sách các chi nhánh trong nước của NUST có thể được xem từ công cụ Định vị Chi nhánh có trên trang web doanh nghiệp của chúng tôi www.nustbank.com. https://NUSTbank.com/find-us/
Tiêu chí tuổi tối đa để đăng ký Tài chính Thế chấp NUST là gì?,"Nhân viên biên chế: 60 tuổi tại thời điểm đáo hạn khoản vay, Nhân viên hợp đồng: 65 tuổi tại thời điểm đáo hạn khoản vay, Người hưởng lương hưu: 65 tuổi tại thời điểm đáo hạn khoản vay, Tự kinh doanh/Tự hành nghề (SEB/SEP): 65 tuổi tại thời điểm đáo hạn khoản vay."
Tôi có thể sử dụng dịch vụ vay mua ô tô nếu không phải là Người làm công ăn lương/Doanh nhân/Chuyên gia không?,"Có. Cá nhân có kiều hối, được hỗ trợ bởi sao kê ngân hàng và biên lai chuyển tiền có thể sử dụng Dịch vụ Vay Mua Ô tô."
Tài khoản Chia sẻ Lợi nhuận và Thua lỗ (PLS) là gì?,"Tài khoản Chia sẻ Lợi nhuận và Thua lỗ (PLS) là một loại tài khoản ngân hàng Hồi giáo, trong đó lợi nhuận và thua lỗ được chia sẻ giữa ngân hàng và chủ tài khoản dựa trên thỏa thuận đã được thiết lập."
Vui lòng cho tôi biết về các tiện ích miễn phí được cung cấp cho Tài khoản Thanh toán Doanh nghiệp Value Plus khi duy trì số dư trung bình tối thiểu hàng tháng?,Phát hành séc miễn phí. Bản sao sao kê tài khoản. Phát hành thẻ ghi nợ (phí phát hành lại/phí thường niên sẽ tính theo Biểu phí hiện hành). Dịch vụ Ngân hàng Internet. Cảnh báo SMS cho giao dịch kỹ thuật số. Sao kê điện tử. Gửi/Rút tiền mặt liên chi nhánh trực tuyến (Online). Chuyển khoản nội bộ trong NUST qua chi nhánh (Chuyển khoản trực tuyến). Phát hành séc ngân hàng.
Tài khoản Vãng lai Giá trị Cộng (Cá nhân) (VPCA) là gì?,"Tài khoản Vãng lai Giá trị Cộng (VPCA) là sản phẩm tài khoản vãng lai dành cho cá nhân, cung cấp các tính năng gia tăng giá trị, phù hợp cho ngân hàng cá nhân với nhiều lợi ích bổ sung dành cho chủ tài khoản."
Tài khoản Vãng lai NUST Sahar Asaan có bất kỳ giới hạn giao dịch nào không?,"Giới hạn rút tiền hàng tháng lên đến 1.000.000 Rs, Tổng giới hạn số dư tín dụng lên đến 1.000.000 Rs, Các giao dịch xuyên biên giới (ra ngoài) sẽ không được phép trừ trường hợp các giao dịch quốc tế được thực hiện qua thẻ ghi nợ."
Tiêu chí thu nhập tối thiểu hàng tháng là gì?,"Người hưởng lương (Công ty được phê duyệt): Công ty Hạng A - 40.000 PKR (Thường trú) & 60.000 PKR (Hợp đồng Công ty/Bên thứ 3), Công ty Hạng B & C - 50.000 PKR (Thường trú) & 60.000 PKR (Hợp đồng Công ty/Bên thứ 3). Người hưởng lương (Công ty không được phê duyệt): 70.000 PKR (Thường trú) & 80.000 PKR (Hợp đồng Công ty). Người hưởng lương (Chính phủ): Đang tại ngũ - 35.000 PKR (Thường trú, BPS-5 trở lên) & 45.000 PKR (Hợp đồng), Đã nghỉ hưu - 40.000 PKR (điều kiện nhận lương hưu với NUST). Lực lượng Vũ trang, Các tổ chức Liên kết & Dân thường tại GHQ/NHQ/AHQ: Đang tại ngũ - 25.000 PKR (Sĩ quan Ủy nhiệm/JCOs & Cấp dưới), Đã nghỉ hưu - 40.000 PKR (Sĩ quan Ủy nhiệm) và 15.000 Rs. (JCOs & Cấp dưới, điều kiện nhận lương hưu với NUST). SPD & các tổ chức liên kết - 25.000 PKR (Thường trú & Hợp đồng). Dân thường tại GHQ/NHQ/AHQ - 25.000 PKR (Thường trú) và 35.000 PKR (Hợp đồng). Tổ chức Fauji & các tổ chức Liên kết: 25.000 PKR (Thường trú & Hợp đồng). Doanh nhân Tự do/Tiểu thương: 100.000 PKR (Khách hàng Chi nhánh), 150.000 PKR (Khách hàng không thuộc Chi nhánh)."
Thời hạn tối đa của Tài chính NUST Sahar là bao lâu?,Tài chính Ngắn hạn/Vốn lưu động: Tối đa 3 năm không có thời gian ân hạn. Tài chính Dài hạn: Tối đa 5 năm (bao gồm thời gian ân hạn lên đến 6 tháng). Lãi suất sẽ được thu trong thời gian ân hạn.
Các khoản phí dịch vụ/tài liệu/pháp lý tại NUST Sahar Finance là bao nhiêu?,Theo thực tế.
Tần suất trả nợ tại Quỹ Tài chính NUST Hunarmand là gì?,Khoản vay AHF sẽ được hoàn trả dưới hình thức trả góp hàng tháng hoặc hàng quý (hoặc theo chỉ thị của Ngân hàng Nhà nước Pakistan - SBP).
Có giới hạn nào đối với chi tiêu quốc tế không?,"Theo chỉ thị của Ngân hàng Nhà nước (SBP) có hiệu lực từ ngày 1 tháng 11 năm 2022, giới hạn tối đa hàng năm trên toàn ngành là 30.000 USD/người đối với các giao dịch xuyên biên giới qua thẻ (thẻ ghi nợ/thẻ tín dụng và thẻ ảo). Trách nhiệm chính của khách hàng là phải đảm bảo rằng giới hạn hàng năm của mình không bị vượt quá bất cứ lúc nào. Để tránh bất kỳ sự bất tiện nào, Quý khách được đề nghị vui lòng hạn chế chi tiêu quốc tế trong giới hạn đã quy định. Các khoản thanh toán thương mại xuyên biên giới qua thẻ phát hành cho cá nhân là không được phép. Lưu ý: Ngân hàng NUST có quyền từ chối bất kỳ đơn đăng ký nào theo tiêu chí của Ngân hàng."
Phí bảo hiểm là bao nhiêu?,Tính theo thực tế.
Ngân hàng có yêu cầu vốn chủ sở hữu cho chương trình này không?,"Kinh doanh mới: 20% vốn chủ sở hữu. Kinh doanh hiện có: Không yêu cầu vốn chủ sở hữu, khoản đầu tư hiện tại vào doanh nghiệp sẽ được tính là vốn chủ sở hữu."
Có yêu cầu về doanh số tài khoản nào đối với Tài chính Nhà máy Bột mì NUST không?,Tối thiểu 50% doanh số của người nộp đơn phải được chứng minh thông qua doanh số tài khoản tại ngân hàng.
Tôi có thể vay vốn nếu có nợ xấu từ các khoản vay trước đây không?,Không. Bạn cần phải thanh toán đều đặn các khoản vay trước đó.
Có bất kỳ loại thuế nào áp dụng cho tài khoản này không?,Zakat và các loại thuế được áp dụng theo quy định của pháp luật.
Phí xử lý cho Ứng dụng Tài chính Ask Fauri là bao nhiêu?,Phí cố định 3.000 Rs. tại thời điểm bắt đầu và cho mỗi lần gia hạn.
Có bao nhiêu Kế hoạch Bảo hiểm Nhân thọ Jubilee có sẵn?,"• Kế hoạch Tiết kiệm và Bảo vệ Jubilee Life - Kế hoạch Bảo vệ Trọn đời và Tiết kiệm
• Kế hoạch Giáo dục Jubilee Life - Kế hoạch Thời hạn Có hạn (Quyền lợi Tiếp tục)
• Kế hoạch Hôn nhân Jubilee Life - Kế hoạch Thời hạn Có hạn (Quyền lợi Tiếp tục)
• Kế hoạch Hưu trí Jubilee Life - Tiết kiệm & Bảo vệ"
Ai có thể mở Tài khoản Roshan Digital?,"Người Pakistan không cư trú (NRP), Thành viên OPF, Người nước ngoài có Thẻ gốc Pakistan (POC), Công dân Pakistan đã khai báo tài sản ở nước ngoài, Nhân viên & Quan chức Chính phủ đang công tác ở nước ngoài."
Hình thức trả nợ là gì?,"Việc thanh toán Khoản trả góp Hàng tháng Cố định (EMI) bao gồm tiền gốc, phí đánh dấu và chi phí bảo hiểm, v.v. sẽ được thực hiện thông qua Ủy quyền Ghi nợ Trực tiếp (DDA) từ tài khoản của người vay được duy trì tại NUST."
Có giới hạn nào về số tiền nhận được thông qua Dịch vụ Chuyển tiền NUST về nhà không?,"Dưới đây là các giới hạn áp dụng:
• Tài khoản NUST - Không giới hạn
• Tài khoản ngân hàng khác - Không giới hạn
• Giao dịch tiền mặt tại quầy (CoC) - Tối đa 1.000.000 PKR mỗi giao dịch và không giới hạn số lượng giao dịch Western Union COC"
Liên kết Cổng thông tin Web Ngân hàng NUST dành cho RDA là gì?,https://secureportal.NUSTbank.com/rda/
Có độ tuổi tối thiểu để được hỗ trợ tài chính tại NUST Imarat Finance không?,"Kinh doanh mới: Tối thiểu 30 tuổi tại thời điểm nộp đơn, tuy nhiên độ tuổi không được vượt quá 60 tuổi khi khoản vay đáo hạn. Kinh doanh hiện có: Tối thiểu 30 tuổi tại thời điểm nộp đơn, tuy nhiên độ tuổi không được vượt quá 65 tuổi khi khoản vay đáo hạn."
Có phí thanh toán trễ hạn không?,"Trong trường hợp trả chậm, lãi suất thương mại sẽ được tính trên số ngày quá hạn."
Phí xử lý cho Đơn đăng ký Tài chính NUST Ujala là bao nhiêu?,"SE/ME/Nhà cung cấp/Nhà thầu: 6000 Rs/- hoặc 0.5% khoản vay, tùy theo mức nào cao hơn. Người vay trong nước: 5000 Rs/-. Nhân viên NUST: Miễn phí xử lý."
Các tính năng chính của Chính sách Bảo hiểm Nhân thọ NUST Life Bancassurance là gì?,"• Bảo vệ Gia đình ngắn hạn và Tiết kiệm dài hạn. • Số tiền Bảo hiểm Tối thiểu = 18.000, Không có Giới hạn Tối đa cho Kế hoạch Munafa Mehfooz, Phí Bảo hiểm Tối thiểu = 50.000. • Kế hoạch NUST Life Munafa Mehfooz có Thời hạn Tối thiểu & Tối đa = 5 Năm. • Kế hoạch NUST Life Value có Thời hạn Chính sách Tối thiểu = 10 Năm. • Các quyền lợi bổ sung cũng có sẵn với chi phí (Quyền lợi bổ sung và bảo hiểm định kỳ bổ sung). • NUST Life cung cấp các kế hoạch khác nhau cho khách hàng theo nhu cầu và yêu cầu."
Tiêu chí thu nhập tối thiểu hàng tháng là gì?,"Người hưởng lương: Cố định 50.000 Rs/-, Hợp đồng 60.000 Rs/-, Nhân viên Chính phủ Hợp đồng 75.000 Rs/-; Lực lượng Vũ trang: 25.000 Rs/-."
Tỷ lệ lợi nhuận được cung cấp cho tài khoản này là bao nhiêu và khi nào được ghi có?,"Thanh toán lợi nhuận hàng tháng dựa trên số dư trung bình hàng tháng. Tỷ lệ lợi nhuận: 0,19%, được ghi có hàng tháng."
Các khoản phí dịch vụ/tài liệu/pháp lý tại NUST Imarat Finance là gì?,Theo thực tế.
Các dịch vụ miễn phí đi kèm với Tài khoản Tiền gửi Hiện tại là gì?,Dịch vụ cảnh báo SMS miễn phí cho Giao dịch Kỹ thuật số; Sao kê điện tử & Ngân hàng trực tuyến miễn phí; Gửi/Rút tiền mặt trực tuyến miễn phí giữa các chi nhánh (Trực tuyến); Chuyển khoản nội bộ miễn phí trong NUST qua chi nhánh (Chuyển khoản trực tuyến); Phát hành Séc ngân hàng miễn phí
Hạn mức cho vay của Chương trình Tài chính Xay xát Bột mì NUST là gì?,Mỗi bên (một thực thể duy nhất) có thể vay tối đa 75 triệu Rs cho Doanh nghiệp vừa (ME) và 25 triệu Rs cho Doanh nghiệp nhỏ (SE).
Thời gian xử lý hồ sơ là bao lâu?,Thời gian xử lý hồ sơ Tài chính Cá nhân là 10 ngày làm việc từ khi đăng nhập đến khi được phê duyệt (phụ thuộc vào hồ sơ hoàn chỉnh với các tài liệu yêu cầu).
Tần suất hoàn trả phí đánh dấu trong Ask Fauri Business Finance là gì?,"AFBF-1: Hàng tháng / Hàng quý, AFBF-2: Hàng tháng / Hàng quý, AFBF-3: Trả trước, AFBF-4: Trả trước."
Tỷ lệ Mark-up hiện tại của Ask Fauri Business Finance là bao nhiêu?,"AFBF-1: 3MK /COD +1.50%, AFBF-2: 12 MK /COD +2.0%, AFBF-3: Theo SOC, AFBF-4: Theo SOC."
Tôi muốn tìm hiểu về việc mở tài khoản vãng lai cho mục đích kinh doanh tại Ngân hàng của Quý vị. Xin vui lòng cho tôi biết tôi có những lựa chọn nào?,"Tài khoản Doanh nghiệp NUST Value Premium phù hợp nhất cho các doanh nghiệp vừa và lớn, các công ty hợp danh và các tổ chức doanh nghiệp."
Phí định giá/BOQ là gì?,Tính theo thực tế.
Mục đích của việc cung cấp Tài chính Xay xát Bột mì NUST là gì?,"Tài chính Tiền mặt (CF) để đáp ứng nhu cầu vốn lưu động của hoạt động kinh doanh xay xát bột mì nhằm mua lúa mì theo công suất xay xát. Tài chính Hoạt động (RF) để đáp ứng các nhu cầu vốn lưu động như vận chuyển, lương & tiền công, tiện ích và các chi phí hành chính khác (Việc mua lúa mì bằng nguồn vốn RF bị hạn chế)."
Có bao nhiêu Gói Bảo hiểm Nhân thọ NUST có sẵn?,"• NUST Life Value Plan: Gói Bảo vệ và Tiết kiệm Trọn đời, Phí bảo hiểm = 18K. • NUST Life Munafa Mehfooz Plan: Gói Thời hạn Có hạn (5 Năm), Phí bảo hiểm = 50K."
Tỷ lệ lợi nhuận cho Tài khoản Tiết kiệm NUST Maximiser là bao nhiêu?,"Chi trả lợi nhuận: Hàng tháng. Tỷ lệ lợi nhuận: 0,19."
Phí xử lý hồ sơ là bao nhiêu?,Phí xử lý sẽ được tính theo Biểu phí hiện hành của Ngân hàng (SOC).
Các khoản phí dịch vụ/tài liệu/pháp lý trong Tài chính Xay xát Bột mì NUST là gì?,Tính theo thực tế.
Phí bảo hiểm là bao nhiêu?,Tính theo thực tế.
Loại tài khoản của NUST Freelancer Digital Account là gì? Là tài khoản vãng lai hay tiết kiệm?,"NUST Freelancer Digital Account cung cấp tài khoản vãng lai bằng PKR và FCY (USD, GBP, EUR, AED)."
Mục đích của chương trình Tài chính Hunarmand NUST là gì?,• Để bắt đầu một doanh nghiệp mới • Để mở rộng một doanh nghiệp hiện có.
"Đối với tất cả các sản phẩm Banca của Jubilee Life, có sẵn tờ rơi không?","Có, tờ rơi có sẵn cho tất cả các sản phẩm Banca của Jubilee Life."
Có thể sử dụng Dịch vụ Tài chính Cá nhân từ NUST ở khu vực nào của quốc gia?,Dịch vụ Tài chính Cá nhân có thể được sử dụng tại tất cả các thành phố có chi nhánh của NUST.
Bản chất của tài chính tại NUST Sahar Finance là gì?,i. Tài chính Dài hạn ii. Tài chính Ngắn hạn/Vốn lưu động
Có phí thanh toán trễ không?,"Trong trường hợp trả chậm, lãi suất thương mại sẽ được tính trên số ngày quá hạn."
Số tiền tài trợ tối thiểu và tối đa là bao nhiêu?,"Hạn mức tín dụng sạch, tối thiểu 30.000 Rs và tối đa lên đến 3.0 triệu Rs hoặc theo tỷ lệ nợ trên thu nhập 40% tuân thủ quy định của Ngân hàng Nhà nước Pakistan."
Các tính năng chính của Tiền gửi có kỳ hạn NUST Sahar là gì?,"Linh hoạt lựa chọn từ nhiều kỳ hạn: 1, 3 hoặc 5 Năm. Khoản đầu tư bắt đầu từ mức thấp chỉ 50.000 Rs. Thanh toán lợi nhuận hàng tháng vào Tài khoản Vãng lai NUST Sahar của bạn. Có tùy chọn tái tục. Các giao dịch chỉ được đặt từ Tài khoản Vãng lai NUST Sahar."
Thời hạn tối đa của Tài chính Nhà máy Bột mì NUST là bao lâu?,Tối đa 1 năm theo các hành lang thanh toán dứt điểm.
Thuế Zakat và WHT có áp dụng cho Tài khoản Roshan Digital không?,Thuế Zakat và WHT trên lợi nhuận không áp dụng cho tài khoản RDA.
Tỷ lệ lợi nhuận cho Tài khoản Tiết kiệm PLS là bao nhiêu?,Chi trả lợi nhuận: Nửa năm một lần. Tỷ lệ lợi nhuận: 0.19.
Tôi có thể trả khoản vay trước khi đáo hạn không?,"Có. Bạn có thể trả khoản vay trước khi đáo hạn. Tuy nhiên, các khoản phí sẽ được áp dụng theo Quy chế phí (SOC) hiện hành."
Dịch vụ Chuyển tiền Kiều hối của NUST có tính phí không?,Dịch vụ Chuyển tiền Kiều hối của NUST là miễn phí.
Thị trường mục tiêu của Tài khoản Số Asaan của NUST là gì?,Tài khoản Số Asaan của NUST được thiết kế đặc biệt cho các phân khúc khách hàng không có tài khoản ngân hàng/ít sử dụng ngân hàng. Tài khoản này phù hợp nhất nhưng không giới hạn cho lực lượng lao động có tay nghề/không có tay nghề.
Yêu cầu số dư tối thiểu cho Tài khoản Tiền gửi Đặc biệt của NUST là gì?,Không yêu cầu số dư trung bình tối thiểu hàng tháng. Không yêu cầu số dư mở tài khoản tối thiểu.
Thời gian xử lý hồ sơ là bao lâu?,"Thời gian xử lý hồ sơ Thẻ tín dụng là 10 ngày làm việc kể từ khi tiếp nhận cho đến khi phê duyệt, với điều kiện hồ sơ đầy đủ và kèm theo các tài liệu theo yêu cầu."
Các tính năng chính của Tài khoản Chia sẻ Lợi nhuận và Thua lỗ (PLS) của NUST là gì?,"Được cung cấp bằng nội tệ (PKR) và ngoại tệ (USD, GBP, EUR, JPY & AED). Tiền gửi mở tài khoản là 100 Rs. cho nội tệ, 500 USD hoặc tương đương cho ngoại tệ. Phát hành thẻ ghi nợ đối với tài khoản nội tệ. Cách tính lợi nhuận: Theo số dư trung bình hàng tháng. Tần suất chi trả lợi nhuận: Nửa năm một lần. Tỷ lệ lợi nhuận: 0,19% cho nội tệ, 0,1925% cho Tài khoản Hưu trí PLS."
Các tính năng chính của Tài khoản Kỹ thuật số Roshan là gì?,"Được cung cấp bằng PKR và USD/GBP/EUR. Cảnh báo SMS trên các số đã đăng ký trong nước và quốc tế. Thanh toán hóa đơn & chuyển tiền trong Pakistan thông qua ATM địa phương và ngân hàng internet. Đầu tư vào Chứng chỉ Naya Pakistan, Bất động sản, Biên nhận Tiền gửi có kỳ hạn NUST và Thị trường Chứng khoán. Lưu ý: Không được phép gửi tiền địa phương vào RDA."
Ngân hàng NUST có cung cấp tài khoản nào dành riêng cho phụ nữ không?,"Có! Ngân hàng NUST cung cấp Tài khoản NUST Sahar. Công dân Pakistan là nữ, cá nhân và thường trú có thể mở tài khoản được cung cấp theo Dịch vụ Ngân hàng NUST Sahar."
Tôi có thể mua hợp đồng Bancassurance từ tài khoản của mình được duy trì tại Ngân hàng NUST không?,"Có, mọi khách hàng đủ 18 tuổi và có tài khoản tại Ngân hàng NUST đều đủ điều kiện để mua hợp đồng Bancassurance từ tài khoản của họ."
Phí xử lý cho Đơn đăng ký Tài chính Gạo NUST là bao nhiêu?,"Phí xử lý sẽ được tính @ 0,15% tổng hạn mức đã xử lý/được phê duyệt hoặc 25.000 Rs, tùy theo mức nào cao hơn."
Tôi muốn hỏi về việc mở tài khoản vãng lai cho cá nhân tại Ngân hàng của Quý vị. Xin vui lòng cho tôi biết có những lựa chọn nào?,Tài khoản Vãng lai NUST Value Plus được thiết kế đặc biệt cho cá nhân để đáp ứng các nhu cầu tài chính của họ.
Những tài liệu nào cần thiết để mở Tài khoản Little Champs?,"• Bản sao Giấy khai sinh (Form-B), Giấy khai sinh hoặc Thẻ học sinh (tùy theo trường hợp) của trẻ vị thành niên
• Bản sao của một trong các giấy tờ tùy thân hợp lệ sau đây của người giám hộ:
  1. Thẻ căn cước công dân điện tử (CNIC) do NADRA cấp
  2. Thẻ căn cước cho người Pakistan ở nước ngoài (NICOP) do NADRA cấp
  3. Thẻ gốc Pakistan (POC) do NADRA cấp
  4. Thẻ đăng ký người nước ngoài (ARC) do Cục Đăng ký Người nước ngoài Quốc gia (NARA), Bộ Nội vụ cấp (chỉ dành cho tài khoản nội tệ)
  5. Hộ chiếu có thị thực hợp lệ, hoặc bất kỳ bằng chứng nào khác về việc lưu trú hợp pháp cùng với hộ chiếu (chỉ dành cho cá nhân người nước ngoài)
  6. Nguồn thu nhập của người giám hộ."
Có thể sử dụng dịch vụ Thẻ tín dụng ở khu vực nào của đất nước?,Thẻ tín dụng có thể được sử dụng ở tất cả các thành phố / khu vực mà không có sự phân biệt.
Thời gian xử lý hồ sơ vay vốn là bao lâu?,"Thời gian xử lý để phê duyệt khoản vay là khoảng 11 ngày làm việc, với điều kiện hồ sơ ứng viên phải hoàn tất đầy đủ các tài liệu/thủ tục theo yêu cầu."
Hình thức trả nợ là gì?,"Việc thanh toán Khoản trả góp Hàng tháng (EMI) bao gồm tiền gốc, phí đánh dấu và chi phí bảo hiểm, v.v. sẽ được thực hiện thông qua Ủy quyền Ghi nợ Trực tiếp (DDA) từ tài khoản của người vay được duy trì tại NUST."
Ngân hàng có yêu cầu vốn chủ sở hữu cho chương trình này không?,"Kinh doanh mới: 20% vốn chủ sở hữu. Kinh doanh hiện có: Không yêu cầu vốn chủ sở hữu, khoản đầu tư hiện tại vào doanh nghiệp sẽ được tính là vốn chủ sở hữu."
Có bất kỳ khoản phí thanh lý hợp đồng trước hạn / phí trả trước một phần lớn không?,Không.
Ngân hàng có yêu cầu vốn chủ sở hữu cho chương trình này không?,"Hạng 2: 10% (Doanh nghiệp mới). Hạng 3: 20% (Doanh nghiệp mới). Đối với doanh nghiệp đang hoạt động, không yêu cầu vốn chủ sở hữu."
Vui lòng cho tôi biết về số dư tối thiểu hàng tháng bắt buộc cho tài khoản này?,Không yêu cầu ký quỹ ban đầu. 100.000 Rs/- (Số dư trung bình hàng tháng).
Ngân hàng NUST có tài khoản chuyển tiền chuyên biệt theo hướng dẫn của SBP không?,"Có, NUST có một tài khoản chuyển tiền có tên là Tài khoản Chuyển tiền Pak Wattan."
Sản phẩm này có sẵn ở hai biến thể:,· Tài khoản Tiết kiệm NUST Maximiser · Tiền gửi có kỳ hạn NUST Maximiser
Người Pakistan ở nước ngoài có thể sử dụng dịch vụ Thẻ tín dụng từ NUST không?,"Có. Các cá nhân duy trì tài khoản FC với NUST, chủ tài khoản Chuyển tiền/Roshan Digital, chủ sở hữu Chứng chỉ Naya Pakistan có thể đăng ký Thẻ tín dụng NUST MasterCard trên cơ sở thế chấp. Lưu ý: Dịch vụ chỉ được cung cấp trong trường hợp tài khoản chung FC duy trì với NUST (một người phải cư trú tại Pakistan)."
Loại tài khoản của NAA là gì?,NAA có thể được mở cả trong Tài khoản Vãng lai và Tiết kiệm.
Tiêu chí Đủ điều kiện cho Tài khoản NAA là gì?,Cá nhân người Pakistan cư trú không duy trì/có bất kỳ tài khoản nào khác (cá nhân hoặc chung) tại Ngân hàng NUST Limited đều đủ điều kiện để mở Tài khoản NAA bằng đồng rupee Pakistan dưới dạng tài khoản cá nhân/tài khoản chung.
Độ tuổi tối thiểu để đăng ký Tài chính Thế chấp NUST là bao nhiêu?,"Người hưởng lương: 21 tuổi, Tự kinh doanh/Tự hành nghề: 23 tuổi."
Vui lòng cho tôi biết về các tiện ích miễn phí được cung cấp trên Tài khoản Vãng lai Giá trị Cộng cho Doanh nghiệp khi duy trì số dư trung bình hàng tháng tối thiểu?,Phát hành sổ séc. Sao kê tài khoản bản sao. Phát hành Thẻ ghi nợ (Phí phát sinh/Phí thường niên sẽ theo SOC hiện hành). Tiện ích Ngân hàng trực tuyến. Cảnh báo SMS cho Giao dịch Kỹ thuật số. Sao kê điện tử. Gửi tiền/Rút tiền mặt trực tuyến liên chi nhánh (Trực tuyến). Chuyển khoản nội bộ trong NUST qua chi nhánh (Chuyển khoản trực tuyến). Phát hành Séc của Ngân hàng.
Tôi có thể sử dụng nhiều hơn một xe ô tô thông qua dịch vụ cho vay mua xe không?,"Có. Bạn có thể sử dụng đồng thời hai xe ô tô từ Ngân hàng NUST, tùy thuộc vào Hạn chế về Gánh nặng Nợ."
Mục đích cung cấp Tài chính NUST Imarat là gì?,"AIF 1: Mua lại/Mua bất động sản thương mại/công nghiệp đô thị đã xây dựng/văn phòng và cơ sở thương mại cho hoạt động kinh doanh. AIF 2: Xây dựng trên lô đất thương mại/công nghiệp đô thị thuộc sở hữu tự có. AIF 3: Xây dựng bổ sung trên tòa nhà/trung tâm thương mại công nghiệp/đô thị đã xây dựng trước đó. AIF 4: Cải tạo, nâng cấp bất động sản/trung tâm thương mại/cơ sở kinh doanh thương mại/công nghiệp đô thị thuộc sở hữu tự có."
Vui lòng cho tôi biết về các tiện ích miễn phí được cung cấp trên Tài khoản Vãng lai Giá trị Cộng cho Doanh nghiệp khi duy trì số dư trung bình tối thiểu hàng tháng?,Phát hành sổ séc. Sao kê tài khoản bản sao. Phát hành Thẻ ghi nợ (Phí phát sinh/Phí thường niên sẽ theo Biểu phí hiện hành - SOC). Tiện ích Ngân hàng trực tuyến. Cảnh báo SMS cho Giao dịch Kỹ thuật số. Sao kê điện tử. Gửi tiền mặt/Rút tiền mặt trực tuyến liên chi nhánh (Trực tuyến). Chuyển khoản nội bộ trong NUST qua chi nhánh (Chuyển khoản trực tuyến). Phát hành Séc của Ngân hàng.
Thị trường mục tiêu của Tài khoản Số Asaan của NUST là gì?,Tài khoản Số Asaan của NUST được thiết kế đặc biệt cho các phân khúc khách hàng không có tài khoản ngân hàng/ít sử dụng ngân hàng. Tài khoản này phù hợp nhất nhưng không giới hạn cho lực lượng lao động có tay nghề/không có tay nghề.
Ngân hàng NUST có cung cấp Tài khoản Ngân hàng Kỹ thuật số cho Freelancer không?,"Tài khoản Kỹ thuật số NUST Freelancer được thiết kế dành riêng cho Freelancer, giúp họ có thể nhận thanh toán trực tiếp vào tài khoản ngân hàng và đồng thời tận hưởng các dịch vụ ngân hàng phong cách sống khác."
Làm thế nào để đăng ký Tài khoản Roshan Digital?,"Khách hàng có thể truy cập trang web của Ngân hàng NUST và nhấp vào 'Đăng ký Tài khoản Roshan Digital' để mở tài khoản. Khách hàng sẽ điền vào mẫu đơn mở tài khoản và nộp các tài liệu cần thiết. Yêu cầu mở Tài khoản Roshan Digital của khách hàng sẽ được xử lý trong vòng 48 giờ làm việc. Trong trường hợp có bất kỳ sai sót nào hoặc cần bổ sung thông tin, ngân hàng sẽ liên hệ với khách hàng theo các chi tiết liên lạc đã cung cấp."
Tài khoản Kỹ thuật số Freelancer của NUST có giới hạn Tín dụng và Ghi nợ nào không?,"Các giới hạn Giao dịch sau được áp dụng: Giới hạn Số dư Tín dụng tối đa 5.000 USD hoặc tương đương, Giới hạn Ghi nợ Hàng tháng 5.000 USD hoặc tương đương, Giới hạn Rút tiền Mặt 500.000 PKR hoặc tương đương / mỗi ngày."
Có bao nhiêu Kế hoạch Bảo hiểm Nhân thọ Jubilee có sẵn?,"• Kế hoạch Tiết kiệm và Bảo vệ Trọn đời Jubilee Life - Kế hoạch Bảo vệ Trọn đời và Tiết kiệm
• Kế hoạch Giáo dục Jubilee Life - Kế hoạch Thời hạn Có hạn (Quyền lợi Tiếp tục)
• Kế hoạch Hôn nhân Jubilee Life - Kế hoạch Thời hạn Có hạn (Quyền lợi Tiếp tục)
• Kế hoạch Hưu trí Jubilee Life - Tiết kiệm & Bảo vệ"
Tôi có thể nhận kiều hối tại Pakistan nếu không có tài khoản ngân hàng ở bất kỳ ngân hàng nào không?,Bạn có thể nhận kiều hối từ bất kỳ chi nhánh nào trong số 600+ chi nhánh trong nước của NUST trên toàn quốc nếu bạn có CNIC hợp lệ và Mã số tham chiếu giao dịch duy nhất / Mã pin.
Có độ tuổi tối thiểu nào để được hỗ trợ tài chính tại Chương trình Tài chính Xay xát NUST không?,Độ tuổi của người vay (trong trường hợp doanh nghiệp tư nhân) phải tối thiểu 20 tuổi và không vượt quá 65 tuổi tại thời điểm nộp đơn. Giới hạn tuổi này có thể được nới lỏng trong trường hợp có kế hoạch kế thừa hiệu quả cho hoạt động kinh doanh. Tiêu chí này không áp dụng nếu doanh nghiệp là công ty hợp danh hoặc công ty trách nhiệm hữu hạn.
Yêu cầu số dư mở tài khoản và số dư tối thiểu cho VPCA là gì?,Không yêu cầu số dư khi mở tài khoản. Không yêu cầu số dư trung bình tối thiểu hàng tháng. Phân bổ tủ gửi đồ (khi có sẵn) khi duy trì số dư trung bình tối thiểu hàng tháng là 50.000 Rs.
Điều gì xảy ra nếu tôi không thực hiện được nghĩa vụ thanh toán?,"Trong trường hợp quá hạn/vỡ nợ, bộ phận thu hồi của NUST sẽ liên hệ với bạn, thông tin khoản vay của bạn sẽ được báo cáo cho Cục Tín dụng. Phí thanh toán chậm sẽ được áp dụng theo biểu phí hiện hành. Ngân hàng cũng có thể khởi động các thủ tục pháp lý."
Bản chất của khoản vay được cho phép tại Quỹ Tài chính Hunarmand NUST?,• Khoản vay dài hạn / Khoản vay phát triển • Khoản vay vốn lưu động / Khoản vay sản xuất.
Tỷ lệ lợi nhuận cho Tài khoản Chuyển tiền PakWatan là bao nhiêu?,Thanh toán lợi nhuận: Hàng tháng. Tỷ lệ lợi nhuận: 0.19.
NUST Life Bancassurance Policy là gì?,"NUST Life Bancassurance Policy là sản phẩm bảo hiểm được cung cấp thông qua Ngân hàng NUST, cung cấp bảo hiểm nhân thọ cho cá nhân theo mô hình hợp tác với các nhà cung cấp bảo hiểm."
Tài khoản Chuyển Tiền PakWatan có cho phép ghi có nội địa không?,Tài khoản Chuyển Tiền PakWatan cũng cho phép ghi có nội địa.
Đối tượng mục tiêu của Tài khoản Tiền gửi Thanh toán là gì?,"Cá nhân (đơn lẻ hoặc chung); Hộ kinh doanh cá thể, Chủ doanh nghiệp; Công ty hợp danh; Công ty Trách nhiệm hữu hạn Công cộng và Tư nhân; Tổ chức Chính phủ; Tập đoàn, Câu lạc bộ, Hiệp hội, Tổ chức phi chính phủ (NGO), v.v."
Độ tuổi tối thiểu để đủ điều kiện mở Tài khoản NUST Waqaar & Yêu cầu số tiền gửi tối thiểu là gì?,"Độ tuổi tối thiểu để đủ điều kiện là 55 tuổi. Đối với tài khoản chung, chủ tài khoản chính phải đáp ứng tiêu chí về độ tuổi."
Phí bảo hiểm hàng tháng cho một chiếc xe trị giá 3 triệu Rupees là bao nhiêu?,"Với mức phí bảo hiểm hiện tại là 1,75% mỗi năm, phí hàng tháng sẽ là 4.375 Rupees. Mức phí bảo hiểm một khi đã được ấn định sẽ giữ nguyên trong suốt thời hạn tài trợ."
Tài khoản NUST Sahar thuộc loại tài khoản nào?,"Bộ sản phẩm Tiền gửi NUST Sahar bao gồm các loại sau: 1- Tài khoản Vãng lai NUST Sahar, 2- Tài khoản Tiết kiệm NUST Sahar, 3- Tiền gửi có kỳ hạn NUST Sahar, 4- Tài khoản Vãng lai Dễ dàng NUST Sahar."
Các tính năng chính của tài khoản là gì?,Tài khoản không dựa trên lãi suất; Giao dịch thường xuyên và khả năng tiếp cận quỹ
Ngân hàng NUST có cung cấp tài khoản nào dành riêng cho Phụ nữ không?,"Có! Ngân hàng NUST cung cấp Tài khoản NUST Sahar. Công dân Pakistan là nữ, cư trú cá nhân có thể mở tài khoản được cung cấp theo Ngân hàng NUST Sahar."
Có yêu cầu về thời gian hoạt động tối thiểu của doanh nghiệp không?,Doanh nghiệp hiện hữu phải là doanh nghiệp do phụ nữ làm chủ với thời gian đăng ký kinh doanh tối thiểu 01 năm. Doanh nghiệp mới thành lập: Không yêu cầu.
Có yêu cầu về thời gian hoạt động tối thiểu của doanh nghiệp không?,Doanh nghiệp hiện hữu phải là doanh nghiệp do phụ nữ làm chủ và có thời gian đăng ký kinh doanh tối thiểu 01 năm. Doanh nghiệp mới thành lập: Không yêu cầu.
Thời gian xử lý hồ sơ là bao lâu?,"Thời gian xử lý của Mortgage Finance là 30 ngày kể từ khi đăng nhập cho đến khi được chấp thuận, với điều kiện hồ sơ đầy đủ và kèm theo các tài liệu cần thiết."
Khoản vay có thể được phê duyệt trong bao nhiêu ngày tại Ask Fauri Business Finance?,Thời gian xử lý (TAT) để hoàn tất việc phê duyệt được ấn định là 03 ngày làm việc kể từ ngày hoàn tất hồ sơ tiền phê duyệt.
Ngân hàng NUST có cung cấp Tài khoản Ngân hàng Kỹ thuật số cho Freelancer không?,"Tài khoản Kỹ thuật số NUST Freelancer được thiết kế dành riêng cho Freelancer, giúp họ có thể nhận thanh toán trực tiếp vào tài khoản ngân hàng và đồng thời tận hưởng các dịch vụ ngân hàng phong cách sống khác."
Các tính năng chính của Tài khoản Little Champs là gì?,"• Số tiền gửi ban đầu tối thiểu: 100 Rs
• Tài khoản Tiết kiệm Little Champs
• Miễn phí sổ séc đầu tiên* (Chỉ dành cho Tài khoản Vãng lai)
• Miễn phí thẻ ghi nợ* (áp dụng phí thường niên/phí thay thế)
• Chi trả lợi nhuận: Nửa năm một lần
• Tỷ suất lợi nhuận: 0.19
• Hạn mức chuyển tiền hàng ngày: 100.000 Rs
• Hạn mức rút ATM hàng ngày: 25.000 Rs
• Hạn mức POS hàng ngày: 50.000 Rs"
EFU Life Bancassurance Policy là gì?,"EFU Life Bancassurance Policy là sản phẩm bảo hiểm được cung cấp thông qua Ngân hàng NUST phối hợp với Công ty Bảo hiểm Nhân thọ EFU, mang đến các giải pháp bảo hiểm nhân thọ đa dạng."
Có yêu cầu về độ tuổi kinh doanh không?,Không.
Tài khoản vãng lai NUST Sahar có yêu cầu số dư tối thiểu không?,Không có yêu cầu số dư trung bình tối thiểu để duy trì tài khoản.
Tài khoản Vãng lai Giá trị Cộng (Cá nhân) (VPCA) là gì?,"Tài khoản Vãng lai Giá trị Cộng (VPCA) là sản phẩm tài khoản vãng lai dành cho cá nhân với các tính năng gia tăng giá trị, phù hợp cho nhu cầu ngân hàng cá nhân và mang lại nhiều lợi ích bổ sung cho chủ tài khoản."
Phí định giá/BOQ là gì?,Tính theo thực tế.
Vui lòng cho tôi biết về các tiện ích miễn phí được cung cấp trên Tài khoản Vãng lai Giá trị Cộng cho Doanh nghiệp Cao cấp khi duy trì số dư trung bình hàng tháng tối thiểu?,Phát hành sổ séc. Sao kê tài khoản bản sao. Phát hành Thẻ ghi nợ (Phí phát sinh/Phí thường niên sẽ theo SOC hiện hành). Tiện ích Ngân hàng trực tuyến. Cảnh báo SMS cho Giao dịch Kỹ thuật số. Gửi tiền bằng séc trong ngày & liên tỉnh. Sao kê điện tử. Gửi tiền/Rút tiền mặt trực tuyến liên chi nhánh (Trực tuyến). Chuyển khoản nội bộ trong NUST qua chi nhánh (Chuyển khoản trực tuyến). Phát hành séc của ngân hàng. Phát hành LC/LG miễn phí (được bảo đảm bằng tiền mặt hoặc dựa trên lien tài khoản).
Các tính năng chính của Chính sách Bancassurance của JLI là gì?,"- Bảo vệ Gia đình ngắn hạn và Tiết kiệm Dài hạn
- Số tiền Bảo hiểm Tối thiểu = 18.000, Không giới hạn tối đa
- Thời hạn Bảo hiểm Tối thiểu = 10 Năm
- Các quyền lợi bổ sung cũng có sẵn với chi phí (Quyền lợi bổ sung và bảo hiểm nhân thọ bổ sung)
- Jubilee Life cung cấp các gói kế hoạch khác nhau cho khách hàng theo nhu cầu và yêu cầu của họ."
Có thể gửi kiều hối từ bất kỳ đâu đến Pakistan không?,"Có, kiều hối có thể được gửi từ khắp nơi trên thế giới đến Pakistan thông qua các đối tác đại lý của chúng tôi như Western Union, Mastercard, Dandelion Payments (RIA), v.v. Để biết thêm thông tin, vui lòng truy cập liên kết sau: https://NUSTbank.com/services-home-remittance-our-partners/"
Tôi có thể thực hiện trả trước một phần hoặc tất toán sớm không?,"Có, phương thức trả trước một phần hoặc tất toán sớm có sẵn cho tất cả khách hàng. Phí sẽ được áp dụng theo biểu phí hiện hành của Ngân hàng."
Tài khoản này cung cấp tỷ lệ lợi nhuận là bao nhiêu và khi nào thì được ghi có?,"Thanh toán lợi nhuận hàng tháng dựa trên số dư trung bình hàng tháng. Tỷ lệ lợi nhuận: 0,19%, được ghi có hàng tháng."
Tần suất trả nợ tại Quỹ Tài chính NUST Hunarmand là gì?,Khoản vay AHF sẽ được hoàn trả dưới hình thức trả góp hàng tháng hoặc hàng quý (hoặc theo chỉ đạo của Ngân hàng Nhà nước Pakistan - SBP).
Có độ tuổi tối thiểu để được hỗ trợ tài chính tại NUST Rice Finance không?,"Tối thiểu 20 tuổi (trong trường hợp doanh nghiệp tư nhân), tối đa 65 tuổi tại thời điểm nộp đơn. Tiêu chí này không áp dụng nếu doanh nghiệp là công ty hợp danh hoặc công ty trách nhiệm hữu hạn. Độ tuổi này có thể được linh hoạt trong trường hợp có kế hoạch kế thừa hiệu quả."
Tài khoản Số Kỹ thuật NUST Asaan thuộc loại nào? Là Tài khoản Vãng lai hay Tài khoản Tiết kiệm?,Tài khoản Số Kỹ thuật NUST Asaan là Tài khoản Vãng lai bằng đồng tiền PKR.
Làm thế nào để tôi có thể nhận được Giấy chứng nhận thực hiện giao dịch (PRC)/Giấy chứng nhận thanh toán đối với các khoản kiều hối đã nhận? Tôi nên liên hệ với ai?,Tùy chọn e-PRC cũng có sẵn trên trang web của NUST https://secureportal.NUSTbank.com/eprc/customer để nhận PRC do hệ thống tạo ra trên địa chỉ email đã đăng ký của bạn. Giấy chứng nhận thực hiện giao dịch (PRC) được cấp từ Bộ phận Kiều hối Tập trung của NUST. Bạn có thể liên hệ với họ qua remittance.prc@NUSTbank.com.pk
Phí xử lý cho Đơn xin Tài chính của NUST Sahar là bao nhiêu?,Lên đến 0.70 triệu Rupee: 2000 Rupee (Không hoàn lại). Trên 0.70 triệu và lên đến 5 triệu Rupee: 3000 Rupee (Không hoàn lại).
Các kế hoạch bảo hiểm EFU này có những tính năng chính nào?,"- Thời gian xem xét miễn phí 14 ngày bắt đầu từ ngày khách hàng nhận được Tài liệu Chính sách.
- Hệ thống tăng trưởng Liên kết đơn vị (EFU phân bổ các đơn vị quỹ tương hỗ cho khách hàng, sự tăng trưởng của chính sách phụ thuộc vào mức tăng trưởng tỷ giá đơn vị giống như thị trường chứng khoán).
- Ngân hàng NUST chỉ đóng vai trò là Đại lý Kinh doanh Doanh nghiệp. Đây là một kế hoạch bảo hiểm, không được coi là bất kỳ Tài khoản hoặc Tiền gửi kỳ hạn nào có Lợi nhuận Cố định hàng năm.
- Trong trường hợp chấm dứt sớm, chỉ Giá trị Tiền mặt của chính sách sẽ được thanh toán cho khách hàng (tỷ giá thị trường hiện tại của các đơn vị quỹ tương hỗ sẽ được hoàn trả).
- Việc hủy bỏ chính sách và tùy chọn hoàn tiền đầy đủ có sẵn nếu tài liệu chính sách được trả lại trong Thời gian Xem xét Miễn phí, tức là trong vòng 14 ngày kể từ khi nhận được tài liệu.
- Giá trị Tiền mặt của chính sách có thể khác với lợi nhuận dự kiến được cung cấp trong tài liệu minh họa (tài liệu minh họa chỉ mang tính chất tham khảo)."
Phí xử lý cho PMYB & ALS là bao nhiêu?,100 Rs
Phí bảo hiểm là bao nhiêu?,Tính theo thực tế.
Phí bảo hiểm là bao nhiêu?,Tính theo thực tế.
Có danh sách chi nhánh nào tôi có thể truy cập để lấy thông tin không?,Danh sách các chi nhánh trong nước của NUST có thể được xem từ công cụ Định vị Chi nhánh có trên trang web doanh nghiệp của chúng tôi www.nustbank.com. https://NUSTbank.com/find-us/
Ai đủ điều kiện mở tài khoản này?,"Đối tượng đủ điều kiện mở Tài khoản Số Asaan của NUST bao gồm: Lực lượng lao động có kỹ năng/không có kỹ năng, Người ít học/không biết chữ, Nông dân, Công nhân/Lao động theo ngày, Phụ nữ/Nội trợ, Cá nhân tự kinh doanh và Thanh niên."
Thời hạn tài trợ tối thiểu và tối đa là bao lâu?,Tối thiểu 01 năm. Tối đa 04 năm (lên đến 7 năm đối với Khoản vay Giáo dục) hoặc theo Quy định ưu tiên hiện hành của Ngân hàng Nhà nước Pakistan (SBP PRs).
Các tiện ích miễn phí đi kèm với Tài khoản Kỹ thuật số Roshan là gì?,Phát hành thẻ ghi nợ miễn phí lần đầu (phí thường niên theo SOC hiện hành). Ngân hàng trực tuyến I-Net miễn phí. Bản sao kê điện tử miễn phí.
Thời hạn tài trợ là bao lâu?,Thẻ tín dụng NUST là một tiện ích thường trực và có thể gia hạn sau khi thẻ tín dụng hết hạn.
Phí xử lý cho Đơn xin Tài chính của NUST Sahar là bao nhiêu?,Lên đến 0.70 triệu Rupee: 2000 Rupee (Không hoàn lại). Trên 0.70 triệu và lên đến 5 triệu Rupee: 3000 Rupee (Không hoàn lại).
Phí bảo hiểm là bao nhiêu?,Tính theo thực tế.
Tôi sẽ nhận được cập nhật về Đơn đăng ký Vay Mua Nhà như thế nào?,"Đội ngũ nhân viên Kinh doanh/ Tiếp tân của chúng tôi rất hỗ trợ và luôn sẵn sàng phục vụ quý khách. Quý khách có thể đến trực tiếp, gọi điện hoặc gửi email đến (các) Trung tâm Dịch vụ Khách hàng của chúng tôi. Địa chỉ email: CustomerServices@nustbank.com.pk."
Các tiện ích miễn phí được cung cấp cùng với Tài khoản Vãng lai NUST Value Plus là gì?,Sổ Séc (không giới hạn). Thẻ Ghi nợ (Chiếc đầu tiên miễn phí). 2 Thẻ Ghi nợ bổ sung. Sao kê Tài khoản trùng lặp. Tiện ích Chuyển tiền Trực tuyến. Tiện ích cảnh báo SMS miễn phí cho Giao dịch Kỹ thuật số. Sao kê Điện tử & Ngân hàng Trực tuyến miễn phí. Gửi/Rút tiền mặt Trực tuyến Liên chi nhánh miễn phí (Chuyển khoản Trực tuyến). Chuyển khoản Nội bộ miễn phí trong NUST qua chi nhánh (Chuyển khoản Trực tuyến). Phát hành Séc Ngân hàng miễn phí.
Ngân hàng NUST cung cấp những loại sản phẩm Chuyển tiền trong nước nào?,"NUST cung cấp các Sản phẩm Chuyển tiền sau đây để đáp ứng nhu cầu của nhiều đối tượng thụ hưởng chuyển tiền trong nước tại Pakistan:
• Thanh toán Tiền mặt tại quầy (CoC) cho khách hàng vãng lai
• Chuyển khoản Tài khoản NUST
• Chuyển khoản Tài khoản Ngân hàng Khác thông qua Chuyển tiền Liên ngân hàng (IBFT) & Thanh toán bù trừ gộp thời gian thực (RTGS)"
Có độ tuổi tối thiểu nào để được hỗ trợ tài chính tại NUST Rice Finance không?,"Tối thiểu 20 tuổi (trong trường hợp doanh nghiệp tư nhân), tối đa 65 tuổi tại thời điểm nộp đơn. Tiêu chí này không áp dụng nếu doanh nghiệp là công ty hợp danh hoặc công ty trách nhiệm hữu hạn. Độ tuổi này có thể được linh hoạt trong trường hợp có kế hoạch kế thừa hiệu quả."
Ngân hàng NUST có đang cung cấp sản phẩm tài chính nào liên quan đến các giải pháp năng lượng tái tạo/thay thế không?,"Ngân hàng NUST đã xây dựng một sản phẩm tài chính mới với tên gọi 'Tài chính NUST Ujala' theo chương trình tái cấp vốn của Ngân hàng Nhà nước Pakistan (SBP), trong phạm vi cho doanh nghiệp vừa và nhỏ (SME). Chương trình Sản phẩm được phát triển để cung cấp tài chính cho việc lắp đặt thiết bị năng lượng mặt trời như một nguồn năng lượng thay thế."
Các khoản phí áp dụng cho Chương trình Tài chính Hunarmand của NUST là gì?,Áp dụng theo quy định của PMYB & ALS.
Ai có thể đăng ký Tài chính Cá nhân NUST?,"1. Sĩ quan Lực lượng Vũ trang: Nhân viên đang tại ngũ, nhân viên đã nghỉ hưu. 2. Hạ sĩ quan/Cấp bậc tương đương & Thấp hơn: Nhân viên đang tại ngũ, nhân viên đã nghỉ hưu. 3. Lực lượng Vũ trang Đồng minh (SPD & các đơn vị liên kết) và Dân sự (tại GHQ/NHQ & AHQ): Nhân viên đang làm việc (Nhân viên Biên chế & Hợp đồng). 4. Tập đoàn Fauji Foundation: Nhân viên biên chế, nhân viên hợp đồng. 5. Cá nhân hưởng lương: Nhân viên biên chế, nhân viên hợp đồng. 6. Cơ quan Chính phủ/Bán Chính phủ/Tự chủ: Nhân viên biên chế, nhân viên hợp đồng, nhân viên đã nghỉ hưu. 7. Nhân viên NUST (được quản lý theo Chính sách Nhân sự)."
Thuế Zakat và WHT có áp dụng cho Tài khoản Roshan Digital không?,Thuế Zakat và WHT trên lợi nhuận không áp dụng cho tài khoản RDA.
Tài khoản Chuyển Tiền Kỹ Thuật Số NUST Asaan có giới hạn giao dịch nào không?,"Có, các giới hạn giao dịch sau áp dụng cho Tài khoản Chuyển Tiền Kỹ Thuật Số NUST Asaan: Hạn mức Số dư Có tối đa là 3.000.000 PKR, Hạn mức Rút Tiền Mặt là 500.000 PKR mỗi ngày, Hạn mức Chuyển Khoản là 500.000 PKR mỗi ngày và Hạn mức Tín Dụng Nội Địa là 1.000.000 PKR mỗi ngày."
Vui lòng cho tôi biết về các tiện ích miễn phí được cung cấp trên Tài khoản Vãng lai Giá trị Cộng cho Doanh nghiệp khi duy trì số dư trung bình hàng tháng tối thiểu?,Phát hành sổ séc. Sao kê tài khoản bản sao. Phát hành Thẻ ghi nợ (Phí phát sinh/Phí thường niên sẽ theo Biểu phí hiện hành - SOC). Tiện ích Ngân hàng trực tuyến. Cảnh báo SMS cho Giao dịch Kỹ thuật số. Sao kê điện tử. Gửi tiền mặt/Rút tiền mặt trực tuyến liên chi nhánh (Trực tuyến). Chuyển khoản nội bộ trong NUST qua chi nhánh (Chuyển khoản trực tuyến). Phát hành Séc của Ngân hàng.
Có độ tuổi tối thiểu nào để được hỗ trợ tài chính tại Chương trình Tài chính Xay xát NUST không?,"Tuổi của người vay (trong trường hợp doanh nghiệp tư nhân) phải tối thiểu 20 tuổi, tuy nhiên không được vượt quá 65 tuổi tại thời điểm nộp đơn. Độ tuổi này có thể được linh hoạt trong trường hợp có kế hoạch kế thừa hiệu quả cho hoạt động kinh doanh. Tiêu chí này không áp dụng nếu doanh nghiệp là công ty hợp danh hoặc công ty trách nhiệm hữu hạn."
Tài khoản Số Kỹ thuật NUST Asaan thuộc loại nào? Là Tài khoản Vãng lai hay Tài khoản Tiết kiệm?,Tài khoản Số Kỹ thuật NUST Asaan là Tài khoản Vãng lai bằng đồng tiền PKR.
Tài khoản NUST Sahar là gì?,Tài khoản NUST Sahar là các tài khoản được thiết kế đặc biệt để cung cấp các lợi ích và dịch vụ cho khách hàng đang tìm kiếm các giải pháp ngân hàng linh hoạt dưới hình thức tài khoản tiết kiệm và tài khoản vãng lai.
Tần suất trả nợ gốc trong Ask Fauri Business Finance là gì?,"AFBF-1: Khi đáo hạn, AFBF-2: Hàng tháng / Hàng quý, AFBF-3: Khi hết hạn / mua lại, AFBF-4: Khi nghỉ hưu."
Phí xử lý cho Đơn đăng ký Tài chính Gạo NUST là bao nhiêu?,"Phí xử lý sẽ được tính @ 0,15% trên tổng hạn mức đã xử lý/được phê duyệt hoặc 25.000 Rs, tùy theo mức nào cao hơn."
Lợi ích của Dịch vụ Tài chính Ô tô Ngân hàng NUST là gì?,"• Tỷ lệ Mark Up (lãi suất) Thả nổi & Cố định cạnh tranh. • Tùy chọn thanh toán một phần để giảm khoản trả góp hàng tháng. • Tỷ lệ bảo hiểm hấp dẫn ở mức 1,75% mỗi năm. • Xử lý nhanh chóng & Tối thiểu hồ sơ thủ tục. • Miễn phí thiết bị định vị & Lắp đặt. • Không có phí ẩn. • Bảo hiểm Tử vong do Tai nạn miễn phí lên đến 1.000.000 Rs."
Tiêu chí thu nhập tối thiểu hàng tháng là gì?,"Cơ quan Chính phủ / Bán Chính phủ / Tự chủ, v.v.: Thường trú: 35.000 Rs/- Hợp đồng: 45.000 Rs/-; Công ty được phê duyệt: Thường trú: 40.000 Rs/- Hợp đồng: 60.000 Rs/-; Không được phê duyệt (Tài khoản lương tại NUST): 70.000 Rs/- Hợp đồng: 80.000 Rs/-."
Phí phạt rút tiền trước hạn đối với Tiền gửi có kỳ hạn NUST Sahar là gì?,"Việc rút tiền Tiền gửi có kỳ hạn NUST Sahar trước ngày đáo hạn sẽ chịu phí phạt rút trước hạn như sau: Số tiền gốc x 1,5% mỗi năm tính trên thời gian còn lại của Tiền gửi có kỳ hạn. Mức phí tối thiểu là 1,5% số tiền gốc. Số tiền phạt sẽ chỉ trong phạm vi lợi nhuận đã trả/ có thể trả."
Ngân hàng có chịu trách nhiệm cho bất kỳ loại tranh chấp nào liên quan đến Bảo hành/Lỗi xe/Vấn đề dịch vụ với Đại lý hoặc Nhà sản xuất xe không?,Không. Ngân hàng không chịu trách nhiệm này. Khách hàng sẽ tự liên hệ trực tiếp với đại lý hoặc nhà sản xuất để giải quyết vấn đề.
Tôi có thể sử dụng dịch vụ vay mua ô tô nếu không phải là Người làm công ăn lương/Doanh nhân/Chuyên gia không?,"Có thể. Cá nhân có kiều hối, được hỗ trợ bởi sao kê ngân hàng và biên lai chuyển tiền có thể sử dụng dịch vụ vay mua ô tô."
Tôi có thể gộp thu nhập của Người vay cùng không?,Có. Việc gộp thu nhập của Người vay cùng có thể được chấp nhận trong trường hợp là vợ/chồng/con cái/cha mẹ/con gái chưa lập gia đình/anh chị em ruột.
Giờ làm việc ngân hàng của NUST để sử dụng dịch vụ chuyển tiền kiều hối tại các Chi nhánh NUST là khi nào?,"Khách hàng có thể sử dụng dịch vụ chuyển tiền kiều hối tại các chi nhánh nội địa của NUST trong giờ làm việc thông thường:
• Thứ Hai đến Thứ Năm: 09:00 sáng đến 05:00 chiều
• Thứ Sáu: 09:00 sáng đến 05:30 chiều
• Thứ Bảy: 09:00 sáng đến 01:30 chiều (thông qua các chi nhánh được chọn)"
Tần suất trả nợ gốc trong Ask Fauri Business Finance là gì?,"AFBF-1: Khi đáo hạn, AFBF-2: Hàng tháng / Hàng quý, AFBF-3: Khi hết hạn / mua lại, AFBF-4: Khi nghỉ hưu."
Ngân hàng NUST có cung cấp bất kỳ tài khoản nào dành riêng cho Phụ nữ không?,"Có! Ngân hàng NUST cung cấp Tài khoản NUST Sahar. Công dân Pakistan là nữ, cá nhân và thường trú có thể mở tài khoản được cung cấp theo Dịch vụ Ngân hàng NUST Sahar."
Ngân hàng NUST có tài khoản chuyển tiền chuyên biệt theo hướng dẫn của SBP không?,"Có, NUST có một tài khoản chuyển tiền có tên là Tài khoản Chuyển tiền Pak Wattan."
Tài khoản Doanh nghiệp Value Plus (VP-BA) là gì?,Tài khoản Doanh nghiệp Value Plus (VP-BA) là một tài khoản doanh nghiệp cung cấp một loạt lợi ích và giải pháp được thiết kế riêng để các doanh nghiệp quản lý giao dịch tài chính của họ một cách hiệu quả.
Tôi nhận được những lợi ích nào khác khi sử dụng VPBA?,Xử lý Tài trợ nhanh chóng. Giải pháp Xử lý Lương & Quản lý Tiền mặt được Tùy chỉnh (ACMS). Bảo hiểm Rút Tiền Mặt ATM.
Ngân hàng NUST có cung cấp bất kỳ hình thức tài trợ nào đặc biệt cho các doanh nghiệp vừa và nhỏ do phụ nữ làm chủ không?,Sản phẩm 'Tài trợ NUST Sahar' được xây dựng dựa trên Chương trình Tái cấp vốn và Bảo lãnh Tín dụng cho Doanh nhân Nữ. Mục tiêu của sản phẩm này là cung cấp các cơ sở tài chính cho các doanh nghiệp do phụ nữ làm chủ để đáp ứng nhu cầu tín dụng cho hoạt động kinh doanh của họ.
NUST4Car – Cơ sở Tài chính Ô tô của Ngân hàng NUST là gì?,"NUST4Car là một cơ sở tài chính ô tô do Ngân hàng NUST cung cấp, hỗ trợ các cá nhân tài trợ cho việc mua xe ô tô thông qua các kế hoạch trả góp dễ dàng và lãi suất cạnh tranh."
Các khoản phí dịch vụ/tài liệu/pháp lý trong Tài chính Xay xát Bột mì NUST là bao nhiêu?,Theo thực tế.
Có phí thanh toán trễ không?,"Trong trường hợp chậm thanh toán khoản trả góp, lãi suất thương mại sẽ được tính trên số ngày quá hạn."
Tài khoản vãng lai NUST Sahar có yêu cầu số dư tối thiểu không?,Không có yêu cầu số dư trung bình tối thiểu để duy trì tài khoản.
Thời hạn tài trợ là bao lâu?,Thẻ tín dụng NUST là một tiện ích thường trực và có thể gia hạn sau khi thẻ tín dụng hết hạn.
Phí xử lý cho Đơn xin Tài chính Nhà máy Bột mì NUST là bao nhiêu?,"Phí xử lý sẽ được tính @ 0,15% tổng hạn mức đã xử lý/được phê duyệt hoặc 25.000 Rs, tùy theo mức nào cao hơn."
Tài khoản NUST Asaan (NAA) là gì?,"Tài khoản NUST Asaan (NAA) là một tài khoản ngân hàng dễ dàng và thuận tiện để mở, được thiết kế để đáp ứng nhu cầu ngân hàng hàng ngày, mang lại trải nghiệm không phiền phức."
Tài khoản Kỹ thuật số Freelancer của NUST có giới hạn Tín dụng và Ghi nợ nào không?,"Các giới hạn Giao dịch sau được áp dụng:
Giới hạn Số dư Tín dụng Tối đa: 5.000 USD hoặc giá trị tương đương
Giới hạn Ghi nợ Hàng tháng: 5.000 USD hoặc giá trị tương đương
Giới hạn Rút tiền Mặt: 500.000 PKR hoặc giá trị tương đương mỗi ngày"
Phí bảo hiểm là bao nhiêu?,Tính theo thực tế.
Công suất cho phép theo Tài chính NUST Ujala?,"i. Doanh nghiệp: Doanh nghiệp siêu nhỏ (SE) từ 10 KW đến 200KW, Doanh nghiệp nhỏ (ME) từ 30 KW đến 500KW. ii. Người vay trong nước: từ 5 KW đến 30KW. iii. Nhân viên NUST: tối đa 30 KW. iv. Nhà cung cấp/Nhà bán: từ 30 KW đến 500KW."
Tài khoản Little Champs là gì?,Tài khoản Little Champs là sản phẩm được thiết kế đặc biệt cho trẻ vị thành niên (cá nhân dưới 18 tuổi). Trẻ em cần sự hỗ trợ của người giám hộ hợp pháp/cha mẹ để mở tài khoản này và sử dụng các tiện ích của nó.
Các tính năng chính của Tài khoản Vãng lai NUST Sahar Asaan là gì?,"Mở tài khoản đơn giản với mẫu đơn mở tài khoản một trang và CNIC, Phát hành sổ séc, Phát hành thẻ ghi nợ PayPak miễn phí."
Các khoản phí dịch vụ/tài liệu/pháp lý tại NUST Sahar Finance là bao nhiêu?,Theo thực tế.
Người nộp đơn có thể vay tín dụng sạch tại Tài chính NUST Sahar không?,Có thể vay tối đa 0.70 triệu Rupee với điều kiện có bảo lãnh cá nhân và bảo lãnh của bên thứ ba.
Có giới hạn nào về số tiền nhận được thông qua Dịch vụ Chuyển tiền về Nhà của NUST không?,"Dưới đây là các giới hạn áp dụng:
• Tài khoản NUST - Không giới hạn
• Tài khoản ngân hàng khác - Không giới hạn
• Giao dịch Rút tiền mặt tại quầy (CoC) - Tối đa 1.000.000 PKR/- mỗi giao dịch và không giới hạn số lượng giao dịch Western Union COC"
Yêu cầu tiền gửi ban đầu của Tài khoản Vãng lai NUST Sahar Asaan là gì?,Chỉ 100 Rs.
Tiêu chí thu nhập tối thiểu hàng tháng là gì?,"Người hưởng lương: Cố định 50.000 Rs/-, Hợp đồng 60.000 Rs/-, Nhân viên Chính phủ Hợp đồng 75.000 Rs/-; Lực lượng Vũ trang: 25.000 Rs/-."
Có danh sách chi nhánh nào tôi có thể truy cập để lấy thông tin không?,Danh sách các chi nhánh trong nước của NUST có thể được xem từ công cụ Định vị Chi nhánh có trên trang web doanh nghiệp của chúng tôi www.nustbank.com. https://NUSTbank.com/find-us/
Các khoản phí dịch vụ/tài liệu/pháp lý tại NUST Sahar Finance là bao nhiêu?,Theo thực tế.
Thời gian xử lý hồ sơ vay vốn là bao lâu?,"Thời gian xử lý để phê duyệt khoản vay là khoảng 11 ngày làm việc, tùy thuộc vào việc hồ sơ đầy đủ với các tài liệu/ thủ tục theo yêu cầu."
Các khoản phí dịch vụ/tài liệu/pháp lý tại NUST Imarat Finance là bao nhiêu?,Theo thực tế.
Ai có thể đăng ký Tài chính Cá nhân NUST?,"1. Sĩ quan Lực lượng Vũ trang: Nhân viên đang tại ngũ, nhân viên đã nghỉ hưu. 2. Hạ sĩ quan/Cấp bậc tương đương & Thấp hơn: Nhân viên đang tại ngũ, nhân viên đã nghỉ hưu. 3. Lực lượng Vũ trang Đồng minh (SPD & các đơn vị liên kết) và Dân sự (tại GHQ/NHQ & AHQ): Nhân viên đang làm việc (Nhân viên Biên chế & Hợp đồng). 4. Tập đoàn Fauji Foundation: Nhân viên biên chế, nhân viên hợp đồng. 5. Cá nhân hưởng lương: Nhân viên biên chế, nhân viên hợp đồng. 6. Cơ quan Chính phủ / Bán Chính phủ / Tự chủ: Nhân viên biên chế, nhân viên hợp đồng, nhân viên đã nghỉ hưu. 7. Nhân viên NUST (được quản lý theo Chính sách Nhân sự)."
Phí bảo hiểm hàng tháng cho một chiếc xe trị giá 3 triệu Rupees là bao nhiêu?,"Với mức phí bảo hiểm hiện tại là 1,75% mỗi năm, phí hàng tháng sẽ là 4.375 Rupees. Mức phí bảo hiểm một khi đã được ấn định sẽ giữ nguyên trong suốt thời hạn tài trợ."
Tôi có thể vay nhiều hơn một khoản vay mua nhà không?,Có. Một người có thể vay hai Khoản vay Thế chấp cùng một lúc từ Ngân hàng NUST trong tỷ lệ Nợ trên Thu nhập (DBR) theo quy định hiện hành của SBP về Tài chính Nhà ở.
Các tính năng cơ bản của Tài khoản NUST Asaan là gì?,"Một số tính năng chính của Tài khoản NUST Asaan bao gồm: Bảng sao kê tài khoản nửa năm, Không tính phí dịch vụ mở & đóng tài khoản, Phát hành thẻ ghi nợ PayPak miễn phí (có thể phát sinh phí sau đó), Cảnh báo SMS miễn phí cho giao dịch kỹ thuật số, Bảng sao kê điện tử miễn phí, Dịch vụ ngân hàng trực tuyến/ngân hàng di động (I-Net/Mobile Banking) miễn phí, Rút tiền mặt/Gửi tiền trực tuyến liên chi nhánh miễn phí, Chuyển khoản nội bộ miễn phí trong hệ thống NUST và giới hạn giao dịch là 1.000.000 Rs cho tổng tiền ghi có và ghi nợ mỗi tháng."
Thị trường mục tiêu là gì?,"Cá nhân (đơn lẻ hoặc chung). Hộ kinh doanh cá thể. Công ty hợp danh. Công ty trách nhiệm hữu hạn đại chúng và tư nhân. Tổ chức chính phủ, tập đoàn. Câu lạc bộ, hội, hiệp hội. Tổ chức phi chính phủ (NGO)/Tổ chức phi lợi nhuận (NPO)/Tổ chức từ thiện."
Loại Tài khoản của NUST Freelancer Digital Account là gì? Là Tài khoản Vãng lai hay Tiết kiệm?,"NUST Freelancer Digital Account cung cấp Tài khoản Vãng lai bằng PKR & FCY (USD, GBP, EUR, AED)."
Có phí thanh toán trễ không?,"1.000 Rs./kỳ. Trong trường hợp trả trễ, lãi suất thương mại sẽ được áp dụng trên số tiền gốc còn nợ."
Công suất cho phép theo Tài chính NUST Ujala?,"i. Doanh nghiệp: Doanh nghiệp siêu nhỏ (SE) từ 10 KW đến 200KW, Doanh nghiệp nhỏ (ME) từ 30 KW đến 500KW. ii. Người vay cá nhân: từ 5 KW đến 30KW. iii. Nhân viên NUST: tối đa 30 KW. iv. Nhà cung cấp/Nhà bán: từ 30 KW đến 500KW."
Tôi sẽ nhận được cập nhật về Đơn đăng ký Vay Mua Nhà như thế nào?,Đội ngũ nhân viên Kinh doanh/ Tiếp thị của chúng tôi rất hỗ trợ và luôn sẵn sàng phục vụ quý khách. Quý khách cũng có thể đến thăm/gọi điện hoặc gửi email đến (các) trung tâm Dịch vụ Khách hàng của chúng tôi. Địa chỉ email: CustomerServices@nustbank.com.pk.
NUST Home Remittance là gì?,"NUST Home Remittance là một dịch vụ do Ngân hàng NUST cung cấp, cho phép cá nhân gửi và nhận kiều hối từ nước ngoài, mang lại một phương thức an toàn và thuận tiện thông qua các kênh ngân hàng."
Có hạn ngạch nào dành cho phụ nữ không?,25% khoản vay sẽ dành cho các con nợ là nữ giới.
Phí xử lý hồ sơ là bao nhiêu?,Phí xử lý sẽ được tính theo Biểu phí hiện hành của Ngân hàng (SOC).
Có hạn ngạch nào dành cho phụ nữ không?,25% khoản vay sẽ dành cho các nữ con vay.
Có giới hạn nào đối với chi tiêu quốc tế không?,"Theo chỉ thị của Ngân hàng Nhà nước (SBP) có hiệu lực từ ngày 1 tháng 11 năm 2022, giới hạn tối đa hàng năm trên toàn ngành là 30.000 USD/người đối với các giao dịch xuyên biên giới qua thẻ (thẻ ghi nợ/thẻ tín dụng và thẻ ảo). Trách nhiệm chính thuộc về khách hàng để đảm bảo rằng giới hạn hàng năm của mình không bị vượt quá bất cứ lúc nào. Để tránh bất kỳ sự bất tiện nào, Quý khách được đề nghị vui lòng hạn chế chi tiêu quốc tế trong giới hạn đã quy định. Các khoản thanh toán thương mại xuyên biên giới qua thẻ phát hành cho cá nhân là không được phép. Lưu ý: Ngân hàng NUST có quyền từ chối bất kỳ đơn đăng ký nào theo tiêu chí của Ngân hàng."
NUST cung cấp những loại sản phẩm Tài chính Nhà ở nào?,"Mua Nhà/ Căn hộ/ Chung cư/ Đơn vị Nhà ở, Mua Lô đất (+) cộng với Xây dựng, Xây dựng Nhà/ Đơn vị Nhà ở trên lô đất ở đã sở hữu, Cải tạo Nhà/ Căn hộ/ Chung cư/ Đơn vị Nhà ở, Mở rộng/ Cải thiện, Dịch vụ Chuyển nhượng Số dư (BTF) đối với khoản tài chính hiện có của người vay từ các ngân hàng/Tổ chức Tài chính Phát triển (DFIs) khác. Lưu ý: Tài chính nhà ở sẽ không được cho phép chỉ để mua đất/ lô đất."
Có hạn ngạch nào dành cho phụ nữ không?,25% khoản vay sẽ dành cho các nữ doanh nhân.
Tài sản đảm bảo cho khoản vay là gì?,Xe ô tô được tài trợ sẽ là tài sản đảm bảo cho khoản vay và sẽ được thế chấp cho Ngân hàng NUST.
Có độ tuổi tối thiểu nào để được nhận tài trợ trong PMYB & ALS và có yêu cầu trình độ/kinh nghiệm bắt buộc nào không?,"Tất cả công dân Pakistan từ 21 đến 45 tuổi đều đủ điều kiện nộp đơn, tuy nhiên đối với các doanh nghiệp liên quan đến CNTT/Thương mại điện tử, độ tuổi tối thiểu sẽ là 18 tuổi (yêu cầu ít nhất phải tốt nghiệp trung học cơ sở hoặc có trình độ học vấn tương đương)."
Ai có thể mở Tài khoản Roshan Digital?,"Người Pakistan không cư trú (NRP), Thành viên OPF, Người nước ngoài có Thẻ gốc Pakistan (POC), Công dân Pakistan đã khai báo tài sản ở nước ngoài, Nhân viên & Quan chức Chính phủ đang công tác ở nước ngoài."
Điều gì xảy ra nếu tôi không thực hiện được nghĩa vụ thanh toán?,"Trong trường hợp quá hạn/vỡ nợ, bộ phận thu hồi của NUST sẽ liên hệ với bạn, thông tin khoản vay của bạn sẽ được báo cáo cho Cục Tín dụng. Phí thanh toán chậm sẽ được áp dụng theo biểu phí hiện hành. Ngân hàng cũng có thể khởi kiện pháp lý."
Vui lòng cho tôi biết về số dư tối thiểu hàng tháng được yêu cầu?,Không yêu cầu tiền gửi ban đầu. 25.000 Rs/- (Số dư trung bình hàng tháng).
Các tiện ích miễn phí được cung cấp với Tài khoản Vãng lai NUST Value Plus là gì?,Sổ Séc (không giới hạn). Thẻ Ghi nợ (Chiếc đầu tiên miễn phí). 2 Thẻ Ghi nợ bổ sung. Sao kê Tài khoản trùng lặp. Tiện ích Chuyển tiền Trực tuyến. Tiện ích cảnh báo SMS miễn phí cho Giao dịch Kỹ thuật số. Sao kê Điện tử & Ngân hàng Trực tuyến miễn phí. Gửi/Rút tiền mặt Trực tuyến Liên chi nhánh miễn phí (Chuyển khoản Trực tuyến). Chuyển khoản Nội bộ miễn phí trong NUST qua chi nhánh (Chuyển khoản Trực tuyến). Phát hành Séc Ngân hàng miễn phí.
Lãi suất cho Tài khoản Tiết kiệm NUST Maximiser là bao nhiêu?,"Chi trả lợi nhuận: Hàng tháng. Lãi suất: 0,19."
Tỷ lệ lợi nhuận cho tiền gửi có kỳ hạn bằng ngoại tệ là bao nhiêu?,"Tỷ lệ Lợi nhuận cho USD: 0,0025, GBP: 0,0025, EUR: 0."
Tài sản đảm bảo cho khoản vay là gì?,Xe được tài trợ sẽ là tài sản đảm bảo cho khoản vay và sẽ được thế chấp cho Ngân hàng NUST.
Tôi có thể gộp thu nhập của Người vay cùng không?,Có. Việc gộp thu nhập của Người vay cùng có thể được chấp nhận trong trường hợp là vợ/chồng/con cái/cha mẹ/con gái chưa lập gia đình/anh chị em ruột.
Các dịch vụ miễn phí được cung cấp trên Tài khoản Vãng lai NUST Sahar Asaan là gì?,"Gửi/Rút tiền mặt trực tuyến miễn phí giữa các chi nhánh (Trực tuyến), Chuyển khoản nội bộ miễn phí trong NUST qua chi nhánh (Chuyển khoản trực tuyến), Phát hành Séc ngân hàng miễn phí, Ngân hàng trực tuyến I-Net miễn phí, Bản sao kê điện tử miễn phí, Cảnh báo SMS miễn phí cho các giao dịch kỹ thuật số."
Phí xử lý cho NUST Mortgage Finance là bao nhiêu?,Phí xử lý sẽ theo Biểu phí hiện hành của Ngân hàng (SOC).
Ai có thể đăng ký Tài chính NUST Ujala?,1. Tài trợ SE/ME 2. Tài trợ cho Nhà cung cấp/Nhà phân phối 3. Tài trợ cho Nhân viên NUST 4. Tài trợ cho Ứng viên trong nước (dành riêng cho nhân viên thuộc khu vực doanh nghiệp/chính phủ)
Thời hạn tài trợ là bao lâu?,Thời hạn vay tối thiểu là 3 năm và tối đa là 25 năm.
Phí xử lý cho Đơn xin Tài chính của NUST Sahar là bao nhiêu?,Lên đến 0.70 triệu Rupee: 2000 Rupee (Không hoàn lại). Trên 0.70 triệu và lên đến 5 triệu Rupee: 3000 Rupee (Không hoàn lại).
Thuế Zakat và WHT có áp dụng cho Tài khoản Roshan Digital không?,Thuế Zakat và WHT trên lợi nhuận không áp dụng cho tài khoản RDA.
Thị trường mục tiêu là gì?,"Cá nhân có giá trị ròng cao (đơn lẻ hoặc chung), Doanh nghiệp Tư nhân, Công ty Hợp danh, Công ty Trách nhiệm hữu hạn Công khai và Tư nhân, Tổ chức Chính phủ, Tập đoàn, Câu lạc bộ, Hội, Hiệp hội, Tổ chức phi chính phủ (NGO)."
Tài khoản Roshan Digital có yêu cầu số dư tối thiểu không?,Không yêu cầu tiền gửi ban đầu. Không yêu cầu số dư tối thiểu.
Những tài liệu nào được yêu cầu để mở Tài khoản Little Champs?,"• Bản sao Giấy khai sinh (Form-B), Giấy khai sinh, hoặc Thẻ học sinh (tùy theo trường hợp) của trẻ vị thành niên
• Bản sao của một trong các giấy tờ tùy thân hợp lệ sau đây của người giám hộ:
  1. Thẻ căn cước công dân điện tử (CNIC) do NADRA cấp
  2. Thẻ căn cước cho người Pakistan ở nước ngoài (NICOP) do NADRA cấp
  3. Thẻ gốc Pakistan (POC) do NADRA cấp
  4. Thẻ đăng ký người nước ngoài (ARC) do Cục Đăng ký Người nước ngoài Quốc gia (NARA), Bộ Nội vụ cấp (chỉ dành cho tài khoản nội tệ)
  5. Hộ chiếu có thị thực hợp lệ, hoặc bất kỳ giấy tờ chứng minh cư trú hợp pháp nào khác kèm theo hộ chiếu (chỉ dành cho cá nhân người nước ngoài)
  6. Nguồn thu nhập của người giám hộ."
Bản chất của hình thức tài trợ được cung cấp theo Tài trợ Doanh nghiệp Ask Fauri là gì?,"AFBF-1: Tài trợ lưu động, AFBF-2: Khoản vay có kỳ hạn, AFBF-3: Thư bảo lãnh, AFBF-4: Thư tín dụng - Trả ngay / Kỳ hạn."
Thời hạn tối đa cho Khoản vay NUST Ujala là bao lâu?,"i. Người vay SE/ME: 05 năm, bao gồm thời gian ân hạn 03 tháng. ii. Trong nước: 05 năm bao gồm thời gian ân hạn 03 tháng. iii. Nhân viên NUST: 10 năm hoặc theo thời gian công tác còn lại (tùy theo điều kiện nào ngắn hơn), bao gồm thời gian ân hạn 03 tháng. iv. Nhà cung cấp/Nhà cung ứng: 05 năm bao gồm thời gian ân hạn 06 tháng."
Tỷ lệ lợi nhuận cho tài khoản tiết kiệm ngoại tệ là bao nhiêu?,"Tỷ lệ lợi nhuận cho USD: 0,0025, GBP: 0,0025, EUR: 0."
Có lợi ích nào khác khi mở Tài khoản Chuyển tiền PakWatan không?,"• Miễn thuế WHT (thuế khấu trừ tại nguồn) khi rút tiền mặt từ các khoản kiều hối nhận được từ nước ngoài. • Khách hàng cũng có thể đủ điều kiện nhận Tài chính Cá nhân, Thẻ Tín dụng và Tài chính Ô tô sau sáu tháng duy trì Tài khoản Chuyển tiền PakWatan, tùy thuộc vào các tiêu chí đủ điều kiện của ngân hàng."
Các khoản phí dịch vụ/tài liệu/pháp lý trong Tài chính Xay xát Bột mì NUST là bao nhiêu?,Theo thực tế.
Thông tin Quan trọng Khác về Các Gói Bảo hiểm Nhân thọ NUST,"• Gói Munafa Mehfooz là gói kỳ hạn 5 năm với mức Phân bổ Cao trong năm đầu tiên và thưởng trung thành trả trước 20% vào năm đầu tiên. • Trong trường hợp chấm dứt hợp đồng Gói Munafa Mehfooz sớm, giá trị khoản thưởng trung thành trả trước sẽ được khấu trừ khỏi giá trị tiền mặt của hợp đồng. • Trong trường hợp tử vong, Giá trị Tiền mặt hoặc Số tiền Bảo đảm (tùy theo giá trị nào cao hơn) sẽ được thanh toán cho người được chỉ định. • Có các chế độ Thanh toán Phí Bảo hiểm Hàng năm / Nửa năm / Theo quý tùy theo sự thuận tiện của khách hàng. • Tăng trưởng của hợp đồng phụ thuộc vào tăng trưởng của Quỹ Tương hỗ Liên kết. • Các Khiếu nại Tử vong sẽ được NUST Life xử lý, với điều kiện hoàn tất các tài liệu cần thiết và đủ điều kiện nếu trạng thái hợp đồng chỉ ở chế độ Đang hiệu lực/Đã phục hồi."
Có độ tuổi tối thiểu nào để được tài trợ tại NUST Ujala Finance không?,Tài trợ SE/ME: Từ 25-55 tuổi tại thời điểm nộp đơn. (Một thành viên/giám đốc bất kỳ phải đáp ứng tiêu chí về tuổi). Nhà cung cấp/Nhà bán lẻ: Từ 25-55 tuổi tại thời điểm nộp đơn. (Một thành viên/giám đốc bất kỳ phải đáp ứng tiêu chí về tuổi). Tài trợ cho Nhân viên NUST: Không giới hạn độ tuổi. Tài trợ cho Ứng viên Nội địa: Từ 25-55 tuổi tại thời điểm nộp đơn. (Một người vay hoặc người đồng vay bất kỳ phải đáp ứng tiêu chí)
Thời gian xử lý hồ sơ vay vốn là bao lâu?,"Thời gian xử lý để phê duyệt khoản vay là khoảng 11 ngày làm việc, tùy thuộc vào việc hồ sơ ứng viên có đầy đủ các tài liệu/thủ tục theo yêu cầu hay không."
NUST Sahar Finance có thể được sử dụng cho những mục đích nào?,"i. Mở rộng kinh doanh hiện có ii. Thành lập doanh nghiệp mới iii. Mua cổ phiếu/ Nhu cầu vốn lưu động, v.v."
Độ tuổi tối thiểu để đăng ký Thẻ tín dụng NUST Mastercard là bao nhiêu?,"Tối thiểu 21 tuổi và là cư dân Pakistan, có thể đăng ký Thẻ tín dụng NUST MasterCard."
Các tính năng chính của Tài khoản Tiết kiệm NUST Maximiser là gì?,"- Chi trả lợi nhuận hấp dẫn theo cơ sở hàng tháng, hàng quý, nửa năm và hàng năm. - Yêu cầu số dư trung bình tối thiểu hàng tháng là 100.000 Rs. - Phát hành Thẻ ghi nợ dựa trên chip và Sổ séc theo SOC hiện hành."
Thông tin Quan trọng Khác về Các Gói Bảo hiểm Nhân thọ NUST,"• Gói Munafa Mehfooz là gói kỳ hạn 5 năm với mức phân bổ cao trong năm đầu tiên và thưởng trung thành trả trước 20% vào năm đầu tiên. • Trong trường hợp chấm dứt Gói Munafa Mehfooz sớm, giá trị khoản thưởng trung thành trả trước sẽ được khấu trừ khỏi giá trị tiền mặt của hợp đồng. • Trong trường hợp tử vong, Giá trị Tiền mặt hoặc Số tiền Bảo đảm (tùy theo giá trị nào cao hơn) sẽ được thanh toán cho người được chỉ định. • Các chế độ Thanh toán Phí Bảo hiểm Hàng năm / Nửa năm / Quý có sẵn theo sự thuận tiện của khách hàng. • Tăng trưởng của hợp đồng phụ thuộc vào tăng trưởng của Quỹ Tương hỗ Liên kết. • Các Khiếu nại Tử vong sẽ được NUST Life xử lý, với điều kiện hoàn tất các tài liệu cần thiết và đủ điều kiện nếu tình trạng hợp đồng chỉ ở trạng thái Đang hiệu lực/Đã phục hồi."
Tôi có thể theo dõi tình trạng chuyển tiền trực tuyến không?,"Có, bạn có thể xem tình trạng chuyển tiền của mình trực tuyến thông qua Công cụ Theo dõi Chuyển tiền NUST bằng liên kết sau https://NUSTbank.com/services/alternate-delivery-channels/home-remittance-tracking/"
Tần suất trả nợ tại NUST Imarat Finance là gì?,Hàng tháng/Hàng quý.
Tài khoản Chuyển tiền Kỹ thuật số Asaan của NUST là gì?,"Tài khoản Chuyển tiền Kỹ thuật số Asaan của NUST là một tài khoản chuyên biệt được thiết kế để hỗ trợ việc nhận và chuyển tiền kiều hối kỹ thuật số, mang lại giao dịch liền mạch và truy cập dễ dàng."
Có yêu cầu về thời gian hoạt động tối thiểu của doanh nghiệp không?,Doanh nghiệp hiện hữu phải là doanh nghiệp do phụ nữ làm chủ với thời gian đăng ký kinh doanh tối thiểu 01 năm. Doanh nghiệp mới thành lập: Không yêu cầu.
Tài khoản NUST Maximiser là gì?,"Tài khoản NUST Maximiser là một tài khoản tiền gửi mang lại lợi nhuận cao hơn với tính linh hoạt trong việc truy cập dễ dàng vào các khoản tiền, nhằm mục đích tối đa hóa tiết kiệm cho chủ tài khoản."
Tỷ lệ lợi nhuận cho Tài khoản Tiết kiệm NUST là bao nhiêu?,"Thanh toán lợi nhuận: Hàng tháng. Tỷ lệ lợi nhuận: 0,19."
Hạn mức cho vay của Tài chính NUST Sahar là gì?,Kinh doanh mới: Khoản vay tối đa 3.00 triệu Rs. Kinh doanh hiện có: Khoản vay tối đa 5.00 triệu Rs.
Phí xử lý cho PMYB & ALS là bao nhiêu?,100 Rs
Thị trường mục tiêu là gì?,"Cá nhân (đơn lẻ hoặc chung). Hộ kinh doanh cá thể. Công ty hợp danh. Công ty trách nhiệm hữu hạn công khai và tư nhân. Tổ chức Chính phủ, Tập đoàn. Câu lạc bộ, Hội, Hiệp hội. Tổ chức phi chính phủ (NGO)/Tổ chức phi lợi nhuận (NPO)/Tổ chức từ thiện."
Có bất kỳ khoản phí ẩn nào không?,"Không có bất kỳ khoản phí ẩn nào. Tất cả các khoản phí đều được nêu rõ trong Biểu phí của chúng tôi, có sẵn trên trang web và tại tất cả các chi nhánh của Ngân hàng NUST."
Tỷ lệ đánh dấu hiện tại của Tài chính NUST Imarat là bao nhiêu?,Doanh nghiệp vừa và nhỏ (SME) thông thường: Tỷ lệ cho người dùng cuối: 12MK+4% mỗi năm (được xem xét hàng năm). Doanh nghiệp vừa và nhỏ (SME) được Hỗ trợ bởi Lực lượng Vũ trang: Tỷ lệ cho người dùng cuối: 12MK+2.5% mỗi năm (được xem xét hàng năm).
Có bao nhiêu Kế hoạch Bảo hiểm EFU có sẵn?,"o Kế hoạch Tiết kiệm và Bảo vệ EFU – Kế hoạch Bảo vệ Trọn đời và Tiết kiệm – 18K
o Kế hoạch Giáo dục và Hôn nhân EFU – Kế hoạch Thời hạn Có hạn (Quyền lợi Tiếp tục) – 18K
o Kế hoạch Hưu trí EFU – Tiết kiệm & Bảo vệ – 18K
o Kế hoạch Phí bảo hiểm Đơn lần EFU – Kế hoạch Đầu tư Phí bảo hiểm Một lần – 100K
o Kế hoạch Tăng trưởng Mạnh mẽ EFU – Kế hoạch Đầu tư & Tiết kiệm với Phân bổ Cao – 250K"
Ngân hàng NUST có cung cấp tài khoản nào mang lại lợi nhuận hấp dẫn cho khoản tiết kiệm của tôi không?,Tài khoản Tiền gửi Đặc biệt NUST (ASDA) được thiết kế đặc biệt cho khách hàng có số dư lớn để đáp ứng nhu cầu giao dịch và tiết kiệm của họ.
Các khoản phí dịch vụ/tài liệu/pháp lý trong Ask Fauri Business Finance là gì?,Theo thực tế.
"Tôi muốn mở tài khoản cùng con trai, ngân hàng có sản phẩm nào dành cho trẻ em không?","Có, sản phẩm của chúng tôi là Tài Khoản Little Champs. Tài khoản này được thiết kế đặc biệt dành cho trẻ vị thành niên (dưới 18 tuổi). Trẻ em cần sự hỗ trợ của cha mẹ hoặc người giám hộ hợp pháp để mở tài khoản này và sử dụng các tiện ích đi kèm. Little Champs sẽ được nhận Thẻ Ghi nợ và sổ séc, miễn phí cho lần đầu tiên."
Các loại phương tiện nào được cung cấp theo Tài chính Ô tô NUST?,• Xe lắp ráp/sản xuất trong nước. • Xe mới/xe đã qua sử dụng. • Xe thương mại hoặc xe sử dụng cho mục đích thương mại không được tài trợ.
Thời hạn tài chính là bao lâu?,Thẻ tín dụng NUST là một dịch vụ thường trực và có thể gia hạn sau khi thẻ tín dụng hết hạn.
Bancassurance được cung cấp bởi ba công ty cung cấp bảo hiểm sau:,· Công ty TNHH Bảo hiểm Nhân thọ NUST · Công ty TNHH Bảo hiểm Nhân thọ EFU · Công ty TNHH Bảo hiểm Nhân thọ Jubilee
PMYB & ALS được cung cấp cho những mục đích nào?,• Để bắt đầu kinh doanh mới • Để mở rộng kinh doanh hiện có
Độ tuổi tối thiểu để đăng ký Tài chính Thế chấp NUST là bao nhiêu?,"Người hưởng lương: 21 tuổi, Tự kinh doanh/Chuyên gia tự do: 23 tuổi."
Tiêu chí thu nhập tối thiểu hàng tháng là gì?,"Người hưởng lương: Cố định 50.000 Rs/-, Hợp đồng 60.000 Rs/-, Nhân viên Chính phủ Hợp đồng 75.000 Rs/-; Lực lượng Vũ trang: 25.000 Rs/-."
Tôi nhận được những lợi ích nào khác khi sử dụng VPBA?,Xử lý Tài trợ nhanh chóng. Giải pháp Xử lý Lương được Tùy chỉnh & Quản lý Tiền mặt (ACMS). Bảo hiểm Rút Tiền Mặt ATM.
Tỷ lệ Mark-up hiện tại của Tài chính Nhà máy Bột mì NUST là bao nhiêu?,"Tài chính Tiền mặt: KIBOR trung bình 3 tháng + 3% mỗi năm. Tài chính Hoạt động: KIBOR trung bình 3 tháng + 3,5% mỗi năm (Được xem xét/điều chỉnh hàng quý)."
Ai có thể đăng ký Tài chính Cá nhân NUST?,"1. Sĩ quan Lực lượng Vũ trang: Nhân viên đang tại ngũ, nhân viên đã nghỉ hưu. 2. Hạ sĩ quan/Cấp bậc tương đương & Thấp hơn: Nhân viên đang tại ngũ, nhân viên đã nghỉ hưu. 3. Lực lượng Vũ trang Đồng minh (SPD & các đơn vị liên kết) và Dân sự (tại GHQ/NHQ & AHQ): Nhân viên đang làm việc (Nhân viên Biên chế & Hợp đồng). 4. Tập đoàn Fauji Foundation: Nhân viên biên chế, nhân viên hợp đồng. 5. Cá nhân hưởng lương: Nhân viên biên chế, nhân viên hợp đồng. 6. Cơ quan Chính phủ / Bán Chính phủ / Tự chủ: Nhân viên biên chế, nhân viên hợp đồng, nhân viên đã nghỉ hưu. 7. Nhân viên NUST (được quản lý theo Chính sách Nhân sự)."
NUST Sahar Finance có thể được sử dụng cho những mục đích nào?,"i. Mở rộng kinh doanh hiện có ii. Thành lập doanh nghiệp mới iii. Mua cổ phiếu/ Nhu cầu vốn lưu động, v.v."
Có giới hạn nào về số tiền nhận được thông qua Dịch vụ Chuyển tiền Quốc tế của NUST không?,"Dưới đây là các giới hạn áp dụng:
• Tài khoản NUST - Không giới hạn
• Tài khoản ngân hàng khác - Không giới hạn
• Giao dịch Rút tiền mặt tại quầy (CoC) - Tối đa 1.000.000 PKR cho mỗi giao dịch và không giới hạn số lượng giao dịch Western Union COC"
Tôi nhận được những lợi ích nào khác khi sử dụng VPBA?,Xử lý Tài trợ nhanh chóng. Giải pháp Xử lý Lương được Tùy chỉnh & Quản lý Tiền mặt (ACMS). Bảo hiểm Rút Tiền Mặt ATM.
Tài khoản Tiền gửi Đặc biệt NUST (NSDA) là gì?,"Tài khoản Tiền gửi Đặc biệt NUST (NSDA) là một tài khoản tiết kiệm cung cấp các lợi ích đặc biệt, với lãi suất cạnh tranh và kỳ hạn linh hoạt được thiết kế để đáp ứng các mục tiêu tài chính cụ thể của khách hàng."
Tôi có thể mua hợp đồng Bancassurance từ tài khoản của mình được duy trì tại Ngân hàng NUST không?,"Có, mọi khách hàng đủ 18 tuổi và có tài khoản tại Ngân hàng NUST đều đủ điều kiện để mua hợp đồng Bancassurance từ tài khoản của họ."
Các tính năng chính của Chính sách Bảo hiểm Nhân thọ NUST Life Bancassurance là gì?,"• Bảo vệ Gia đình ngắn hạn và Tiết kiệm dài hạn. • Số tiền Bảo hiểm Tối thiểu = 18.000, Không có Giới hạn Tối đa đối với gói Munafa Mehfooz, Phí Bảo hiểm Tối thiểu = 50.000. • Thời hạn Tối thiểu & Tối đa của Gói NUST Life Munafa Mehfooz = 5 Năm. • Thời hạn Chính sách Tối thiểu của Gói NUST Life Value = 10 Năm. • Các quyền lợi bổ sung cũng có sẵn với chi phí (Sản phẩm bổ trợ và bảo hiểm tử kỳ bổ sung). • NUST Life cung cấp các gói khác nhau cho khách hàng theo nhu cầu và yêu cầu."
Loại tài khoản của Tài khoản Số Asaan NUST là gì? Là tài khoản Vãng lai hay Tiết kiệm?,Tài khoản Số Asaan NUST là một Tài khoản Vãng lai bằng đồng tiền PKR.
Người Pakistan ở nước ngoài có thể nhận được dịch vụ Tài chính Nhà ở từ NUST không?,"Có. Tuy nhiên, họ có thể đăng ký với tư cách là Người vay cùng với thu nhập có thể xác minh được. Người vay chính từ Pakistan cũng phải đáp ứng các tiêu chí cơ bản bắt buộc cho MF."
Các dịch vụ miễn phí được cung cấp trên Tài khoản Tiết kiệm NUST Sahar là gì?,"Phát hành Thẻ Ghi nợ đầu tiên, Cảnh báo SMS cho Giao dịch Kỹ thuật số, Ngân hàng I-Net, Chuyển Khoản Nội bộ trong NUST qua chi nhánh (Chuyển khoản Trực tuyến), Rút/Gửi Tiền Mặt Trực tuyến Liên chi nhánh (Trực tuyến), Dịch vụ Sao kê Điện tử, Giao thẻ ghi nợ và séc đến địa chỉ khách hàng & kích hoạt qua Trung tâm Liên hệ. Các khoản phí phát sinh/Phí hàng năm sau đó sẽ theo Biểu phí hiện hành."
Có độ tuổi tối thiểu nào để được hỗ trợ tài chính tại NUST Imarat Finance không?,"Kinh doanh mới: Tối thiểu 30 tuổi tại thời điểm nộp đơn, tuy nhiên độ tuổi không được vượt quá 60 tuổi khi khoản vay đáo hạn. Kinh doanh hiện có: Tối thiểu 30 tuổi tại thời điểm nộp đơn, tuy nhiên độ tuổi không được vượt quá 65 tuổi khi khoản vay đáo hạn."
Có cho phép ghi có nội địa trong Tài khoản Chuyển tiền PakWatan không?,Ghi có nội địa cũng được cho phép trong Tài khoản Chuyển tiền PakWatan.
Các Thông Tin Quan Trọng Khác về Kế hoạch Bảo hiểm Nhân thọ Jubilee,"- Chỉ có Kế hoạch Giáo dục và Hôn nhân là các kế hoạch Có thời hạn với Quyền lợi Tiếp tục (trong trường hợp tử vong, khoản thanh toán sẽ được thực hiện khi đáo hạn).
- Trong trường hợp tử vong, Giá trị Tiền mặt hoặc Số tiền Bảo đảm, tùy theo giá trị nào cao hơn, sẽ được chi trả.
- Các chế độ Thanh toán Phí định kỳ Hàng năm / Nửa năm / Quý có sẵn theo sự thuận tiện của khách hàng.
- Sự tăng trưởng của hợp đồng phụ thuộc vào mức tăng trưởng giá thị trường của các đơn vị Quỹ tương hỗ liên kết (Nhiều lựa chọn quỹ có sẵn từ JLI).
- Các khiếu nại tử vong sẽ được Jubilee Life xử lý, với điều kiện hoàn tất các tài liệu yêu cầu và hợp đồng phải ở trạng thái Đang hoạt động, Đang hiệu lực hoặc Đã phục hồi hiệu lực."
Thời gian xử lý hồ sơ là bao lâu?,"Thời gian xử lý của Mortgage Finance là 30 ngày kể từ khi đăng nhập cho đến khi được chấp thuận, với điều kiện hồ sơ đầy đủ và kèm theo các tài liệu cần thiết."
Yêu cầu số dư tối thiểu cho Tài khoản Tiền gửi Đặc biệt của NUST là gì?,Không yêu cầu số dư trung bình tối thiểu hàng tháng. Không yêu cầu số dư mở tài khoản tối thiểu.
Giờ làm việc ngân hàng của NUST để sử dụng dịch vụ chuyển tiền kiều hối từ các chi nhánh NUST là khi nào?,"Khách hàng có thể sử dụng dịch vụ chuyển tiền kiều hối từ các chi nhánh nội địa của NUST trong giờ làm việc thông thường:
• Thứ Hai đến Thứ Năm: 09:00 sáng đến 05:00 chiều
• Thứ Sáu: 09:00 sáng đến 05:30 chiều
• Thứ Bảy: 09:00 sáng đến 01:30 chiều (thông qua các chi nhánh được chọn)"
Có bất kỳ khoản phí thanh lý hợp đồng trước hạn / phí trả trước một phần lớn không?,Không.
Người nộp đơn có thể vay tín chấp tại NUST Sahar Finance không?,Có thể vay tối đa 0.70 triệu Rupee với sự bảo lãnh của cá nhân và bên thứ ba.
Tôi có thể mua bảo hiểm Bancassurance từ tài khoản của mình tại Ngân hàng NUST không?,"Có, mọi khách hàng đủ 18 tuổi và có tài khoản tại Ngân hàng NUST đều đủ điều kiện mua bảo hiểm Bancassurance từ tài khoản của mình."
Ai có thể mở Tài khoản Chuyển tiền Pak Wattan?,Người nhận chuyển tiền hợp pháp (PRI) có thể mở tài khoản này.
Các dịch vụ miễn phí được cung cấp trên Tài khoản Vãng lai NUST Sahar Asaan là gì?,"Gửi/Rút tiền mặt trực tuyến miễn phí liên chi nhánh (Trực tuyến), Chuyển khoản nội bộ miễn phí trong NUST qua chi nhánh (Chuyển khoản trực tuyến), Phát hành Séc Ngân hàng miễn phí, Ngân hàng trực tuyến I-Net miễn phí, Bảng sao kê điện tử miễn phí, Cảnh báo SMS miễn phí cho các giao dịch kỹ thuật số."
Điều gì xảy ra nếu tôi không thực hiện được nghĩa vụ thanh toán?,"Trong trường hợp quá hạn/vi phạm thanh toán, bộ phận thu hồi nợ của NUST sẽ liên hệ với bạn, thông tin khoản vay của bạn sẽ được báo cáo cho Cục Tín dụng. Phí thanh toán chậm sẽ được áp dụng theo biểu phí hiện hành. Ngân hàng cũng có thể khởi kiện pháp lý."
Tài khoản Chia sẻ Lợi nhuận và Thua lỗ (PLS) là gì?,"Tài khoản Chia sẻ Lợi nhuận và Thua lỗ (PLS) là một loại tài khoản ngân hàng Hồi giáo, trong đó lợi nhuận và thua lỗ được chia sẻ giữa ngân hàng và chủ tài khoản dựa trên thỏa thuận đã được thiết lập."
Thị trường mục tiêu là gì?,Thị trường mục tiêu cho Tài khoản Chuyển tiền Kỹ thuật số NUST Asaan bao gồm các cá nhân - người thụ hưởng (gia đình) của những người Pakistan đang làm việc ở nước ngoài.
Vui lòng cho tôi biết về việc thanh toán và tính toán lợi nhuận?,Tần suất thanh toán lợi nhuận: Hàng tháng. Tính toán lợi nhuận: Số dư trung bình hàng tháng.
Mục đích nào mà Tài chính Xay xát Bột mì NUST được cung cấp?,"Tài chính Tiền mặt (CF) để đáp ứng nhu cầu vốn lưu động của hoạt động kinh doanh xay xát bột mì cho việc mua sắm lúa mì theo công suất xay xát. Tài chính Hoạt động (RF) để đáp ứng nhu cầu vốn lưu động như vận chuyển, lương & tiền lương, tiện ích và các chi phí hành chính khác (Việc mua sắm lúa mì thông qua quỹ RF bị hạn chế)."
Tài sản đảm bảo cho khoản vay là gì?,Xe ô tô được tài trợ sẽ là tài sản đảm bảo cho khoản vay và sẽ được thế chấp cho Ngân hàng NUST.
Các tiện ích miễn phí được cung cấp cùng với Tài khoản Vãng lai NUST Value Plus là gì?,Sổ Séc (không giới hạn). Thẻ Ghi nợ (Chiếc đầu tiên được miễn phí). 2 Thẻ Ghi nợ Bổ sung. Sao kê Tài khoản trùng lặp. Tiện ích Chuyển tiền Trực tuyến. Tiện ích cảnh báo SMS miễn phí cho Giao dịch Kỹ thuật số. Sao kê Điện tử & Ngân hàng Trực tuyến miễn phí. Gửi/Rút tiền Mặt Trực tuyến Liên chi nhánh miễn phí (Trực tuyến). Chuyển khoản Nội bộ miễn phí trong NUST qua chi nhánh (Chuyển khoản Trực tuyến). Phát hành Séc Ngân hàng miễn phí.
Có độ tuổi tối thiểu để được hỗ trợ tài chính tại NUST Imarat Finance không?,"Kinh doanh mới: Tối thiểu 30 tuổi tại thời điểm nộp đơn, tuy nhiên độ tuổi không được vượt quá 60 tuổi khi khoản vay đáo hạn. Kinh doanh hiện có: Tối thiểu 30 tuổi tại thời điểm nộp đơn, tuy nhiên độ tuổi không được vượt quá 65 tuổi khi khoản vay đáo hạn."
Các tiện ích miễn phí được cung cấp với Tài khoản Vãng lai NUST Value Plus là gì?,Sổ Séc (không giới hạn). Thẻ Ghi nợ (Chiếc đầu tiên được miễn phí). 2 Thẻ Ghi nợ bổ sung. Sao kê Tài khoản trùng lặp. Tiện ích Chuyển tiền Trực tuyến. Tiện ích cảnh báo SMS miễn phí cho Giao dịch Kỹ thuật số. Sao kê Điện tử & Ngân hàng Trực tuyến I-Net miễn phí. Gửi tiền/Rút tiền Mặt Trực tuyến Liên chi nhánh Miễn phí (Trực tuyến). Chuyển khoản Nội bộ Miễn phí trong NUST qua chi nhánh (Chuyển khoản Trực tuyến). Phát hành Séc Ngân hàng Miễn phí.
